{
    "ChampionName": {
        "lower": "aatrox", 
        "pretty": "Aatrox"
    }, 
    "WeakAgainst": [
        {
            "champName": "Jax", 
            "downvotes": "2631", 
            "upvotes": "11079"
        }, 
        {
            "champName": "Fiora", 
            "downvotes": "799", 
            "upvotes": "1934"
        }, 
        {
            "champName": "LeBlanc", 
            "downvotes": "27", 
            "upvotes": "151"
        }, 
        {
            "champName": "Teemo", 
            "downvotes": "1059", 
            "upvotes": "2276"
        }, 
        {
            "champName": "Riven", 
            "downvotes": "1274", 
            "upvotes": "2714"
        }, 
        {
            "champName": "Pantheon", 
            "downvotes": "630", 
            "upvotes": "1370"
        }, 
        {
            "champName": "Kayle", 
            "downvotes": "7", 
            "upvotes": "95"
        }, 
        {
            "champName": "Pantheon", 
            "downvotes": "16", 
            "upvotes": "113"
        }, 
        {
            "champName": "Fizz", 
            "downvotes": "212", 
            "upvotes": "508"
        }, 
        {
            "champName": "Yasuo", 
            "downvotes": "69", 
            "upvotes": "218"
        }
    ], 
    "StrongAgainst": [
        {
            "champName": "Yasuo", 
            "downvotes": "226", 
            "upvotes": "661"
        }, 
        {
            "champName": "Dr. Mundo", 
            "downvotes": "90", 
            "upvotes": "288"
        }, 
        {
            "champName": "Jinx", 
            "downvotes": "128", 
            "upvotes": "349"
        }, 
        {
            "champName": "Darius", 
            "downvotes": "1598", 
            "upvotes": "3241"
        }, 
        {
            "champName": "Nasus", 
            "downvotes": "133", 
            "upvotes": "336"
        }, 
        {
            "champName": "Katarina", 
            "downvotes": "243", 
            "upvotes": "541"
        }, 
        {
            "champName": "Ryze", 
            "downvotes": "78", 
            "upvotes": "220"
        }, 
        {
            "champName": "Kha'Zix", 
            "downvotes": "129", 
            "upvotes": "308"
        }, 
        {
            "champName": "Akali", 
            "downvotes": "221", 
            "upvotes": "475"
        }, 
        {
            "champName": "Zed", 
            "downvotes": "503", 
            "upvotes": "988"
        }
    ], 
    "ChampionImageLocation": "http://www.solomid.net/guide/champ/aatrox.png", 
    "GoodWith": [
        {
            "champName": "Yasuo", 
            "downvotes": "75", 
            "upvotes": "447"
        }, 
        {
            "champName": "Darius", 
            "downvotes": "19", 
            "upvotes": "129"
        }, 
        {
            "champName": "Caitlyn", 
            "downvotes": "27", 
            "upvotes": "152"
        }, 
        {
            "champName": "Jinx", 
            "downvotes": "11", 
            "upvotes": "96"
        }, 
        {
            "champName": "Akali", 
            "downvotes": "26", 
            "upvotes": "124"
        }, 
        {
            "champName": "Ezreal", 
            "downvotes": "43", 
            "upvotes": "161"
        }, 
        {
            "champName": "Varus", 
            "downvotes": "16", 
            "upvotes": "87"
        }, 
        {
            "champName": "Thresh", 
            "downvotes": "16", 
            "upvotes": "86"
        }, 
        {
            "champName": "Teemo", 
            "downvotes": "25", 
            "upvotes": "106"
        }, 
        {
            "champName": "Corki", 
            "downvotes": "2", 
            "upvotes": "50"
        }
    ]
}