{
    "ChampionName": {
        "lower": "aatrox", 
        "pretty": "Aatrox"
    }, 
    "WeakAgainst": [
        {
            "champName": "Jax", 
            "downvotes": "2637", 
            "upvotes": "11097"
        }, 
        {
            "champName": "Fiora", 
            "downvotes": "800", 
            "upvotes": "1936"
        }, 
        {
            "champName": "LeBlanc", 
            "downvotes": "27", 
            "upvotes": "153"
        }, 
        {
            "champName": "Teemo", 
            "downvotes": "1060", 
            "upvotes": "2277"
        }, 
        {
            "champName": "Riven", 
            "downvotes": "1275", 
            "upvotes": "2716"
        }, 
        {
            "champName": "Pantheon", 
            "downvotes": "630", 
            "upvotes": "1370"
        }, 
        {
            "champName": "Kayle", 
            "downvotes": "8", 
            "upvotes": "98"
        }, 
        {
            "champName": "Yasuo", 
            "downvotes": "68", 
            "upvotes": "220"
        }, 
        {
            "champName": "Pantheon", 
            "downvotes": "16", 
            "upvotes": "113"
        }, 
        {
            "champName": "Fizz", 
            "downvotes": "212", 
            "upvotes": "508"
        }
    ], 
    "StrongAgainst": [
        {
            "champName": "Yasuo", 
            "downvotes": "227", 
            "upvotes": "663"
        }, 
        {
            "champName": "Dr. Mundo", 
            "downvotes": "91", 
            "upvotes": "289"
        }, 
        {
            "champName": "Jinx", 
            "downvotes": "129", 
            "upvotes": "350"
        }, 
        {
            "champName": "Darius", 
            "downvotes": "1601", 
            "upvotes": "3246"
        }, 
        {
            "champName": "Nasus", 
            "downvotes": "134", 
            "upvotes": "336"
        }, 
        {
            "champName": "Katarina", 
            "downvotes": "246", 
            "upvotes": "540"
        }, 
        {
            "champName": "Ryze", 
            "downvotes": "79", 
            "upvotes": "222"
        }, 
        {
            "champName": "Akali", 
            "downvotes": "221", 
            "upvotes": "477"
        }, 
        {
            "champName": "Zed", 
            "downvotes": "503", 
            "upvotes": "992"
        }, 
        {
            "champName": "Kha'Zix", 
            "downvotes": "131", 
            "upvotes": "310"
        }
    ], 
    "ChampionImageLocation": "http://www.solomid.net/guide/champ/aatrox.png", 
    "GoodWith": [
        {
            "champName": "Yasuo", 
            "downvotes": "76", 
            "upvotes": "448"
        }, 
        {
            "champName": "Darius", 
            "downvotes": "19", 
            "upvotes": "130"
        }, 
        {
            "champName": "Caitlyn", 
            "downvotes": "27", 
            "upvotes": "152"
        }, 
        {
            "champName": "Jinx", 
            "downvotes": "11", 
            "upvotes": "96"
        }, 
        {
            "champName": "Akali", 
            "downvotes": "25", 
            "upvotes": "125"
        }, 
        {
            "champName": "Varus", 
            "downvotes": "14", 
            "upvotes": "89"
        }, 
        {
            "champName": "Ezreal", 
            "downvotes": "43", 
            "upvotes": "161"
        }, 
        {
            "champName": "Teemo", 
            "downvotes": "24", 
            "upvotes": "107"
        }, 
        {
            "champName": "Thresh", 
            "downvotes": "16", 
            "upvotes": "86"
        }, 
        {
            "champName": "Corki", 
            "downvotes": "2", 
            "upvotes": "50"
        }
    ]
}