{
    "ChampionName": {
        "lower": "aatrox", 
        "pretty": "Aatrox"
    }, 
    "WeakAgainst": [
        {
            "champName": "Jax", 
            "downvotes": "2627", 
            "upvotes": "11063"
        }, 
        {
            "champName": "Fiora", 
            "downvotes": "800", 
            "upvotes": "1929"
        }, 
        {
            "champName": "LeBlanc", 
            "downvotes": "27", 
            "upvotes": "149"
        }, 
        {
            "champName": "Teemo", 
            "downvotes": "1058", 
            "upvotes": "2275"
        }, 
        {
            "champName": "Riven", 
            "downvotes": "1270", 
            "upvotes": "2710"
        }, 
        {
            "champName": "Pantheon", 
            "downvotes": "630", 
            "upvotes": "1370"
        }, 
        {
            "champName": "Yasuo", 
            "downvotes": "67", 
            "upvotes": "217"
        }, 
        {
            "champName": "Fizz", 
            "downvotes": "212", 
            "upvotes": "508"
        }, 
        {
            "champName": "Pantheon", 
            "downvotes": "16", 
            "upvotes": "112"
        }, 
        {
            "champName": "Kayle", 
            "downvotes": "7", 
            "upvotes": "93"
        }
    ], 
    "StrongAgainst": [
        {
            "champName": "Yasuo", 
            "downvotes": "227", 
            "upvotes": "656"
        }, 
        {
            "champName": "Dr. Mundo", 
            "downvotes": "90", 
            "upvotes": "287"
        }, 
        {
            "champName": "Jinx", 
            "downvotes": "128", 
            "upvotes": "347"
        }, 
        {
            "champName": "Darius", 
            "downvotes": "1593", 
            "upvotes": "3232"
        }, 
        {
            "champName": "Nasus", 
            "downvotes": "133", 
            "upvotes": "335"
        }, 
        {
            "champName": "Katarina", 
            "downvotes": "242", 
            "upvotes": "541"
        }, 
        {
            "champName": "Ryze", 
            "downvotes": "78", 
            "upvotes": "219"
        }, 
        {
            "champName": "Zed", 
            "downvotes": "501", 
            "upvotes": "985"
        }, 
        {
            "champName": "Akali", 
            "downvotes": "221", 
            "upvotes": "474"
        }, 
        {
            "champName": "Kassadin", 
            "downvotes": "263", 
            "upvotes": "549"
        }
    ], 
    "ChampionImageLocation": "http://www.solomid.net/guide/champ/aatrox.png", 
    "GoodWith": [
        {
            "champName": "Yasuo", 
            "downvotes": "75", 
            "upvotes": "443"
        }, 
        {
            "champName": "Caitlyn", 
            "downvotes": "25", 
            "upvotes": "151"
        }, 
        {
            "champName": "Darius", 
            "downvotes": "19", 
            "upvotes": "128"
        }, 
        {
            "champName": "Jinx", 
            "downvotes": "11", 
            "upvotes": "96"
        }, 
        {
            "champName": "Akali", 
            "downvotes": "25", 
            "upvotes": "125"
        }, 
        {
            "champName": "Ezreal", 
            "downvotes": "43", 
            "upvotes": "160"
        }, 
        {
            "champName": "Teemo", 
            "downvotes": "24", 
            "upvotes": "107"
        }, 
        {
            "champName": "Varus", 
            "downvotes": "16", 
            "upvotes": "87"
        }, 
        {
            "champName": "Thresh", 
            "downvotes": "16", 
            "upvotes": "86"
        }, 
        {
            "champName": "Leona", 
            "downvotes": "13", 
            "upvotes": "77"
        }
    ]
}