{
    "ChampionName": {
        "lower": "ahri", 
        "pretty": "Ahri"
    }, 
    "WeakAgainst": [
        {
            "champName": "LeBlanc", 
            "downvotes": "3495", 
            "upvotes": "11004"
        }, 
        {
            "champName": "Talon", 
            "downvotes": "1289", 
            "upvotes": "3108"
        }, 
        {
            "champName": "Swain", 
            "downvotes": "931", 
            "upvotes": "2123"
        }, 
        {
            "champName": "Annie", 
            "downvotes": "2116", 
            "upvotes": "4201"
        }, 
        {
            "champName": "Kassadin", 
            "downvotes": "1728", 
            "upvotes": "3407"
        }, 
        {
            "champName": "Diana", 
            "downvotes": "1110", 
            "upvotes": "2184"
        }, 
        {
            "champName": "Yasuo", 
            "downvotes": "291", 
            "upvotes": "623"
        }, 
        {
            "champName": "Fizz", 
            "downvotes": "1127", 
            "upvotes": "2164"
        }, 
        {
            "champName": "Malzahar", 
            "downvotes": "705", 
            "upvotes": "1370"
        }, 
        {
            "champName": "Akali", 
            "downvotes": "1347", 
            "upvotes": "2505"
        }
    ], 
    "StrongAgainst": [
        {
            "champName": "Karthus", 
            "downvotes": "704", 
            "upvotes": "1949"
        }, 
        {
            "champName": "Vel'Koz", 
            "downvotes": "168", 
            "upvotes": "544"
        }, 
        {
            "champName": "Xerath", 
            "downvotes": "1516", 
            "upvotes": "3191"
        }, 
        {
            "champName": "Katarina", 
            "downvotes": "833", 
            "upvotes": "1564"
        }, 
        {
            "champName": "Twisted Fate", 
            "downvotes": "1036", 
            "upvotes": "1915"
        }, 
        {
            "champName": "Aatrox", 
            "downvotes": "335", 
            "upvotes": "648"
        }, 
        {
            "champName": "Zed", 
            "downvotes": "366", 
            "upvotes": "698"
        }, 
        {
            "champName": "Teemo", 
            "downvotes": "496", 
            "upvotes": "900"
        }, 
        {
            "champName": "Fizz", 
            "downvotes": "331", 
            "upvotes": "617"
        }, 
        {
            "champName": "Jax", 
            "downvotes": "161", 
            "upvotes": "332"
        }
    ], 
    "ChampionImageLocation": "http://www.solomid.net/guide/champ/ahri.png", 
    "GoodWith": [
        {
            "champName": "Vayne", 
            "downvotes": "26", 
            "upvotes": "134"
        }, 
        {
            "champName": "Caitlyn", 
            "downvotes": "26", 
            "upvotes": "116"
        }, 
        {
            "champName": "Draven", 
            "downvotes": "26", 
            "upvotes": "96"
        }, 
        {
            "champName": "Leona", 
            "downvotes": "32", 
            "upvotes": "104"
        }, 
        {
            "champName": "Blitzcrank", 
            "downvotes": "64", 
            "upvotes": "162"
        }, 
        {
            "champName": "Katarina", 
            "downvotes": "31", 
            "upvotes": "98"
        }, 
        {
            "champName": "Alistar", 
            "downvotes": "17", 
            "upvotes": "70"
        }, 
        {
            "champName": "Varus", 
            "downvotes": "17", 
            "upvotes": "67"
        }, 
        {
            "champName": "Jayce", 
            "downvotes": "23", 
            "upvotes": "75"
        }, 
        {
            "champName": "Jax", 
            "downvotes": "902", 
            "upvotes": "1575"
        }
    ]
}