{
    "ChampionName": {
        "lower": "ahri", 
        "pretty": "Ahri"
    }, 
    "WeakAgainst": [
        {
            "champName": "LeBlanc", 
            "downvotes": "3506", 
            "upvotes": "11055"
        }, 
        {
            "champName": "Talon", 
            "downvotes": "1293", 
            "upvotes": "3113"
        }, 
        {
            "champName": "Swain", 
            "downvotes": "934", 
            "upvotes": "2126"
        }, 
        {
            "champName": "Annie", 
            "downvotes": "2122", 
            "upvotes": "4212"
        }, 
        {
            "champName": "Kassadin", 
            "downvotes": "1736", 
            "upvotes": "3412"
        }, 
        {
            "champName": "Diana", 
            "downvotes": "1109", 
            "upvotes": "2194"
        }, 
        {
            "champName": "Yasuo", 
            "downvotes": "292", 
            "upvotes": "626"
        }, 
        {
            "champName": "Fizz", 
            "downvotes": "1134", 
            "upvotes": "2170"
        }, 
        {
            "champName": "Malzahar", 
            "downvotes": "706", 
            "upvotes": "1374"
        }, 
        {
            "champName": "Akali", 
            "downvotes": "1355", 
            "upvotes": "2508"
        }
    ], 
    "StrongAgainst": [
        {
            "champName": "Vel'Koz", 
            "downvotes": "167", 
            "upvotes": "550"
        }, 
        {
            "champName": "Karthus", 
            "downvotes": "704", 
            "upvotes": "1950"
        }, 
        {
            "champName": "Xerath", 
            "downvotes": "1521", 
            "upvotes": "3196"
        }, 
        {
            "champName": "Katarina", 
            "downvotes": "840", 
            "upvotes": "1572"
        }, 
        {
            "champName": "Twisted Fate", 
            "downvotes": "1038", 
            "upvotes": "1917"
        }, 
        {
            "champName": "Zed", 
            "downvotes": "366", 
            "upvotes": "703"
        }, 
        {
            "champName": "Aatrox", 
            "downvotes": "336", 
            "upvotes": "648"
        }, 
        {
            "champName": "Teemo", 
            "downvotes": "497", 
            "upvotes": "899"
        }, 
        {
            "champName": "Jax", 
            "downvotes": "161", 
            "upvotes": "334"
        }, 
        {
            "champName": "Fizz", 
            "downvotes": "332", 
            "upvotes": "618"
        }
    ], 
    "ChampionImageLocation": "http://www.solomid.net/guide/champ/ahri.png", 
    "GoodWith": [
        {
            "champName": "Vayne", 
            "downvotes": "25", 
            "upvotes": "135"
        }, 
        {
            "champName": "Caitlyn", 
            "downvotes": "25", 
            "upvotes": "119"
        }, 
        {
            "champName": "Draven", 
            "downvotes": "26", 
            "upvotes": "96"
        }, 
        {
            "champName": "Leona", 
            "downvotes": "32", 
            "upvotes": "104"
        }, 
        {
            "champName": "Katarina", 
            "downvotes": "30", 
            "upvotes": "100"
        }, 
        {
            "champName": "Sona", 
            "downvotes": "4", 
            "upvotes": "46"
        }, 
        {
            "champName": "Blitzcrank", 
            "downvotes": "65", 
            "upvotes": "161"
        }, 
        {
            "champName": "Alistar", 
            "downvotes": "18", 
            "upvotes": "70"
        }, 
        {
            "champName": "Jayce", 
            "downvotes": "23", 
            "upvotes": "75"
        }, 
        {
            "champName": "Varus", 
            "downvotes": "18", 
            "upvotes": "66"
        }
    ]
}