{
    "ChampionName": {
        "lower": "akali", 
        "pretty": "Akali"
    }, 
    "WeakAgainst": [
        {
            "champName": "Lee Sin", 
            "downvotes": "2961", 
            "upvotes": "18527"
        }, 
        {
            "champName": "Garen", 
            "downvotes": "1511", 
            "upvotes": "3897"
        }, 
        {
            "champName": "Mordekaiser", 
            "downvotes": "1056", 
            "upvotes": "2684"
        }, 
        {
            "champName": "Renekton", 
            "downvotes": "1308", 
            "upvotes": "2858"
        }, 
        {
            "champName": "LeBlanc", 
            "downvotes": "379", 
            "upvotes": "886"
        }, 
        {
            "champName": "Annie", 
            "downvotes": "848", 
            "upvotes": "1865"
        }, 
        {
            "champName": "Lee Sin", 
            "downvotes": "624", 
            "upvotes": "1357"
        }, 
        {
            "champName": "Fiddlesticks", 
            "downvotes": "373", 
            "upvotes": "826"
        }, 
        {
            "champName": "Kayle", 
            "downvotes": "82", 
            "upvotes": "242"
        }, 
        {
            "champName": "Swain", 
            "downvotes": "591", 
            "upvotes": "1225"
        }
    ], 
    "StrongAgainst": [
        {
            "champName": "Vel'Koz", 
            "downvotes": "120", 
            "upvotes": "456"
        }, 
        {
            "champName": "Yasuo", 
            "downvotes": "633", 
            "upvotes": "1675"
        }, 
        {
            "champName": "Karthus", 
            "downvotes": "823", 
            "upvotes": "2121"
        }, 
        {
            "champName": "Ezreal", 
            "downvotes": "759", 
            "upvotes": "1768"
        }, 
        {
            "champName": "Vel'Koz", 
            "downvotes": "11", 
            "upvotes": "108"
        }, 
        {
            "champName": "Yasuo", 
            "downvotes": "171", 
            "upvotes": "435"
        }, 
        {
            "champName": "Zed", 
            "downvotes": "161", 
            "upvotes": "386"
        }, 
        {
            "champName": "Fizz", 
            "downvotes": "2506", 
            "upvotes": "4866"
        }, 
        {
            "champName": "Kassadin", 
            "downvotes": "290", 
            "upvotes": "624"
        }, 
        {
            "champName": "Nasus", 
            "downvotes": "84", 
            "upvotes": "231"
        }
    ], 
    "ChampionImageLocation": "http://www.solomid.net/guide/champ/akali.png", 
    "GoodWith": [
        {
            "champName": "Aatrox", 
            "downvotes": "25", 
            "upvotes": "125"
        }, 
        {
            "champName": "Diana", 
            "downvotes": "800", 
            "upvotes": "1541"
        }, 
        {
            "champName": "LeBlanc", 
            "downvotes": "389", 
            "upvotes": "692"
        }, 
        {
            "champName": "Jarvan IV", 
            "downvotes": "13", 
            "upvotes": "55"
        }, 
        {
            "champName": "Teemo", 
            "downvotes": "15", 
            "upvotes": "56"
        }, 
        {
            "champName": "Blitzcrank", 
            "downvotes": "37", 
            "upvotes": "89"
        }, 
        {
            "champName": "Katarina", 
            "downvotes": "627", 
            "upvotes": "1007"
        }, 
        {
            "champName": "Leona", 
            "downvotes": "0", 
            "upvotes": "31"
        }, 
        {
            "champName": "Shen", 
            "downvotes": "576", 
            "upvotes": "919"
        }, 
        {
            "champName": "Amumu", 
            "downvotes": "184", 
            "upvotes": "297"
        }
    ]
}