{
    "ChampionName": {
        "lower": "akali", 
        "pretty": "Akali"
    }, 
    "WeakAgainst": [
        {
            "champName": "Lee Sin", 
            "downvotes": "2973", 
            "upvotes": "18575"
        }, 
        {
            "champName": "Garen", 
            "downvotes": "1515", 
            "upvotes": "3906"
        }, 
        {
            "champName": "Mordekaiser", 
            "downvotes": "1066", 
            "upvotes": "2695"
        }, 
        {
            "champName": "Renekton", 
            "downvotes": "1316", 
            "upvotes": "2864"
        }, 
        {
            "champName": "LeBlanc", 
            "downvotes": "384", 
            "upvotes": "892"
        }, 
        {
            "champName": "Annie", 
            "downvotes": "852", 
            "upvotes": "1869"
        }, 
        {
            "champName": "Lee Sin", 
            "downvotes": "624", 
            "upvotes": "1363"
        }, 
        {
            "champName": "Kayle", 
            "downvotes": "82", 
            "upvotes": "244"
        }, 
        {
            "champName": "Fiddlesticks", 
            "downvotes": "374", 
            "upvotes": "827"
        }, 
        {
            "champName": "Swain", 
            "downvotes": "593", 
            "upvotes": "1235"
        }
    ], 
    "StrongAgainst": [
        {
            "champName": "Vel'Koz", 
            "downvotes": "122", 
            "upvotes": "465"
        }, 
        {
            "champName": "Yasuo", 
            "downvotes": "640", 
            "upvotes": "1687"
        }, 
        {
            "champName": "Karthus", 
            "downvotes": "826", 
            "upvotes": "2124"
        }, 
        {
            "champName": "Ezreal", 
            "downvotes": "761", 
            "upvotes": "1772"
        }, 
        {
            "champName": "Vel'Koz", 
            "downvotes": "12", 
            "upvotes": "108"
        }, 
        {
            "champName": "Yasuo", 
            "downvotes": "171", 
            "upvotes": "437"
        }, 
        {
            "champName": "Fizz", 
            "downvotes": "2518", 
            "upvotes": "4896"
        }, 
        {
            "champName": "Zed", 
            "downvotes": "163", 
            "upvotes": "388"
        }, 
        {
            "champName": "Zed", 
            "downvotes": "62", 
            "upvotes": "193"
        }, 
        {
            "champName": "Kassadin", 
            "downvotes": "293", 
            "upvotes": "625"
        }
    ], 
    "ChampionImageLocation": "http://www.solomid.net/guide/champ/akali.png", 
    "GoodWith": [
        {
            "champName": "Aatrox", 
            "downvotes": "25", 
            "upvotes": "125"
        }, 
        {
            "champName": "Diana", 
            "downvotes": "799", 
            "upvotes": "1547"
        }, 
        {
            "champName": "Teemo", 
            "downvotes": "14", 
            "upvotes": "58"
        }, 
        {
            "champName": "LeBlanc", 
            "downvotes": "390", 
            "upvotes": "698"
        }, 
        {
            "champName": "Jarvan IV", 
            "downvotes": "14", 
            "upvotes": "54"
        }, 
        {
            "champName": "Blitzcrank", 
            "downvotes": "37", 
            "upvotes": "89"
        }, 
        {
            "champName": "Katarina", 
            "downvotes": "629", 
            "upvotes": "1012"
        }, 
        {
            "champName": "Leona", 
            "downvotes": "0", 
            "upvotes": "31"
        }, 
        {
            "champName": "Shen", 
            "downvotes": "577", 
            "upvotes": "919"
        }, 
        {
            "champName": "Amumu", 
            "downvotes": "184", 
            "upvotes": "297"
        }
    ]
}