{
    "ChampionName": {
        "lower": "alistar", 
        "pretty": "Alistar"
    }, 
    "WeakAgainst": [
        {
            "champName": "Janna", 
            "downvotes": "443", 
            "upvotes": "972"
        }, 
        {
            "champName": "Vayne", 
            "downvotes": "554", 
            "upvotes": "841"
        }, 
        {
            "champName": "Lulu", 
            "downvotes": "345", 
            "upvotes": "427"
        }, 
        {
            "champName": "Cho'Gath", 
            "downvotes": "277", 
            "upvotes": "346"
        }, 
        {
            "champName": "Soraka", 
            "downvotes": "262", 
            "upvotes": "302"
        }, 
        {
            "champName": "Olaf", 
            "downvotes": "200", 
            "upvotes": "239"
        }, 
        {
            "champName": "Morgana", 
            "downvotes": "110", 
            "upvotes": "149"
        }, 
        {
            "champName": "Zyra", 
            "downvotes": "145", 
            "upvotes": "172"
        }, 
        {
            "champName": "Ahri", 
            "downvotes": "128", 
            "upvotes": "139"
        }, 
        {
            "champName": "Caitlyn", 
            "downvotes": "86", 
            "upvotes": "104"
        }
    ], 
    "StrongAgainst": [
        {
            "champName": "Blitzcrank", 
            "downvotes": "646", 
            "upvotes": "2655"
        }, 
        {
            "champName": "Leona", 
            "downvotes": "890", 
            "upvotes": "2672"
        }, 
        {
            "champName": "Thresh", 
            "downvotes": "660", 
            "upvotes": "1700"
        }, 
        {
            "champName": "Katarina", 
            "downvotes": "445", 
            "upvotes": "1137"
        }, 
        {
            "champName": "Fiddlesticks", 
            "downvotes": "344", 
            "upvotes": "551"
        }, 
        {
            "champName": "Yasuo", 
            "downvotes": "29", 
            "upvotes": "84"
        }, 
        {
            "champName": "Taric", 
            "downvotes": "259", 
            "upvotes": "319"
        }, 
        {
            "champName": "Nunu", 
            "downvotes": "206", 
            "upvotes": "238"
        }, 
        {
            "champName": "Miss Fortune", 
            "downvotes": "104", 
            "upvotes": "139"
        }, 
        {
            "champName": "Draven", 
            "downvotes": "121", 
            "upvotes": "153"
        }
    ], 
    "ChampionImageLocation": "http://www.solomid.net/guide/champ/alistar.png", 
    "GoodWith": [
        {
            "champName": "Yasuo", 
            "downvotes": "44", 
            "upvotes": "420"
        }, 
        {
            "champName": "Draven", 
            "downvotes": "54", 
            "upvotes": "345"
        }, 
        {
            "champName": "Miss Fortune", 
            "downvotes": "26", 
            "upvotes": "194"
        }, 
        {
            "champName": "Jinx", 
            "downvotes": "11", 
            "upvotes": "122"
        }, 
        {
            "champName": "Caitlyn", 
            "downvotes": "101", 
            "upvotes": "416"
        }, 
        {
            "champName": "Varus", 
            "downvotes": "66", 
            "upvotes": "280"
        }, 
        {
            "champName": "Ezreal", 
            "downvotes": "184", 
            "upvotes": "663"
        }, 
        {
            "champName": "Vayne", 
            "downvotes": "765", 
            "upvotes": "2181"
        }, 
        {
            "champName": "Corki", 
            "downvotes": "48", 
            "upvotes": "185"
        }, 
        {
            "champName": "Ashe", 
            "downvotes": "130", 
            "upvotes": "381"
        }
    ]
}