{
    "ChampionName": {
        "lower": "alistar", 
        "pretty": "Alistar"
    }, 
    "WeakAgainst": [
        {
            "champName": "Janna", 
            "downvotes": "444", 
            "upvotes": "973"
        }, 
        {
            "champName": "Vayne", 
            "downvotes": "556", 
            "upvotes": "843"
        }, 
        {
            "champName": "Lulu", 
            "downvotes": "347", 
            "upvotes": "427"
        }, 
        {
            "champName": "Cho'Gath", 
            "downvotes": "277", 
            "upvotes": "348"
        }, 
        {
            "champName": "Soraka", 
            "downvotes": "262", 
            "upvotes": "304"
        }, 
        {
            "champName": "Olaf", 
            "downvotes": "201", 
            "upvotes": "241"
        }, 
        {
            "champName": "Morgana", 
            "downvotes": "110", 
            "upvotes": "149"
        }, 
        {
            "champName": "Zyra", 
            "downvotes": "145", 
            "upvotes": "173"
        }, 
        {
            "champName": "Ahri", 
            "downvotes": "128", 
            "upvotes": "140"
        }, 
        {
            "champName": "Caitlyn", 
            "downvotes": "88", 
            "upvotes": "104"
        }
    ], 
    "StrongAgainst": [
        {
            "champName": "Blitzcrank", 
            "downvotes": "647", 
            "upvotes": "2661"
        }, 
        {
            "champName": "Leona", 
            "downvotes": "895", 
            "upvotes": "2684"
        }, 
        {
            "champName": "Thresh", 
            "downvotes": "664", 
            "upvotes": "1705"
        }, 
        {
            "champName": "Katarina", 
            "downvotes": "445", 
            "upvotes": "1141"
        }, 
        {
            "champName": "Fiddlesticks", 
            "downvotes": "345", 
            "upvotes": "552"
        }, 
        {
            "champName": "Yasuo", 
            "downvotes": "31", 
            "upvotes": "85"
        }, 
        {
            "champName": "Taric", 
            "downvotes": "259", 
            "upvotes": "323"
        }, 
        {
            "champName": "Miss Fortune", 
            "downvotes": "104", 
            "upvotes": "141"
        }, 
        {
            "champName": "Nunu", 
            "downvotes": "207", 
            "upvotes": "240"
        }, 
        {
            "champName": "Draven", 
            "downvotes": "122", 
            "upvotes": "153"
        }
    ], 
    "ChampionImageLocation": "http://www.solomid.net/guide/champ/alistar.png", 
    "GoodWith": [
        {
            "champName": "Yasuo", 
            "downvotes": "45", 
            "upvotes": "422"
        }, 
        {
            "champName": "Draven", 
            "downvotes": "56", 
            "upvotes": "343"
        }, 
        {
            "champName": "Miss Fortune", 
            "downvotes": "26", 
            "upvotes": "194"
        }, 
        {
            "champName": "Jinx", 
            "downvotes": "10", 
            "upvotes": "123"
        }, 
        {
            "champName": "Caitlyn", 
            "downvotes": "101", 
            "upvotes": "417"
        }, 
        {
            "champName": "Varus", 
            "downvotes": "66", 
            "upvotes": "280"
        }, 
        {
            "champName": "Ezreal", 
            "downvotes": "184", 
            "upvotes": "663"
        }, 
        {
            "champName": "Corki", 
            "downvotes": "47", 
            "upvotes": "186"
        }, 
        {
            "champName": "Vayne", 
            "downvotes": "768", 
            "upvotes": "2184"
        }, 
        {
            "champName": "Ashe", 
            "downvotes": "129", 
            "upvotes": "382"
        }
    ]
}