{
    "ChampionName": {
        "lower": "amumu", 
        "pretty": "Amumu"
    }, 
    "WeakAgainst": [
        {
            "champName": "Shyvana", 
            "downvotes": "638", 
            "upvotes": "1608"
        }, 
        {
            "champName": "Lee Sin", 
            "downvotes": "383", 
            "upvotes": "722"
        }, 
        {
            "champName": "Dr. Mundo", 
            "downvotes": "485", 
            "upvotes": "819"
        }, 
        {
            "champName": "Shaco", 
            "downvotes": "397", 
            "upvotes": "610"
        }, 
        {
            "champName": "Xin Zhao", 
            "downvotes": "168", 
            "upvotes": "278"
        }, 
        {
            "champName": "Olaf", 
            "downvotes": "191", 
            "upvotes": "292"
        }, 
        {
            "champName": "Janna", 
            "downvotes": "479", 
            "upvotes": "643"
        }, 
        {
            "champName": "Kha'Zix", 
            "downvotes": "291", 
            "upvotes": "366"
        }, 
        {
            "champName": "Olaf", 
            "downvotes": "98", 
            "upvotes": "144"
        }, 
        {
            "champName": "Gragas", 
            "downvotes": "272", 
            "upvotes": "312"
        }
    ], 
    "StrongAgainst": [
        {
            "champName": "Blitzcrank", 
            "downvotes": "397", 
            "upvotes": "763"
        }, 
        {
            "champName": "Katarina", 
            "downvotes": "249", 
            "upvotes": "309"
        }, 
        {
            "champName": "Yasuo", 
            "downvotes": "95", 
            "upvotes": "140"
        }, 
        {
            "champName": "Aatrox", 
            "downvotes": "143", 
            "upvotes": "189"
        }, 
        {
            "champName": "Akali", 
            "downvotes": "131", 
            "upvotes": "163"
        }, 
        {
            "champName": "Blitzcrank", 
            "downvotes": "143", 
            "upvotes": "173"
        }, 
        {
            "champName": "Cho'Gath", 
            "downvotes": "114", 
            "upvotes": "130"
        }, 
        {
            "champName": "Ahri", 
            "downvotes": "168", 
            "upvotes": "174"
        }, 
        {
            "champName": "Darius", 
            "downvotes": "151", 
            "upvotes": "155"
        }, 
        {
            "champName": "Yorick", 
            "downvotes": "146", 
            "upvotes": "150"
        }
    ], 
    "ChampionImageLocation": "http://www.solomid.net/guide/champ/amumu.png", 
    "GoodWith": [
        {
            "champName": "Miss Fortune", 
            "downvotes": "26", 
            "upvotes": "334"
        }, 
        {
            "champName": "Nunu", 
            "downvotes": "24", 
            "upvotes": "209"
        }, 
        {
            "champName": "Katarina", 
            "downvotes": "592", 
            "upvotes": "2460"
        }, 
        {
            "champName": "Vel'Koz", 
            "downvotes": "39", 
            "upvotes": "162"
        }, 
        {
            "champName": "Pantheon", 
            "downvotes": "20", 
            "upvotes": "102"
        }, 
        {
            "champName": "Morgana", 
            "downvotes": "299", 
            "upvotes": "750"
        }, 
        {
            "champName": "Leona", 
            "downvotes": "6", 
            "upvotes": "61"
        }, 
        {
            "champName": "Caitlyn", 
            "downvotes": "4", 
            "upvotes": "55"
        }, 
        {
            "champName": "Ezreal", 
            "downvotes": "16", 
            "upvotes": "80"
        }, 
        {
            "champName": "Fiddlesticks", 
            "downvotes": "299", 
            "upvotes": "694"
        }
    ]
}