{
    "ChampionName": {
        "lower": "anivia", 
        "pretty": "Anivia"
    }, 
    "WeakAgainst": [
        {
            "champName": "Fizz", 
            "downvotes": "2252", 
            "upvotes": "5354"
        }, 
        {
            "champName": "Diana", 
            "downvotes": "898", 
            "upvotes": "1748"
        }, 
        {
            "champName": "Kassadin", 
            "downvotes": "937", 
            "upvotes": "1816"
        }, 
        {
            "champName": "Orianna", 
            "downvotes": "1151", 
            "upvotes": "1832"
        }, 
        {
            "champName": "Zed", 
            "downvotes": "138", 
            "upvotes": "263"
        }, 
        {
            "champName": "Gragas", 
            "downvotes": "442", 
            "upvotes": "712"
        }, 
        {
            "champName": "Talon", 
            "downvotes": "304", 
            "upvotes": "499"
        }, 
        {
            "champName": "Yasuo", 
            "downvotes": "5", 
            "upvotes": "62"
        }, 
        {
            "champName": "LeBlanc", 
            "downvotes": "358", 
            "upvotes": "522"
        }, 
        {
            "champName": "Akali", 
            "downvotes": "236", 
            "upvotes": "338"
        }
    ], 
    "StrongAgainst": [
        {
            "champName": "Ryze", 
            "downvotes": "843", 
            "upvotes": "2076"
        }, 
        {
            "champName": "Karthus", 
            "downvotes": "352", 
            "upvotes": "734"
        }, 
        {
            "champName": "Kayle", 
            "downvotes": "647", 
            "upvotes": "1210"
        }, 
        {
            "champName": "Lissandra", 
            "downvotes": "538", 
            "upvotes": "989"
        }, 
        {
            "champName": "Ahri", 
            "downvotes": "98", 
            "upvotes": "180"
        }, 
        {
            "champName": "Teemo", 
            "downvotes": "329", 
            "upvotes": "478"
        }, 
        {
            "champName": "Zed", 
            "downvotes": "59", 
            "upvotes": "127"
        }, 
        {
            "champName": "LeBlanc", 
            "downvotes": "22", 
            "upvotes": "79"
        }, 
        {
            "champName": "Akali", 
            "downvotes": "304", 
            "upvotes": "432"
        }, 
        {
            "champName": "Lux", 
            "downvotes": "143", 
            "upvotes": "221"
        }
    ], 
    "ChampionImageLocation": "http://www.solomid.net/guide/champ/anivia.png", 
    "GoodWith": [
        {
            "champName": "Jarvan IV", 
            "downvotes": "307", 
            "upvotes": "624"
        }, 
        {
            "champName": "Vayne", 
            "downvotes": "18", 
            "upvotes": "67"
        }, 
        {
            "champName": "Dr. Mundo", 
            "downvotes": "190", 
            "upvotes": "314"
        }, 
        {
            "champName": "Ashe", 
            "downvotes": "156", 
            "upvotes": "236"
        }, 
        {
            "champName": "Blitzcrank", 
            "downvotes": "45", 
            "upvotes": "86"
        }, 
        {
            "champName": "Aatrox", 
            "downvotes": "15", 
            "upvotes": "46"
        }, 
        {
            "champName": "Trundle", 
            "downvotes": "299", 
            "upvotes": "403"
        }, 
        {
            "champName": "Akali", 
            "downvotes": "16", 
            "upvotes": "43"
        }, 
        {
            "champName": "Amumu", 
            "downvotes": "115", 
            "upvotes": "158"
        }, 
        {
            "champName": "Ahri", 
            "downvotes": "25", 
            "upvotes": "52"
        }
    ]
}