{
    "ChampionName": {
        "lower": "anivia", 
        "pretty": "Anivia"
    }, 
    "WeakAgainst": [
        {
            "champName": "Fizz", 
            "downvotes": "2243", 
            "upvotes": "5343"
        }, 
        {
            "champName": "Kassadin", 
            "downvotes": "934", 
            "upvotes": "1816"
        }, 
        {
            "champName": "Diana", 
            "downvotes": "896", 
            "upvotes": "1744"
        }, 
        {
            "champName": "Orianna", 
            "downvotes": "1149", 
            "upvotes": "1829"
        }, 
        {
            "champName": "Zed", 
            "downvotes": "136", 
            "upvotes": "259"
        }, 
        {
            "champName": "Gragas", 
            "downvotes": "443", 
            "upvotes": "708"
        }, 
        {
            "champName": "Talon", 
            "downvotes": "304", 
            "upvotes": "499"
        }, 
        {
            "champName": "Yasuo", 
            "downvotes": "4", 
            "upvotes": "60"
        }, 
        {
            "champName": "LeBlanc", 
            "downvotes": "358", 
            "upvotes": "519"
        }, 
        {
            "champName": "Ahri", 
            "downvotes": "263", 
            "upvotes": "371"
        }
    ], 
    "StrongAgainst": [
        {
            "champName": "Ryze", 
            "downvotes": "840", 
            "upvotes": "2070"
        }, 
        {
            "champName": "Karthus", 
            "downvotes": "352", 
            "upvotes": "731"
        }, 
        {
            "champName": "Kayle", 
            "downvotes": "641", 
            "upvotes": "1206"
        }, 
        {
            "champName": "Lissandra", 
            "downvotes": "531", 
            "upvotes": "986"
        }, 
        {
            "champName": "Ahri", 
            "downvotes": "96", 
            "upvotes": "179"
        }, 
        {
            "champName": "Zed", 
            "downvotes": "58", 
            "upvotes": "127"
        }, 
        {
            "champName": "Teemo", 
            "downvotes": "329", 
            "upvotes": "477"
        }, 
        {
            "champName": "LeBlanc", 
            "downvotes": "22", 
            "upvotes": "79"
        }, 
        {
            "champName": "Akali", 
            "downvotes": "304", 
            "upvotes": "431"
        }, 
        {
            "champName": "Lux", 
            "downvotes": "143", 
            "upvotes": "220"
        }
    ], 
    "ChampionImageLocation": "http://www.solomid.net/guide/champ/anivia.png", 
    "GoodWith": [
        {
            "champName": "Jarvan IV", 
            "downvotes": "306", 
            "upvotes": "625"
        }, 
        {
            "champName": "Vayne", 
            "downvotes": "19", 
            "upvotes": "66"
        }, 
        {
            "champName": "Dr. Mundo", 
            "downvotes": "188", 
            "upvotes": "311"
        }, 
        {
            "champName": "Blitzcrank", 
            "downvotes": "44", 
            "upvotes": "87"
        }, 
        {
            "champName": "Ashe", 
            "downvotes": "156", 
            "upvotes": "235"
        }, 
        {
            "champName": "Aatrox", 
            "downvotes": "15", 
            "upvotes": "46"
        }, 
        {
            "champName": "Trundle", 
            "downvotes": "298", 
            "upvotes": "401"
        }, 
        {
            "champName": "Akali", 
            "downvotes": "15", 
            "upvotes": "43"
        }, 
        {
            "champName": "Ahri", 
            "downvotes": "24", 
            "upvotes": "53"
        }, 
        {
            "champName": "Darius", 
            "downvotes": "15", 
            "upvotes": "42"
        }
    ]
}