{
    "ChampionName": {
        "lower": "annie", 
        "pretty": "Annie"
    }, 
    "WeakAgainst": [
        {
            "champName": "Brand", 
            "downvotes": "1913", 
            "upvotes": "4512"
        }, 
        {
            "champName": "Orianna", 
            "downvotes": "1211", 
            "upvotes": "2392"
        }, 
        {
            "champName": "Morgana", 
            "downvotes": "859", 
            "upvotes": "1548"
        }, 
        {
            "champName": "Aatrox", 
            "downvotes": "85", 
            "upvotes": "195"
        }, 
        {
            "champName": "Kassadin", 
            "downvotes": "998", 
            "upvotes": "1595"
        }, 
        {
            "champName": "Syndra", 
            "downvotes": "454", 
            "upvotes": "759"
        }, 
        {
            "champName": "LeBlanc", 
            "downvotes": "449", 
            "upvotes": "719"
        }, 
        {
            "champName": "Ziggs", 
            "downvotes": "208", 
            "upvotes": "364"
        }, 
        {
            "champName": "Syndra", 
            "downvotes": "81", 
            "upvotes": "177"
        }, 
        {
            "champName": "Diana", 
            "downvotes": "131", 
            "upvotes": "250"
        }
    ], 
    "StrongAgainst": [
        {
            "champName": "Yasuo", 
            "downvotes": "157", 
            "upvotes": "462"
        }, 
        {
            "champName": "Akali", 
            "downvotes": "852", 
            "upvotes": "1869"
        }, 
        {
            "champName": "Ahri", 
            "downvotes": "2122", 
            "upvotes": "4212"
        }, 
        {
            "champName": "Yasuo", 
            "downvotes": "73", 
            "upvotes": "212"
        }, 
        {
            "champName": "Fizz", 
            "downvotes": "1154", 
            "upvotes": "2229"
        }, 
        {
            "champName": "Katarina", 
            "downvotes": "1113", 
            "upvotes": "2125"
        }, 
        {
            "champName": "Thresh", 
            "downvotes": "64", 
            "upvotes": "187"
        }, 
        {
            "champName": "LeBlanc", 
            "downvotes": "107", 
            "upvotes": "244"
        }, 
        {
            "champName": "Kha'Zix", 
            "downvotes": "200", 
            "upvotes": "390"
        }, 
        {
            "champName": "Zed", 
            "downvotes": "288", 
            "upvotes": "529"
        }
    ], 
    "ChampionImageLocation": "http://www.solomid.net/guide/champ/annie.png", 
    "GoodWith": [
        {
            "champName": "Jinx", 
            "downvotes": "72", 
            "upvotes": "312"
        }, 
        {
            "champName": "Lucian", 
            "downvotes": "46", 
            "upvotes": "189"
        }, 
        {
            "champName": "Caitlyn", 
            "downvotes": "22", 
            "upvotes": "113"
        }, 
        {
            "champName": "Draven", 
            "downvotes": "15", 
            "upvotes": "92"
        }, 
        {
            "champName": "Ezreal", 
            "downvotes": "26", 
            "upvotes": "114"
        }, 
        {
            "champName": "Vayne", 
            "downvotes": "21", 
            "upvotes": "90"
        }, 
        {
            "champName": "Varus", 
            "downvotes": "18", 
            "upvotes": "80"
        }, 
        {
            "champName": "Ashe", 
            "downvotes": "24", 
            "upvotes": "88"
        }, 
        {
            "champName": "Sivir", 
            "downvotes": "14", 
            "upvotes": "67"
        }, 
        {
            "champName": "Aatrox", 
            "downvotes": "19", 
            "upvotes": "76"
        }
    ]
}