{
    "ChampionName": {
        "lower": "annie", 
        "pretty": "Annie"
    }, 
    "WeakAgainst": [
        {
            "champName": "Brand", 
            "downvotes": "1909", 
            "upvotes": "4502"
        }, 
        {
            "champName": "Orianna", 
            "downvotes": "1210", 
            "upvotes": "2379"
        }, 
        {
            "champName": "Morgana", 
            "downvotes": "857", 
            "upvotes": "1540"
        }, 
        {
            "champName": "Aatrox", 
            "downvotes": "85", 
            "upvotes": "193"
        }, 
        {
            "champName": "Kassadin", 
            "downvotes": "996", 
            "upvotes": "1594"
        }, 
        {
            "champName": "Syndra", 
            "downvotes": "455", 
            "upvotes": "754"
        }, 
        {
            "champName": "Ziggs", 
            "downvotes": "207", 
            "upvotes": "363"
        }, 
        {
            "champName": "LeBlanc", 
            "downvotes": "446", 
            "upvotes": "713"
        }, 
        {
            "champName": "Diana", 
            "downvotes": "130", 
            "upvotes": "249"
        }, 
        {
            "champName": "Syndra", 
            "downvotes": "81", 
            "upvotes": "177"
        }
    ], 
    "StrongAgainst": [
        {
            "champName": "Yasuo", 
            "downvotes": "156", 
            "upvotes": "456"
        }, 
        {
            "champName": "Akali", 
            "downvotes": "848", 
            "upvotes": "1865"
        }, 
        {
            "champName": "Ahri", 
            "downvotes": "2116", 
            "upvotes": "4201"
        }, 
        {
            "champName": "Fizz", 
            "downvotes": "1150", 
            "upvotes": "2221"
        }, 
        {
            "champName": "Yasuo", 
            "downvotes": "73", 
            "upvotes": "210"
        }, 
        {
            "champName": "Katarina", 
            "downvotes": "1109", 
            "upvotes": "2115"
        }, 
        {
            "champName": "Thresh", 
            "downvotes": "62", 
            "upvotes": "186"
        }, 
        {
            "champName": "LeBlanc", 
            "downvotes": "107", 
            "upvotes": "240"
        }, 
        {
            "champName": "Kha'Zix", 
            "downvotes": "199", 
            "upvotes": "390"
        }, 
        {
            "champName": "Zed", 
            "downvotes": "286", 
            "upvotes": "525"
        }
    ], 
    "ChampionImageLocation": "http://www.solomid.net/guide/champ/annie.png", 
    "GoodWith": [
        {
            "champName": "Jinx", 
            "downvotes": "71", 
            "upvotes": "311"
        }, 
        {
            "champName": "Lucian", 
            "downvotes": "46", 
            "upvotes": "185"
        }, 
        {
            "champName": "Caitlyn", 
            "downvotes": "22", 
            "upvotes": "113"
        }, 
        {
            "champName": "Draven", 
            "downvotes": "15", 
            "upvotes": "92"
        }, 
        {
            "champName": "Ezreal", 
            "downvotes": "25", 
            "upvotes": "115"
        }, 
        {
            "champName": "Vayne", 
            "downvotes": "21", 
            "upvotes": "88"
        }, 
        {
            "champName": "Ashe", 
            "downvotes": "23", 
            "upvotes": "89"
        }, 
        {
            "champName": "Sivir", 
            "downvotes": "13", 
            "upvotes": "68"
        }, 
        {
            "champName": "Aatrox", 
            "downvotes": "18", 
            "upvotes": "77"
        }, 
        {
            "champName": "Varus", 
            "downvotes": "19", 
            "upvotes": "79"
        }
    ]
}