{
    "ChampionName": {
        "lower": "annie", 
        "pretty": "Annie"
    }, 
    "WeakAgainst": [
        {
            "champName": "Brand", 
            "downvotes": "1911", 
            "upvotes": "4509"
        }, 
        {
            "champName": "Orianna", 
            "downvotes": "1210", 
            "upvotes": "2388"
        }, 
        {
            "champName": "Morgana", 
            "downvotes": "859", 
            "upvotes": "1546"
        }, 
        {
            "champName": "Aatrox", 
            "downvotes": "84", 
            "upvotes": "195"
        }, 
        {
            "champName": "Kassadin", 
            "downvotes": "998", 
            "upvotes": "1595"
        }, 
        {
            "champName": "Syndra", 
            "downvotes": "455", 
            "upvotes": "757"
        }, 
        {
            "champName": "Ziggs", 
            "downvotes": "207", 
            "upvotes": "364"
        }, 
        {
            "champName": "LeBlanc", 
            "downvotes": "448", 
            "upvotes": "719"
        }, 
        {
            "champName": "Syndra", 
            "downvotes": "81", 
            "upvotes": "177"
        }, 
        {
            "champName": "Diana", 
            "downvotes": "131", 
            "upvotes": "249"
        }
    ], 
    "StrongAgainst": [
        {
            "champName": "Yasuo", 
            "downvotes": "156", 
            "upvotes": "459"
        }, 
        {
            "champName": "Akali", 
            "downvotes": "849", 
            "upvotes": "1870"
        }, 
        {
            "champName": "Ahri", 
            "downvotes": "2119", 
            "upvotes": "4205"
        }, 
        {
            "champName": "Fizz", 
            "downvotes": "1151", 
            "upvotes": "2222"
        }, 
        {
            "champName": "Katarina", 
            "downvotes": "1113", 
            "upvotes": "2121"
        }, 
        {
            "champName": "Yasuo", 
            "downvotes": "74", 
            "upvotes": "209"
        }, 
        {
            "champName": "Thresh", 
            "downvotes": "63", 
            "upvotes": "187"
        }, 
        {
            "champName": "LeBlanc", 
            "downvotes": "107", 
            "upvotes": "242"
        }, 
        {
            "champName": "Kha'Zix", 
            "downvotes": "199", 
            "upvotes": "391"
        }, 
        {
            "champName": "Zed", 
            "downvotes": "288", 
            "upvotes": "525"
        }
    ], 
    "ChampionImageLocation": "http://www.solomid.net/guide/champ/annie.png", 
    "GoodWith": [
        {
            "champName": "Jinx", 
            "downvotes": "71", 
            "upvotes": "311"
        }, 
        {
            "champName": "Lucian", 
            "downvotes": "46", 
            "upvotes": "187"
        }, 
        {
            "champName": "Caitlyn", 
            "downvotes": "22", 
            "upvotes": "113"
        }, 
        {
            "champName": "Draven", 
            "downvotes": "15", 
            "upvotes": "92"
        }, 
        {
            "champName": "Ezreal", 
            "downvotes": "25", 
            "upvotes": "115"
        }, 
        {
            "champName": "Vayne", 
            "downvotes": "21", 
            "upvotes": "88"
        }, 
        {
            "champName": "Sivir", 
            "downvotes": "13", 
            "upvotes": "68"
        }, 
        {
            "champName": "Aatrox", 
            "downvotes": "18", 
            "upvotes": "77"
        }, 
        {
            "champName": "Varus", 
            "downvotes": "19", 
            "upvotes": "79"
        }, 
        {
            "champName": "Ashe", 
            "downvotes": "24", 
            "upvotes": "88"
        }
    ]
}