{
    "ChampionName": {
        "lower": "ashe", 
        "pretty": "Ashe"
    }, 
    "WeakAgainst": [
        {
            "champName": "Ezreal", 
            "downvotes": "2586", 
            "upvotes": "7676"
        }, 
        {
            "champName": "Kha'Zix", 
            "downvotes": "711", 
            "upvotes": "1545"
        }, 
        {
            "champName": "Graves", 
            "downvotes": "1049", 
            "upvotes": "2074"
        }, 
        {
            "champName": "Sivir", 
            "downvotes": "1027", 
            "upvotes": "1866"
        }, 
        {
            "champName": "Yasuo", 
            "downvotes": "38", 
            "upvotes": "135"
        }, 
        {
            "champName": "Master Yi", 
            "downvotes": "272", 
            "upvotes": "530"
        }, 
        {
            "champName": "Quinn", 
            "downvotes": "524", 
            "upvotes": "923"
        }, 
        {
            "champName": "Draven", 
            "downvotes": "848", 
            "upvotes": "1437"
        }, 
        {
            "champName": "Aatrox", 
            "downvotes": "92", 
            "upvotes": "213"
        }, 
        {
            "champName": "Caitlyn", 
            "downvotes": "1102", 
            "upvotes": "1829"
        }
    ], 
    "StrongAgainst": [
        {
            "champName": "Udyr", 
            "downvotes": "794", 
            "upvotes": "1638"
        }, 
        {
            "champName": "Vayne", 
            "downvotes": "1688", 
            "upvotes": "2876"
        }, 
        {
            "champName": "Jinx", 
            "downvotes": "378", 
            "upvotes": "599"
        }, 
        {
            "champName": "Darius", 
            "downvotes": "622", 
            "upvotes": "835"
        }, 
        {
            "champName": "Lucian", 
            "downvotes": "48", 
            "upvotes": "102"
        }, 
        {
            "champName": "Caitlyn", 
            "downvotes": "759", 
            "upvotes": "886"
        }, 
        {
            "champName": "Miss Fortune", 
            "downvotes": "592", 
            "upvotes": "698"
        }, 
        {
            "champName": "Caitlyn", 
            "downvotes": "63", 
            "upvotes": "113"
        }, 
        {
            "champName": "Karthus", 
            "downvotes": "218", 
            "upvotes": "283"
        }, 
        {
            "champName": "Jinx", 
            "downvotes": "153", 
            "upvotes": "211"
        }
    ], 
    "ChampionImageLocation": "http://www.solomid.net/guide/champ/ashe.png", 
    "GoodWith": [
        {
            "champName": "Thresh", 
            "downvotes": "19", 
            "upvotes": "419"
        }, 
        {
            "champName": "Nami", 
            "downvotes": "30", 
            "upvotes": "309"
        }, 
        {
            "champName": "Taric", 
            "downvotes": "75", 
            "upvotes": "449"
        }, 
        {
            "champName": "Soraka", 
            "downvotes": "180", 
            "upvotes": "554"
        }, 
        {
            "champName": "Zyra", 
            "downvotes": "338", 
            "upvotes": "959"
        }, 
        {
            "champName": "Lulu", 
            "downvotes": "47", 
            "upvotes": "179"
        }, 
        {
            "champName": "Alistar", 
            "downvotes": "130", 
            "upvotes": "381"
        }, 
        {
            "champName": "Leona", 
            "downvotes": "466", 
            "upvotes": "1153"
        }, 
        {
            "champName": "Blitzcrank", 
            "downvotes": "377", 
            "upvotes": "892"
        }, 
        {
            "champName": "Janna", 
            "downvotes": "1075", 
            "upvotes": "2308"
        }
    ]
}