{
    "ChampionName": {
        "lower": "ashe", 
        "pretty": "Ashe"
    }, 
    "WeakAgainst": [
        {
            "champName": "Ezreal", 
            "downvotes": "2590", 
            "upvotes": "7693"
        }, 
        {
            "champName": "Kha'Zix", 
            "downvotes": "714", 
            "upvotes": "1547"
        }, 
        {
            "champName": "Graves", 
            "downvotes": "1052", 
            "upvotes": "2083"
        }, 
        {
            "champName": "Sivir", 
            "downvotes": "1029", 
            "upvotes": "1873"
        }, 
        {
            "champName": "Yasuo", 
            "downvotes": "38", 
            "upvotes": "135"
        }, 
        {
            "champName": "Master Yi", 
            "downvotes": "271", 
            "upvotes": "531"
        }, 
        {
            "champName": "Quinn", 
            "downvotes": "526", 
            "upvotes": "924"
        }, 
        {
            "champName": "Draven", 
            "downvotes": "848", 
            "upvotes": "1442"
        }, 
        {
            "champName": "Caitlyn", 
            "downvotes": "1104", 
            "upvotes": "1842"
        }, 
        {
            "champName": "Aatrox", 
            "downvotes": "93", 
            "upvotes": "214"
        }
    ], 
    "StrongAgainst": [
        {
            "champName": "Udyr", 
            "downvotes": "796", 
            "upvotes": "1639"
        }, 
        {
            "champName": "Vayne", 
            "downvotes": "1694", 
            "upvotes": "2885"
        }, 
        {
            "champName": "Jinx", 
            "downvotes": "382", 
            "upvotes": "607"
        }, 
        {
            "champName": "Darius", 
            "downvotes": "623", 
            "upvotes": "837"
        }, 
        {
            "champName": "Lucian", 
            "downvotes": "50", 
            "upvotes": "104"
        }, 
        {
            "champName": "Caitlyn", 
            "downvotes": "763", 
            "upvotes": "893"
        }, 
        {
            "champName": "Aatrox", 
            "downvotes": "124", 
            "upvotes": "181"
        }, 
        {
            "champName": "Miss Fortune", 
            "downvotes": "596", 
            "upvotes": "701"
        }, 
        {
            "champName": "Karthus", 
            "downvotes": "218", 
            "upvotes": "284"
        }, 
        {
            "champName": "Jinx", 
            "downvotes": "153", 
            "upvotes": "212"
        }
    ], 
    "ChampionImageLocation": "http://www.solomid.net/guide/champ/ashe.png", 
    "GoodWith": [
        {
            "champName": "Thresh", 
            "downvotes": "19", 
            "upvotes": "420"
        }, 
        {
            "champName": "Nami", 
            "downvotes": "30", 
            "upvotes": "310"
        }, 
        {
            "champName": "Taric", 
            "downvotes": "76", 
            "upvotes": "448"
        }, 
        {
            "champName": "Soraka", 
            "downvotes": "179", 
            "upvotes": "555"
        }, 
        {
            "champName": "Lulu", 
            "downvotes": "47", 
            "upvotes": "179"
        }, 
        {
            "champName": "Zyra", 
            "downvotes": "339", 
            "upvotes": "958"
        }, 
        {
            "champName": "Alistar", 
            "downvotes": "129", 
            "upvotes": "382"
        }, 
        {
            "champName": "Leona", 
            "downvotes": "468", 
            "upvotes": "1155"
        }, 
        {
            "champName": "Blitzcrank", 
            "downvotes": "378", 
            "upvotes": "892"
        }, 
        {
            "champName": "Janna", 
            "downvotes": "1075", 
            "upvotes": "2314"
        }
    ]
}