{
    "ChampionName": {
        "lower": "blitzcrank", 
        "pretty": "Blitzcrank"
    }, 
    "WeakAgainst": [
        {
            "champName": "Alistar", 
            "downvotes": "647", 
            "upvotes": "2661"
        }, 
        {
            "champName": "Leona", 
            "downvotes": "742", 
            "upvotes": "2565"
        }, 
        {
            "champName": "Sivir", 
            "downvotes": "446", 
            "upvotes": "1532"
        }, 
        {
            "champName": "Thresh", 
            "downvotes": "808", 
            "upvotes": "2179"
        }, 
        {
            "champName": "Ezreal", 
            "downvotes": "842", 
            "upvotes": "2208"
        }, 
        {
            "champName": "Morgana", 
            "downvotes": "298", 
            "upvotes": "783"
        }, 
        {
            "champName": "Amumu", 
            "downvotes": "398", 
            "upvotes": "765"
        }, 
        {
            "champName": "Taric", 
            "downvotes": "397", 
            "upvotes": "690"
        }, 
        {
            "champName": "Lulu", 
            "downvotes": "213", 
            "upvotes": "302"
        }, 
        {
            "champName": "Tristana", 
            "downvotes": "110", 
            "upvotes": "169"
        }
    ], 
    "StrongAgainst": [
        {
            "champName": "Sona", 
            "downvotes": "557", 
            "upvotes": "1765"
        }, 
        {
            "champName": "Draven", 
            "downvotes": "607", 
            "upvotes": "1433"
        }, 
        {
            "champName": "Kog'Maw", 
            "downvotes": "424", 
            "upvotes": "825"
        }, 
        {
            "champName": "Varus", 
            "downvotes": "604", 
            "upvotes": "1063"
        }, 
        {
            "champName": "Soraka", 
            "downvotes": "386", 
            "upvotes": "643"
        }, 
        {
            "champName": "Caitlyn", 
            "downvotes": "493", 
            "upvotes": "750"
        }, 
        {
            "champName": "Jinx", 
            "downvotes": "21", 
            "upvotes": "81"
        }, 
        {
            "champName": "Katarina", 
            "downvotes": "548", 
            "upvotes": "748"
        }, 
        {
            "champName": "Miss Fortune", 
            "downvotes": "213", 
            "upvotes": "279"
        }, 
        {
            "champName": "Lux", 
            "downvotes": "149", 
            "upvotes": "203"
        }
    ], 
    "ChampionImageLocation": "http://www.solomid.net/guide/champ/blitzcrank.png", 
    "GoodWith": [
        {
            "champName": "Thresh", 
            "downvotes": "26", 
            "upvotes": "363"
        }, 
        {
            "champName": "Yasuo", 
            "downvotes": "19", 
            "upvotes": "271"
        }, 
        {
            "champName": "Miss Fortune", 
            "downvotes": "103", 
            "upvotes": "519"
        }, 
        {
            "champName": "Jinx", 
            "downvotes": "152", 
            "upvotes": "718"
        }, 
        {
            "champName": "Varus", 
            "downvotes": "123", 
            "upvotes": "560"
        }, 
        {
            "champName": "Draven", 
            "downvotes": "278", 
            "upvotes": "900"
        }, 
        {
            "champName": "Vayne", 
            "downvotes": "969", 
            "upvotes": "2921"
        }, 
        {
            "champName": "Ezreal", 
            "downvotes": "654", 
            "upvotes": "1892"
        }, 
        {
            "champName": "Quinn", 
            "downvotes": "156", 
            "upvotes": "431"
        }, 
        {
            "champName": "Graves", 
            "downvotes": "552", 
            "upvotes": "1323"
        }
    ]
}