{
    "ChampionName": {
        "lower": "blitzcrank", 
        "pretty": "Blitzcrank"
    }, 
    "WeakAgainst": [
        {
            "champName": "Alistar", 
            "downvotes": "646", 
            "upvotes": "2655"
        }, 
        {
            "champName": "Leona", 
            "downvotes": "736", 
            "upvotes": "2557"
        }, 
        {
            "champName": "Sivir", 
            "downvotes": "444", 
            "upvotes": "1529"
        }, 
        {
            "champName": "Thresh", 
            "downvotes": "806", 
            "upvotes": "2171"
        }, 
        {
            "champName": "Ezreal", 
            "downvotes": "840", 
            "upvotes": "2201"
        }, 
        {
            "champName": "Morgana", 
            "downvotes": "296", 
            "upvotes": "776"
        }, 
        {
            "champName": "Amumu", 
            "downvotes": "396", 
            "upvotes": "763"
        }, 
        {
            "champName": "Taric", 
            "downvotes": "395", 
            "upvotes": "690"
        }, 
        {
            "champName": "Lulu", 
            "downvotes": "213", 
            "upvotes": "300"
        }, 
        {
            "champName": "Nidalee", 
            "downvotes": "190", 
            "upvotes": "263"
        }
    ], 
    "StrongAgainst": [
        {
            "champName": "Sona", 
            "downvotes": "557", 
            "upvotes": "1762"
        }, 
        {
            "champName": "Draven", 
            "downvotes": "604", 
            "upvotes": "1433"
        }, 
        {
            "champName": "Kog'Maw", 
            "downvotes": "423", 
            "upvotes": "821"
        }, 
        {
            "champName": "Varus", 
            "downvotes": "600", 
            "upvotes": "1060"
        }, 
        {
            "champName": "Soraka", 
            "downvotes": "387", 
            "upvotes": "638"
        }, 
        {
            "champName": "Caitlyn", 
            "downvotes": "491", 
            "upvotes": "750"
        }, 
        {
            "champName": "Jinx", 
            "downvotes": "21", 
            "upvotes": "79"
        }, 
        {
            "champName": "Katarina", 
            "downvotes": "548", 
            "upvotes": "745"
        }, 
        {
            "champName": "Miss Fortune", 
            "downvotes": "213", 
            "upvotes": "277"
        }, 
        {
            "champName": "Lux", 
            "downvotes": "149", 
            "upvotes": "203"
        }
    ], 
    "ChampionImageLocation": "http://www.solomid.net/guide/champ/blitzcrank.png", 
    "GoodWith": [
        {
            "champName": "Thresh", 
            "downvotes": "26", 
            "upvotes": "360"
        }, 
        {
            "champName": "Yasuo", 
            "downvotes": "20", 
            "upvotes": "270"
        }, 
        {
            "champName": "Jinx", 
            "downvotes": "149", 
            "upvotes": "711"
        }, 
        {
            "champName": "Miss Fortune", 
            "downvotes": "104", 
            "upvotes": "517"
        }, 
        {
            "champName": "Varus", 
            "downvotes": "122", 
            "upvotes": "561"
        }, 
        {
            "champName": "Draven", 
            "downvotes": "276", 
            "upvotes": "898"
        }, 
        {
            "champName": "Vayne", 
            "downvotes": "968", 
            "upvotes": "2916"
        }, 
        {
            "champName": "Ezreal", 
            "downvotes": "652", 
            "upvotes": "1892"
        }, 
        {
            "champName": "Quinn", 
            "downvotes": "155", 
            "upvotes": "431"
        }, 
        {
            "champName": "Graves", 
            "downvotes": "552", 
            "upvotes": "1321"
        }
    ]
}