{
    "ChampionName": {
        "lower": "brand", 
        "pretty": "Brand"
    }, 
    "WeakAgainst": [
        {
            "champName": "Kassadin", 
            "downvotes": "1315", 
            "upvotes": "3420"
        }, 
        {
            "champName": "Galio", 
            "downvotes": "462", 
            "upvotes": "1154"
        }, 
        {
            "champName": "Fizz", 
            "downvotes": "1219", 
            "upvotes": "2386"
        }, 
        {
            "champName": "LeBlanc", 
            "downvotes": "960", 
            "upvotes": "1738"
        }, 
        {
            "champName": "Yasuo", 
            "downvotes": "14", 
            "upvotes": "92"
        }, 
        {
            "champName": "Gragas", 
            "downvotes": "98", 
            "upvotes": "227"
        }, 
        {
            "champName": "Ziggs", 
            "downvotes": "99", 
            "upvotes": "228"
        }, 
        {
            "champName": "Zed", 
            "downvotes": "164", 
            "upvotes": "328"
        }, 
        {
            "champName": "Aatrox", 
            "downvotes": "63", 
            "upvotes": "163"
        }, 
        {
            "champName": "Talon", 
            "downvotes": "317", 
            "upvotes": "551"
        }
    ], 
    "StrongAgainst": [
        {
            "champName": "Annie", 
            "downvotes": "1909", 
            "upvotes": "4502"
        }, 
        {
            "champName": "Ryze", 
            "downvotes": "1038", 
            "upvotes": "2256"
        }, 
        {
            "champName": "Heimerdinger", 
            "downvotes": "45", 
            "upvotes": "143"
        }, 
        {
            "champName": "Yasuo", 
            "downvotes": "35", 
            "upvotes": "119"
        }, 
        {
            "champName": "Gragas", 
            "downvotes": "125", 
            "upvotes": "255"
        }, 
        {
            "champName": "Teemo", 
            "downvotes": "193", 
            "upvotes": "355"
        }, 
        {
            "champName": "Yasuo", 
            "downvotes": "8", 
            "upvotes": "72"
        }, 
        {
            "champName": "Lissandra", 
            "downvotes": "469", 
            "upvotes": "750"
        }, 
        {
            "champName": "Akali", 
            "downvotes": "468", 
            "upvotes": "746"
        }, 
        {
            "champName": "Fizz", 
            "downvotes": "38", 
            "upvotes": "113"
        }
    ], 
    "ChampionImageLocation": "http://www.solomid.net/guide/champ/brand.png", 
    "GoodWith": [
        {
            "champName": "Amumu", 
            "downvotes": "332", 
            "upvotes": "560"
        }, 
        {
            "champName": "Jarvan IV", 
            "downvotes": "236", 
            "upvotes": "370"
        }, 
        {
            "champName": "Sona", 
            "downvotes": "143", 
            "upvotes": "209"
        }, 
        {
            "champName": "Leona", 
            "downvotes": "53", 
            "upvotes": "90"
        }, 
        {
            "champName": "Annie", 
            "downvotes": "59", 
            "upvotes": "95"
        }, 
        {
            "champName": "Vladimir", 
            "downvotes": "327", 
            "upvotes": "393"
        }, 
        {
            "champName": "Maokai", 
            "downvotes": "63", 
            "upvotes": "92"
        }, 
        {
            "champName": "Malphite", 
            "downvotes": "127", 
            "upvotes": "161"
        }, 
        {
            "champName": "Galio", 
            "downvotes": "135", 
            "upvotes": "168"
        }, 
        {
            "champName": "Aatrox", 
            "downvotes": "17", 
            "upvotes": "40"
        }
    ]
}