{
    "ChampionName": {
        "lower": "brand", 
        "pretty": "Brand"
    }, 
    "WeakAgainst": [
        {
            "champName": "Kassadin", 
            "downvotes": "1326", 
            "upvotes": "3428"
        }, 
        {
            "champName": "Galio", 
            "downvotes": "462", 
            "upvotes": "1159"
        }, 
        {
            "champName": "Fizz", 
            "downvotes": "1220", 
            "upvotes": "2397"
        }, 
        {
            "champName": "LeBlanc", 
            "downvotes": "964", 
            "upvotes": "1750"
        }, 
        {
            "champName": "Yasuo", 
            "downvotes": "16", 
            "upvotes": "93"
        }, 
        {
            "champName": "Ziggs", 
            "downvotes": "101", 
            "upvotes": "231"
        }, 
        {
            "champName": "Gragas", 
            "downvotes": "99", 
            "upvotes": "227"
        }, 
        {
            "champName": "Zed", 
            "downvotes": "163", 
            "upvotes": "330"
        }, 
        {
            "champName": "Aatrox", 
            "downvotes": "63", 
            "upvotes": "165"
        }, 
        {
            "champName": "Talon", 
            "downvotes": "317", 
            "upvotes": "551"
        }
    ], 
    "StrongAgainst": [
        {
            "champName": "Annie", 
            "downvotes": "1913", 
            "upvotes": "4512"
        }, 
        {
            "champName": "Ryze", 
            "downvotes": "1043", 
            "upvotes": "2265"
        }, 
        {
            "champName": "Heimerdinger", 
            "downvotes": "45", 
            "upvotes": "143"
        }, 
        {
            "champName": "Yasuo", 
            "downvotes": "35", 
            "upvotes": "122"
        }, 
        {
            "champName": "Teemo", 
            "downvotes": "193", 
            "upvotes": "358"
        }, 
        {
            "champName": "Yasuo", 
            "downvotes": "8", 
            "upvotes": "73"
        }, 
        {
            "champName": "Gragas", 
            "downvotes": "128", 
            "upvotes": "255"
        }, 
        {
            "champName": "Fizz", 
            "downvotes": "38", 
            "upvotes": "115"
        }, 
        {
            "champName": "Lissandra", 
            "downvotes": "472", 
            "upvotes": "751"
        }, 
        {
            "champName": "Akali", 
            "downvotes": "471", 
            "upvotes": "746"
        }
    ], 
    "ChampionImageLocation": "http://www.solomid.net/guide/champ/brand.png", 
    "GoodWith": [
        {
            "champName": "Amumu", 
            "downvotes": "333", 
            "upvotes": "560"
        }, 
        {
            "champName": "Jarvan IV", 
            "downvotes": "235", 
            "upvotes": "372"
        }, 
        {
            "champName": "Sona", 
            "downvotes": "144", 
            "upvotes": "210"
        }, 
        {
            "champName": "Annie", 
            "downvotes": "58", 
            "upvotes": "97"
        }, 
        {
            "champName": "Leona", 
            "downvotes": "54", 
            "upvotes": "91"
        }, 
        {
            "champName": "Aatrox", 
            "downvotes": "16", 
            "upvotes": "43"
        }, 
        {
            "champName": "Vladimir", 
            "downvotes": "329", 
            "upvotes": "393"
        }, 
        {
            "champName": "Galio", 
            "downvotes": "134", 
            "upvotes": "169"
        }, 
        {
            "champName": "Caitlyn", 
            "downvotes": "2", 
            "upvotes": "24"
        }, 
        {
            "champName": "Malphite", 
            "downvotes": "128", 
            "upvotes": "160"
        }
    ]
}