{
    "ChampionName": {
        "lower": "caitlyn", 
        "pretty": "Caitlyn"
    }, 
    "WeakAgainst": [
        {
            "champName": "Sivir", 
            "downvotes": "3592", 
            "upvotes": "13627"
        }, 
        {
            "champName": "Jinx", 
            "downvotes": "3293", 
            "upvotes": "8826"
        }, 
        {
            "champName": "Yasuo", 
            "downvotes": "283", 
            "upvotes": "722"
        }, 
        {
            "champName": "Varus", 
            "downvotes": "2829", 
            "upvotes": "6040"
        }, 
        {
            "champName": "Tristana", 
            "downvotes": "2160", 
            "upvotes": "4267"
        }, 
        {
            "champName": "Jinx", 
            "downvotes": "938", 
            "upvotes": "1896"
        }, 
        {
            "champName": "Lucian", 
            "downvotes": "1072", 
            "upvotes": "2022"
        }, 
        {
            "champName": "Kog'Maw", 
            "downvotes": "1304", 
            "upvotes": "2370"
        }, 
        {
            "champName": "Aatrox", 
            "downvotes": "181", 
            "upvotes": "383"
        }, 
        {
            "champName": "Leona", 
            "downvotes": "499", 
            "upvotes": "858"
        }
    ], 
    "StrongAgainst": [
        {
            "champName": "Vayne", 
            "downvotes": "5744", 
            "upvotes": "21618"
        }, 
        {
            "champName": "Quinn", 
            "downvotes": "1800", 
            "upvotes": "5678"
        }, 
        {
            "champName": "Corki", 
            "downvotes": "1321", 
            "upvotes": "3065"
        }, 
        {
            "champName": "Graves", 
            "downvotes": "2245", 
            "upvotes": "4648"
        }, 
        {
            "champName": "Ezreal", 
            "downvotes": "2799", 
            "upvotes": "5768"
        }, 
        {
            "champName": "Aatrox", 
            "downvotes": "47", 
            "upvotes": "157"
        }, 
        {
            "champName": "Quinn", 
            "downvotes": "687", 
            "upvotes": "1266"
        }, 
        {
            "champName": "Twitch", 
            "downvotes": "1016", 
            "upvotes": "1819"
        }, 
        {
            "champName": "Jinx", 
            "downvotes": "142", 
            "upvotes": "300"
        }, 
        {
            "champName": "Ashe", 
            "downvotes": "1104", 
            "upvotes": "1842"
        }
    ], 
    "ChampionImageLocation": "http://www.solomid.net/guide/champ/caitlyn.png", 
    "GoodWith": [
        {
            "champName": "Leona", 
            "downvotes": "98", 
            "upvotes": "1171"
        }, 
        {
            "champName": "Sona", 
            "downvotes": "58", 
            "upvotes": "588"
        }, 
        {
            "champName": "Thresh", 
            "downvotes": "243", 
            "upvotes": "1113"
        }, 
        {
            "champName": "Soraka", 
            "downvotes": "136", 
            "upvotes": "649"
        }, 
        {
            "champName": "Nami", 
            "downvotes": "181", 
            "upvotes": "819"
        }, 
        {
            "champName": "Alistar", 
            "downvotes": "101", 
            "upvotes": "417"
        }, 
        {
            "champName": "Aatrox", 
            "downvotes": "27", 
            "upvotes": "152"
        }, 
        {
            "champName": "Lulu", 
            "downvotes": "170", 
            "upvotes": "611"
        }, 
        {
            "champName": "Morgana", 
            "downvotes": "26", 
            "upvotes": "134"
        }, 
        {
            "champName": "Janna", 
            "downvotes": "245", 
            "upvotes": "764"
        }
    ]
}