{
    "ChampionName": {
        "lower": "caitlyn", 
        "pretty": "Caitlyn"
    }, 
    "WeakAgainst": [
        {
            "champName": "Sivir", 
            "downvotes": "3579", 
            "upvotes": "13554"
        }, 
        {
            "champName": "Jinx", 
            "downvotes": "3268", 
            "upvotes": "8760"
        }, 
        {
            "champName": "Yasuo", 
            "downvotes": "284", 
            "upvotes": "717"
        }, 
        {
            "champName": "Varus", 
            "downvotes": "2821", 
            "upvotes": "6026"
        }, 
        {
            "champName": "Tristana", 
            "downvotes": "2151", 
            "upvotes": "4248"
        }, 
        {
            "champName": "Jinx", 
            "downvotes": "933", 
            "upvotes": "1883"
        }, 
        {
            "champName": "Lucian", 
            "downvotes": "1064", 
            "upvotes": "1996"
        }, 
        {
            "champName": "Kog'Maw", 
            "downvotes": "1300", 
            "upvotes": "2367"
        }, 
        {
            "champName": "Aatrox", 
            "downvotes": "181", 
            "upvotes": "382"
        }, 
        {
            "champName": "Leona", 
            "downvotes": "493", 
            "upvotes": "857"
        }
    ], 
    "StrongAgainst": [
        {
            "champName": "Vayne", 
            "downvotes": "5720", 
            "upvotes": "21547"
        }, 
        {
            "champName": "Quinn", 
            "downvotes": "1795", 
            "upvotes": "5662"
        }, 
        {
            "champName": "Corki", 
            "downvotes": "1321", 
            "upvotes": "3056"
        }, 
        {
            "champName": "Graves", 
            "downvotes": "2233", 
            "upvotes": "4632"
        }, 
        {
            "champName": "Ezreal", 
            "downvotes": "2791", 
            "upvotes": "5750"
        }, 
        {
            "champName": "Aatrox", 
            "downvotes": "48", 
            "upvotes": "155"
        }, 
        {
            "champName": "Quinn", 
            "downvotes": "685", 
            "upvotes": "1266"
        }, 
        {
            "champName": "Twitch", 
            "downvotes": "1010", 
            "upvotes": "1812"
        }, 
        {
            "champName": "Jinx", 
            "downvotes": "137", 
            "upvotes": "299"
        }, 
        {
            "champName": "Ashe", 
            "downvotes": "1102", 
            "upvotes": "1829"
        }
    ], 
    "ChampionImageLocation": "http://www.solomid.net/guide/champ/caitlyn.png", 
    "GoodWith": [
        {
            "champName": "Leona", 
            "downvotes": "97", 
            "upvotes": "1167"
        }, 
        {
            "champName": "Sona", 
            "downvotes": "54", 
            "upvotes": "589"
        }, 
        {
            "champName": "Thresh", 
            "downvotes": "243", 
            "upvotes": "1109"
        }, 
        {
            "champName": "Soraka", 
            "downvotes": "136", 
            "upvotes": "648"
        }, 
        {
            "champName": "Nami", 
            "downvotes": "179", 
            "upvotes": "817"
        }, 
        {
            "champName": "Alistar", 
            "downvotes": "101", 
            "upvotes": "416"
        }, 
        {
            "champName": "Aatrox", 
            "downvotes": "25", 
            "upvotes": "151"
        }, 
        {
            "champName": "Lulu", 
            "downvotes": "169", 
            "upvotes": "611"
        }, 
        {
            "champName": "Janna", 
            "downvotes": "245", 
            "upvotes": "764"
        }, 
        {
            "champName": "Morgana", 
            "downvotes": "26", 
            "upvotes": "132"
        }
    ]
}