{
    "ChampionName": {
        "lower": "cassiopeia", 
        "pretty": "Cassiopeia"
    }, 
    "WeakAgainst": [
        {
            "champName": "Galio", 
            "downvotes": "577", 
            "upvotes": "2585"
        }, 
        {
            "champName": "LeBlanc", 
            "downvotes": "659", 
            "upvotes": "1342"
        }, 
        {
            "champName": "Talon", 
            "downvotes": "484", 
            "upvotes": "934"
        }, 
        {
            "champName": "Fizz", 
            "downvotes": "789", 
            "upvotes": "1246"
        }, 
        {
            "champName": "Gragas", 
            "downvotes": "48", 
            "upvotes": "128"
        }, 
        {
            "champName": "Diana", 
            "downvotes": "316", 
            "upvotes": "480"
        }, 
        {
            "champName": "Ahri", 
            "downvotes": "496", 
            "upvotes": "713"
        }, 
        {
            "champName": "Orianna", 
            "downvotes": "45", 
            "upvotes": "113"
        }, 
        {
            "champName": "Katarina", 
            "downvotes": "84", 
            "upvotes": "164"
        }, 
        {
            "champName": "Lux", 
            "downvotes": "719", 
            "upvotes": "978"
        }
    ], 
    "StrongAgainst": [
        {
            "champName": "Ryze", 
            "downvotes": "1380", 
            "upvotes": "5914"
        }, 
        {
            "champName": "Mordekaiser", 
            "downvotes": "511", 
            "upvotes": "1119"
        }, 
        {
            "champName": "Yasuo", 
            "downvotes": "38", 
            "upvotes": "145"
        }, 
        {
            "champName": "Nunu", 
            "downvotes": "270", 
            "upvotes": "566"
        }, 
        {
            "champName": "Yasuo", 
            "downvotes": "27", 
            "upvotes": "117"
        }, 
        {
            "champName": "Swain", 
            "downvotes": "797", 
            "upvotes": "1323"
        }, 
        {
            "champName": "Zed", 
            "downvotes": "52", 
            "upvotes": "142"
        }, 
        {
            "champName": "Vladimir", 
            "downvotes": "355", 
            "upvotes": "588"
        }, 
        {
            "champName": "Akali", 
            "downvotes": "266", 
            "upvotes": "436"
        }, 
        {
            "champName": "Fizz", 
            "downvotes": "94", 
            "upvotes": "186"
        }
    ], 
    "ChampionImageLocation": "http://www.solomid.net/guide/champ/cassiopeia.png", 
    "GoodWith": [
        {
            "champName": "Teemo", 
            "downvotes": "945", 
            "upvotes": "2011"
        }, 
        {
            "champName": "Singed", 
            "downvotes": "518", 
            "upvotes": "989"
        }, 
        {
            "champName": "Yorick", 
            "downvotes": "328", 
            "upvotes": "516"
        }, 
        {
            "champName": "Ahri", 
            "downvotes": "16", 
            "upvotes": "49"
        }, 
        {
            "champName": "Jarvan IV", 
            "downvotes": "15", 
            "upvotes": "46"
        }, 
        {
            "champName": "Katarina", 
            "downvotes": "25", 
            "upvotes": "59"
        }, 
        {
            "champName": "Amumu", 
            "downvotes": "178", 
            "upvotes": "240"
        }, 
        {
            "champName": "Twitch", 
            "downvotes": "159", 
            "upvotes": "196"
        }, 
        {
            "champName": "Malphite", 
            "downvotes": "79", 
            "upvotes": "107"
        }, 
        {
            "champName": "Akali", 
            "downvotes": "6", 
            "upvotes": "28"
        }
    ]
}