{
    "ChampionName": {
        "lower": "cassiopeia", 
        "pretty": "Cassiopeia"
    }, 
    "WeakAgainst": [
        {
            "champName": "Galio", 
            "downvotes": "578", 
            "upvotes": "2582"
        }, 
        {
            "champName": "LeBlanc", 
            "downvotes": "654", 
            "upvotes": "1340"
        }, 
        {
            "champName": "Talon", 
            "downvotes": "484", 
            "upvotes": "931"
        }, 
        {
            "champName": "Fizz", 
            "downvotes": "788", 
            "upvotes": "1242"
        }, 
        {
            "champName": "Gragas", 
            "downvotes": "48", 
            "upvotes": "127"
        }, 
        {
            "champName": "Diana", 
            "downvotes": "317", 
            "upvotes": "479"
        }, 
        {
            "champName": "Orianna", 
            "downvotes": "45", 
            "upvotes": "113"
        }, 
        {
            "champName": "Ahri", 
            "downvotes": "496", 
            "upvotes": "712"
        }, 
        {
            "champName": "Katarina", 
            "downvotes": "84", 
            "upvotes": "163"
        }, 
        {
            "champName": "Lux", 
            "downvotes": "718", 
            "upvotes": "975"
        }
    ], 
    "StrongAgainst": [
        {
            "champName": "Ryze", 
            "downvotes": "1375", 
            "upvotes": "5895"
        }, 
        {
            "champName": "Mordekaiser", 
            "downvotes": "510", 
            "upvotes": "1117"
        }, 
        {
            "champName": "Yasuo", 
            "downvotes": "37", 
            "upvotes": "144"
        }, 
        {
            "champName": "Nunu", 
            "downvotes": "265", 
            "upvotes": "567"
        }, 
        {
            "champName": "Yasuo", 
            "downvotes": "27", 
            "upvotes": "117"
        }, 
        {
            "champName": "Swain", 
            "downvotes": "793", 
            "upvotes": "1321"
        }, 
        {
            "champName": "Zed", 
            "downvotes": "52", 
            "upvotes": "142"
        }, 
        {
            "champName": "Vladimir", 
            "downvotes": "355", 
            "upvotes": "587"
        }, 
        {
            "champName": "Akali", 
            "downvotes": "266", 
            "upvotes": "435"
        }, 
        {
            "champName": "Fizz", 
            "downvotes": "94", 
            "upvotes": "185"
        }
    ], 
    "ChampionImageLocation": "http://www.solomid.net/guide/champ/cassiopeia.png", 
    "GoodWith": [
        {
            "champName": "Teemo", 
            "downvotes": "943", 
            "upvotes": "2011"
        }, 
        {
            "champName": "Singed", 
            "downvotes": "517", 
            "upvotes": "988"
        }, 
        {
            "champName": "Yorick", 
            "downvotes": "329", 
            "upvotes": "515"
        }, 
        {
            "champName": "Jarvan IV", 
            "downvotes": "14", 
            "upvotes": "47"
        }, 
        {
            "champName": "Ahri", 
            "downvotes": "16", 
            "upvotes": "49"
        }, 
        {
            "champName": "Katarina", 
            "downvotes": "25", 
            "upvotes": "58"
        }, 
        {
            "champName": "Amumu", 
            "downvotes": "177", 
            "upvotes": "239"
        }, 
        {
            "champName": "Akali", 
            "downvotes": "5", 
            "upvotes": "29"
        }, 
        {
            "champName": "Twitch", 
            "downvotes": "158", 
            "upvotes": "195"
        }, 
        {
            "champName": "Malphite", 
            "downvotes": "79", 
            "upvotes": "107"
        }
    ]
}