{
    "ChampionName": {
        "lower": "chogath", 
        "pretty": "Cho'Gath"
    }, 
    "WeakAgainst": [
        {
            "champName": "Warwick", 
            "downvotes": "1078", 
            "upvotes": "2856"
        }, 
        {
            "champName": "Vayne", 
            "downvotes": "583", 
            "upvotes": "1348"
        }, 
        {
            "champName": "Kog'Maw", 
            "downvotes": "405", 
            "upvotes": "788"
        }, 
        {
            "champName": "Kayle", 
            "downvotes": "647", 
            "upvotes": "1034"
        }, 
        {
            "champName": "Aatrox", 
            "downvotes": "164", 
            "upvotes": "290"
        }, 
        {
            "champName": "Fizz", 
            "downvotes": "224", 
            "upvotes": "373"
        }, 
        {
            "champName": "Lee Sin", 
            "downvotes": "86", 
            "upvotes": "176"
        }, 
        {
            "champName": "Jax", 
            "downvotes": "255", 
            "upvotes": "390"
        }, 
        {
            "champName": "Garen", 
            "downvotes": "546", 
            "upvotes": "768"
        }, 
        {
            "champName": "Wukong", 
            "downvotes": "42", 
            "upvotes": "107"
        }
    ], 
    "StrongAgainst": [
        {
            "champName": "Yorick", 
            "downvotes": "3094", 
            "upvotes": "8142"
        }, 
        {
            "champName": "Katarina", 
            "downvotes": "611", 
            "upvotes": "1596"
        }, 
        {
            "champName": "Malphite", 
            "downvotes": "786", 
            "upvotes": "1684"
        }, 
        {
            "champName": "Darius", 
            "downvotes": "804", 
            "upvotes": "1533"
        }, 
        {
            "champName": "Nasus", 
            "downvotes": "99", 
            "upvotes": "252"
        }, 
        {
            "champName": "Renekton", 
            "downvotes": "83", 
            "upvotes": "217"
        }, 
        {
            "champName": "Teemo", 
            "downvotes": "174", 
            "upvotes": "372"
        }, 
        {
            "champName": "Aatrox", 
            "downvotes": "23", 
            "upvotes": "108"
        }, 
        {
            "champName": "Yasuo", 
            "downvotes": "10", 
            "upvotes": "85"
        }, 
        {
            "champName": "Jax", 
            "downvotes": "237", 
            "upvotes": "462"
        }
    ], 
    "ChampionImageLocation": "http://www.solomid.net/guide/champ/chogath.png", 
    "GoodWith": [
        {
            "champName": "Yasuo", 
            "downvotes": "103", 
            "upvotes": "475"
        }, 
        {
            "champName": "Lulu", 
            "downvotes": "482", 
            "upvotes": "873"
        }, 
        {
            "champName": "Aatrox", 
            "downvotes": "61", 
            "upvotes": "111"
        }, 
        {
            "champName": "Pantheon", 
            "downvotes": "8", 
            "upvotes": "38"
        }, 
        {
            "champName": "Jax", 
            "downvotes": "24", 
            "upvotes": "55"
        }, 
        {
            "champName": "Teemo", 
            "downvotes": "440", 
            "upvotes": "554"
        }, 
        {
            "champName": "Alistar", 
            "downvotes": "72", 
            "upvotes": "110"
        }, 
        {
            "champName": "Darius", 
            "downvotes": "301", 
            "upvotes": "383"
        }, 
        {
            "champName": "Evelynn", 
            "downvotes": "138", 
            "upvotes": "183"
        }, 
        {
            "champName": "Kassadin", 
            "downvotes": "130", 
            "upvotes": "173"
        }
    ]
}