{
    "ChampionName": {
        "lower": "chogath", 
        "pretty": "Cho'Gath"
    }, 
    "WeakAgainst": [
        {
            "champName": "Warwick", 
            "downvotes": "1075", 
            "upvotes": "2853"
        }, 
        {
            "champName": "Vayne", 
            "downvotes": "582", 
            "upvotes": "1346"
        }, 
        {
            "champName": "Kog'Maw", 
            "downvotes": "404", 
            "upvotes": "787"
        }, 
        {
            "champName": "Kayle", 
            "downvotes": "644", 
            "upvotes": "1031"
        }, 
        {
            "champName": "Lee Sin", 
            "downvotes": "85", 
            "upvotes": "176"
        }, 
        {
            "champName": "Aatrox", 
            "downvotes": "165", 
            "upvotes": "288"
        }, 
        {
            "champName": "Fizz", 
            "downvotes": "225", 
            "upvotes": "369"
        }, 
        {
            "champName": "Jax", 
            "downvotes": "254", 
            "upvotes": "389"
        }, 
        {
            "champName": "Wukong", 
            "downvotes": "41", 
            "upvotes": "106"
        }, 
        {
            "champName": "Garen", 
            "downvotes": "545", 
            "upvotes": "765"
        }
    ], 
    "StrongAgainst": [
        {
            "champName": "Yorick", 
            "downvotes": "3090", 
            "upvotes": "8131"
        }, 
        {
            "champName": "Katarina", 
            "downvotes": "611", 
            "upvotes": "1596"
        }, 
        {
            "champName": "Malphite", 
            "downvotes": "785", 
            "upvotes": "1680"
        }, 
        {
            "champName": "Darius", 
            "downvotes": "804", 
            "upvotes": "1533"
        }, 
        {
            "champName": "Nasus", 
            "downvotes": "99", 
            "upvotes": "252"
        }, 
        {
            "champName": "Renekton", 
            "downvotes": "82", 
            "upvotes": "216"
        }, 
        {
            "champName": "Teemo", 
            "downvotes": "174", 
            "upvotes": "372"
        }, 
        {
            "champName": "Yasuo", 
            "downvotes": "10", 
            "upvotes": "84"
        }, 
        {
            "champName": "Diana", 
            "downvotes": "508", 
            "upvotes": "918"
        }, 
        {
            "champName": "Aatrox", 
            "downvotes": "24", 
            "upvotes": "107"
        }
    ], 
    "ChampionImageLocation": "http://www.solomid.net/guide/champ/chogath.png", 
    "GoodWith": [
        {
            "champName": "Yasuo", 
            "downvotes": "102", 
            "upvotes": "475"
        }, 
        {
            "champName": "Lulu", 
            "downvotes": "481", 
            "upvotes": "873"
        }, 
        {
            "champName": "Aatrox", 
            "downvotes": "57", 
            "upvotes": "113"
        }, 
        {
            "champName": "Pantheon", 
            "downvotes": "7", 
            "upvotes": "39"
        }, 
        {
            "champName": "Jax", 
            "downvotes": "23", 
            "upvotes": "56"
        }, 
        {
            "champName": "Teemo", 
            "downvotes": "440", 
            "upvotes": "553"
        }, 
        {
            "champName": "Alistar", 
            "downvotes": "72", 
            "upvotes": "110"
        }, 
        {
            "champName": "Darius", 
            "downvotes": "301", 
            "upvotes": "382"
        }, 
        {
            "champName": "Evelynn", 
            "downvotes": "137", 
            "upvotes": "184"
        }, 
        {
            "champName": "Kassadin", 
            "downvotes": "129", 
            "upvotes": "174"
        }
    ]
}