{
    "ChampionName": {
        "lower": "chogath", 
        "pretty": "Cho'Gath"
    }, 
    "WeakAgainst": [
        {
            "champName": "Warwick", 
            "downvotes": "1078", 
            "upvotes": "2856"
        }, 
        {
            "champName": "Vayne", 
            "downvotes": "585", 
            "upvotes": "1348"
        }, 
        {
            "champName": "Kog'Maw", 
            "downvotes": "404", 
            "upvotes": "790"
        }, 
        {
            "champName": "Kayle", 
            "downvotes": "650", 
            "upvotes": "1033"
        }, 
        {
            "champName": "Aatrox", 
            "downvotes": "165", 
            "upvotes": "289"
        }, 
        {
            "champName": "Fizz", 
            "downvotes": "226", 
            "upvotes": "374"
        }, 
        {
            "champName": "Lee Sin", 
            "downvotes": "86", 
            "upvotes": "176"
        }, 
        {
            "champName": "Jax", 
            "downvotes": "257", 
            "upvotes": "390"
        }, 
        {
            "champName": "Garen", 
            "downvotes": "547", 
            "upvotes": "767"
        }, 
        {
            "champName": "Wukong", 
            "downvotes": "42", 
            "upvotes": "107"
        }
    ], 
    "StrongAgainst": [
        {
            "champName": "Yorick", 
            "downvotes": "3097", 
            "upvotes": "8149"
        }, 
        {
            "champName": "Katarina", 
            "downvotes": "611", 
            "upvotes": "1599"
        }, 
        {
            "champName": "Malphite", 
            "downvotes": "787", 
            "upvotes": "1686"
        }, 
        {
            "champName": "Darius", 
            "downvotes": "801", 
            "upvotes": "1539"
        }, 
        {
            "champName": "Nasus", 
            "downvotes": "99", 
            "upvotes": "252"
        }, 
        {
            "champName": "Teemo", 
            "downvotes": "174", 
            "upvotes": "372"
        }, 
        {
            "champName": "Renekton", 
            "downvotes": "85", 
            "upvotes": "217"
        }, 
        {
            "champName": "Yasuo", 
            "downvotes": "10", 
            "upvotes": "86"
        }, 
        {
            "champName": "Aatrox", 
            "downvotes": "23", 
            "upvotes": "108"
        }, 
        {
            "champName": "Jax", 
            "downvotes": "237", 
            "upvotes": "463"
        }
    ], 
    "ChampionImageLocation": "http://www.solomid.net/guide/champ/chogath.png", 
    "GoodWith": [
        {
            "champName": "Yasuo", 
            "downvotes": "103", 
            "upvotes": "478"
        }, 
        {
            "champName": "Lulu", 
            "downvotes": "483", 
            "upvotes": "874"
        }, 
        {
            "champName": "Aatrox", 
            "downvotes": "61", 
            "upvotes": "112"
        }, 
        {
            "champName": "Pantheon", 
            "downvotes": "8", 
            "upvotes": "38"
        }, 
        {
            "champName": "Teemo", 
            "downvotes": "440", 
            "upvotes": "554"
        }, 
        {
            "champName": "Jax", 
            "downvotes": "25", 
            "upvotes": "54"
        }, 
        {
            "champName": "Darius", 
            "downvotes": "301", 
            "upvotes": "383"
        }, 
        {
            "champName": "Alistar", 
            "downvotes": "73", 
            "upvotes": "109"
        }, 
        {
            "champName": "Evelynn", 
            "downvotes": "138", 
            "upvotes": "183"
        }, 
        {
            "champName": "Katarina", 
            "downvotes": "75", 
            "upvotes": "110"
        }
    ]
}