{
    "ChampionName": {
        "lower": "corki", 
        "pretty": "Corki"
    }, 
    "WeakAgainst": [
        {
            "champName": "Caitlyn", 
            "downvotes": "1321", 
            "upvotes": "3065"
        }, 
        {
            "champName": "Draven", 
            "downvotes": "660", 
            "upvotes": "1227"
        }, 
        {
            "champName": "Varus", 
            "downvotes": "454", 
            "upvotes": "635"
        }, 
        {
            "champName": "Urgot", 
            "downvotes": "444", 
            "upvotes": "524"
        }, 
        {
            "champName": "Lucian", 
            "downvotes": "258", 
            "upvotes": "318"
        }, 
        {
            "champName": "Kog'Maw", 
            "downvotes": "433", 
            "upvotes": "470"
        }, 
        {
            "champName": "Aatrox", 
            "downvotes": "115", 
            "upvotes": "148"
        }, 
        {
            "champName": "Ashe", 
            "downvotes": "269", 
            "upvotes": "294"
        }, 
        {
            "champName": "Akali", 
            "downvotes": "117", 
            "upvotes": "149"
        }, 
        {
            "champName": "Miss Fortune", 
            "downvotes": "215", 
            "upvotes": "228"
        }
    ], 
    "StrongAgainst": [
        {
            "champName": "Jinx", 
            "downvotes": "1091", 
            "upvotes": "3652"
        }, 
        {
            "champName": "Tristana", 
            "downvotes": "1014", 
            "upvotes": "2656"
        }, 
        {
            "champName": "Twitch", 
            "downvotes": "480", 
            "upvotes": "1003"
        }, 
        {
            "champName": "Vayne", 
            "downvotes": "1093", 
            "upvotes": "2113"
        }, 
        {
            "champName": "Ezreal", 
            "downvotes": "867", 
            "upvotes": "1451"
        }, 
        {
            "champName": "Graves", 
            "downvotes": "518", 
            "upvotes": "808"
        }, 
        {
            "champName": "Jinx", 
            "downvotes": "157", 
            "upvotes": "268"
        }, 
        {
            "champName": "Sivir", 
            "downvotes": "452", 
            "upvotes": "602"
        }, 
        {
            "champName": "Ashe", 
            "downvotes": "289", 
            "upvotes": "401"
        }, 
        {
            "champName": "Quinn", 
            "downvotes": "248", 
            "upvotes": "347"
        }
    ], 
    "ChampionImageLocation": "http://www.solomid.net/guide/champ/corki.png", 
    "GoodWith": [
        {
            "champName": "Thresh", 
            "downvotes": "19", 
            "upvotes": "248"
        }, 
        {
            "champName": "Nami", 
            "downvotes": "17", 
            "upvotes": "144"
        }, 
        {
            "champName": "Leona", 
            "downvotes": "784", 
            "upvotes": "2448"
        }, 
        {
            "champName": "Alistar", 
            "downvotes": "47", 
            "upvotes": "186"
        }, 
        {
            "champName": "Zyra", 
            "downvotes": "22", 
            "upvotes": "108"
        }, 
        {
            "champName": "Lulu", 
            "downvotes": "31", 
            "upvotes": "131"
        }, 
        {
            "champName": "Aatrox", 
            "downvotes": "2", 
            "upvotes": "50"
        }, 
        {
            "champName": "Nunu", 
            "downvotes": "28", 
            "upvotes": "109"
        }, 
        {
            "champName": "Sona", 
            "downvotes": "218", 
            "upvotes": "520"
        }, 
        {
            "champName": "Janna", 
            "downvotes": "74", 
            "upvotes": "199"
        }
    ]
}