{
    "ChampionName": {
        "lower": "corki", 
        "pretty": "Corki"
    }, 
    "WeakAgainst": [
        {
            "champName": "Caitlyn", 
            "downvotes": "1321", 
            "upvotes": "3056"
        }, 
        {
            "champName": "Draven", 
            "downvotes": "659", 
            "upvotes": "1225"
        }, 
        {
            "champName": "Varus", 
            "downvotes": "453", 
            "upvotes": "634"
        }, 
        {
            "champName": "Urgot", 
            "downvotes": "445", 
            "upvotes": "522"
        }, 
        {
            "champName": "Lucian", 
            "downvotes": "256", 
            "upvotes": "318"
        }, 
        {
            "champName": "Kog'Maw", 
            "downvotes": "433", 
            "upvotes": "469"
        }, 
        {
            "champName": "Aatrox", 
            "downvotes": "115", 
            "upvotes": "147"
        }, 
        {
            "champName": "Ashe", 
            "downvotes": "269", 
            "upvotes": "291"
        }, 
        {
            "champName": "Akali", 
            "downvotes": "118", 
            "upvotes": "147"
        }, 
        {
            "champName": "Miss Fortune", 
            "downvotes": "214", 
            "upvotes": "229"
        }
    ], 
    "StrongAgainst": [
        {
            "champName": "Jinx", 
            "downvotes": "1085", 
            "upvotes": "3644"
        }, 
        {
            "champName": "Tristana", 
            "downvotes": "1011", 
            "upvotes": "2651"
        }, 
        {
            "champName": "Twitch", 
            "downvotes": "479", 
            "upvotes": "996"
        }, 
        {
            "champName": "Vayne", 
            "downvotes": "1087", 
            "upvotes": "2108"
        }, 
        {
            "champName": "Ezreal", 
            "downvotes": "866", 
            "upvotes": "1447"
        }, 
        {
            "champName": "Graves", 
            "downvotes": "518", 
            "upvotes": "806"
        }, 
        {
            "champName": "Jinx", 
            "downvotes": "155", 
            "upvotes": "269"
        }, 
        {
            "champName": "Sivir", 
            "downvotes": "451", 
            "upvotes": "598"
        }, 
        {
            "champName": "Ashe", 
            "downvotes": "289", 
            "upvotes": "400"
        }, 
        {
            "champName": "Quinn", 
            "downvotes": "246", 
            "upvotes": "347"
        }
    ], 
    "ChampionImageLocation": "http://www.solomid.net/guide/champ/corki.png", 
    "GoodWith": [
        {
            "champName": "Thresh", 
            "downvotes": "19", 
            "upvotes": "248"
        }, 
        {
            "champName": "Nami", 
            "downvotes": "17", 
            "upvotes": "144"
        }, 
        {
            "champName": "Leona", 
            "downvotes": "783", 
            "upvotes": "2447"
        }, 
        {
            "champName": "Alistar", 
            "downvotes": "48", 
            "upvotes": "185"
        }, 
        {
            "champName": "Lulu", 
            "downvotes": "30", 
            "upvotes": "132"
        }, 
        {
            "champName": "Zyra", 
            "downvotes": "22", 
            "upvotes": "108"
        }, 
        {
            "champName": "Aatrox", 
            "downvotes": "2", 
            "upvotes": "50"
        }, 
        {
            "champName": "Nunu", 
            "downvotes": "29", 
            "upvotes": "108"
        }, 
        {
            "champName": "Sona", 
            "downvotes": "218", 
            "upvotes": "520"
        }, 
        {
            "champName": "Janna", 
            "downvotes": "74", 
            "upvotes": "199"
        }
    ]
}