{
    "ChampionName": {
        "lower": "darius", 
        "pretty": "Darius"
    }, 
    "WeakAgainst": [
        {
            "champName": "Kayle", 
            "downvotes": "1577", 
            "upvotes": "5839"
        }, 
        {
            "champName": "Yorick", 
            "downvotes": "1620", 
            "upvotes": "5614"
        }, 
        {
            "champName": "Jayce", 
            "downvotes": "1881", 
            "upvotes": "5874"
        }, 
        {
            "champName": "Teemo", 
            "downvotes": "8958", 
            "upvotes": "18821"
        }, 
        {
            "champName": "Aatrox", 
            "downvotes": "1593", 
            "upvotes": "3232"
        }, 
        {
            "champName": "Pantheon", 
            "downvotes": "411", 
            "upvotes": "874"
        }, 
        {
            "champName": "Elise", 
            "downvotes": "827", 
            "upvotes": "1679"
        }, 
        {
            "champName": "Kennen", 
            "downvotes": "718", 
            "upvotes": "1423"
        }, 
        {
            "champName": "Cho'Gath", 
            "downvotes": "804", 
            "upvotes": "1533"
        }, 
        {
            "champName": "Pantheon", 
            "downvotes": "30", 
            "upvotes": "124"
        }
    ], 
    "StrongAgainst": [
        {
            "champName": "Yasuo", 
            "downvotes": "558", 
            "upvotes": "1507"
        }, 
        {
            "champName": "Wukong", 
            "downvotes": "2034", 
            "upvotes": "4909"
        }, 
        {
            "champName": "Dr. Mundo", 
            "downvotes": "485", 
            "upvotes": "1084"
        }, 
        {
            "champName": "Nasus", 
            "downvotes": "1245", 
            "upvotes": "2403"
        }, 
        {
            "champName": "Poppy", 
            "downvotes": "642", 
            "upvotes": "1248"
        }, 
        {
            "champName": "Tryndamere", 
            "downvotes": "81", 
            "upvotes": "211"
        }, 
        {
            "champName": "Jax", 
            "downvotes": "299", 
            "upvotes": "586"
        }, 
        {
            "champName": "Renekton", 
            "downvotes": "272", 
            "upvotes": "536"
        }, 
        {
            "champName": "Garen", 
            "downvotes": "578", 
            "upvotes": "1019"
        }, 
        {
            "champName": "Riven", 
            "downvotes": "1595", 
            "upvotes": "2695"
        }
    ], 
    "ChampionImageLocation": "http://www.solomid.net/guide/champ/darius.png", 
    "GoodWith": [
        {
            "champName": "Aatrox", 
            "downvotes": "19", 
            "upvotes": "128"
        }, 
        {
            "champName": "Draven", 
            "downvotes": "1691", 
            "upvotes": "4326"
        }, 
        {
            "champName": "Teemo", 
            "downvotes": "31", 
            "upvotes": "125"
        }, 
        {
            "champName": "Fiora", 
            "downvotes": "222", 
            "upvotes": "489"
        }, 
        {
            "champName": "Katarina", 
            "downvotes": "28", 
            "upvotes": "96"
        }, 
        {
            "champName": "Volibear", 
            "downvotes": "42", 
            "upvotes": "121"
        }, 
        {
            "champName": "Blitzcrank", 
            "downvotes": "400", 
            "upvotes": "770"
        }, 
        {
            "champName": "Lux", 
            "downvotes": "8", 
            "upvotes": "46"
        }, 
        {
            "champName": "Alistar", 
            "downvotes": "16", 
            "upvotes": "59"
        }, 
        {
            "champName": "Pantheon", 
            "downvotes": "120", 
            "upvotes": "227"
        }
    ]
}