{
    "ChampionName": {
        "lower": "darius", 
        "pretty": "Darius"
    }, 
    "WeakAgainst": [
        {
            "champName": "Kayle", 
            "downvotes": "1582", 
            "upvotes": "5861"
        }, 
        {
            "champName": "Yorick", 
            "downvotes": "1624", 
            "upvotes": "5629"
        }, 
        {
            "champName": "Jayce", 
            "downvotes": "1877", 
            "upvotes": "5897"
        }, 
        {
            "champName": "Teemo", 
            "downvotes": "8987", 
            "upvotes": "18869"
        }, 
        {
            "champName": "Aatrox", 
            "downvotes": "1601", 
            "upvotes": "3246"
        }, 
        {
            "champName": "Pantheon", 
            "downvotes": "411", 
            "upvotes": "880"
        }, 
        {
            "champName": "Elise", 
            "downvotes": "824", 
            "upvotes": "1683"
        }, 
        {
            "champName": "Kennen", 
            "downvotes": "724", 
            "upvotes": "1425"
        }, 
        {
            "champName": "Cho'Gath", 
            "downvotes": "801", 
            "upvotes": "1539"
        }, 
        {
            "champName": "Pantheon", 
            "downvotes": "32", 
            "upvotes": "124"
        }
    ], 
    "StrongAgainst": [
        {
            "champName": "Yasuo", 
            "downvotes": "563", 
            "upvotes": "1512"
        }, 
        {
            "champName": "Wukong", 
            "downvotes": "2041", 
            "upvotes": "4919"
        }, 
        {
            "champName": "Dr. Mundo", 
            "downvotes": "486", 
            "upvotes": "1094"
        }, 
        {
            "champName": "Nasus", 
            "downvotes": "1250", 
            "upvotes": "2423"
        }, 
        {
            "champName": "Poppy", 
            "downvotes": "641", 
            "upvotes": "1253"
        }, 
        {
            "champName": "Tryndamere", 
            "downvotes": "83", 
            "upvotes": "215"
        }, 
        {
            "champName": "Jax", 
            "downvotes": "303", 
            "upvotes": "597"
        }, 
        {
            "champName": "Renekton", 
            "downvotes": "273", 
            "upvotes": "541"
        }, 
        {
            "champName": "Aatrox", 
            "downvotes": "47", 
            "upvotes": "145"
        }, 
        {
            "champName": "Garen", 
            "downvotes": "578", 
            "upvotes": "1027"
        }
    ], 
    "ChampionImageLocation": "http://www.solomid.net/guide/champ/darius.png", 
    "GoodWith": [
        {
            "champName": "Aatrox", 
            "downvotes": "19", 
            "upvotes": "130"
        }, 
        {
            "champName": "Draven", 
            "downvotes": "1700", 
            "upvotes": "4332"
        }, 
        {
            "champName": "Teemo", 
            "downvotes": "31", 
            "upvotes": "125"
        }, 
        {
            "champName": "Fiora", 
            "downvotes": "223", 
            "upvotes": "493"
        }, 
        {
            "champName": "Volibear", 
            "downvotes": "42", 
            "upvotes": "121"
        }, 
        {
            "champName": "Katarina", 
            "downvotes": "29", 
            "upvotes": "95"
        }, 
        {
            "champName": "Blitzcrank", 
            "downvotes": "400", 
            "upvotes": "773"
        }, 
        {
            "champName": "Thresh", 
            "downvotes": "2", 
            "upvotes": "38"
        }, 
        {
            "champName": "Alistar", 
            "downvotes": "16", 
            "upvotes": "59"
        }, 
        {
            "champName": "Pantheon", 
            "downvotes": "121", 
            "upvotes": "226"
        }
    ]
}