{
    "ChampionName": {
        "lower": "darius", 
        "pretty": "Darius"
    }, 
    "WeakAgainst": [
        {
            "champName": "Kayle", 
            "downvotes": "1579", 
            "upvotes": "5856"
        }, 
        {
            "champName": "Yorick", 
            "downvotes": "1625", 
            "upvotes": "5620"
        }, 
        {
            "champName": "Jayce", 
            "downvotes": "1879", 
            "upvotes": "5888"
        }, 
        {
            "champName": "Teemo", 
            "downvotes": "8974", 
            "upvotes": "18844"
        }, 
        {
            "champName": "Aatrox", 
            "downvotes": "1598", 
            "upvotes": "3241"
        }, 
        {
            "champName": "Elise", 
            "downvotes": "824", 
            "upvotes": "1682"
        }, 
        {
            "champName": "Pantheon", 
            "downvotes": "412", 
            "upvotes": "877"
        }, 
        {
            "champName": "Kennen", 
            "downvotes": "721", 
            "upvotes": "1425"
        }, 
        {
            "champName": "Cho'Gath", 
            "downvotes": "804", 
            "upvotes": "1533"
        }, 
        {
            "champName": "Pantheon", 
            "downvotes": "31", 
            "upvotes": "123"
        }
    ], 
    "StrongAgainst": [
        {
            "champName": "Yasuo", 
            "downvotes": "560", 
            "upvotes": "1509"
        }, 
        {
            "champName": "Wukong", 
            "downvotes": "2038", 
            "upvotes": "4917"
        }, 
        {
            "champName": "Dr. Mundo", 
            "downvotes": "485", 
            "upvotes": "1091"
        }, 
        {
            "champName": "Nasus", 
            "downvotes": "1251", 
            "upvotes": "2412"
        }, 
        {
            "champName": "Poppy", 
            "downvotes": "642", 
            "upvotes": "1251"
        }, 
        {
            "champName": "Tryndamere", 
            "downvotes": "81", 
            "upvotes": "213"
        }, 
        {
            "champName": "Jax", 
            "downvotes": "301", 
            "upvotes": "593"
        }, 
        {
            "champName": "Renekton", 
            "downvotes": "274", 
            "upvotes": "539"
        }, 
        {
            "champName": "Aatrox", 
            "downvotes": "47", 
            "upvotes": "145"
        }, 
        {
            "champName": "Garen", 
            "downvotes": "578", 
            "upvotes": "1024"
        }
    ], 
    "ChampionImageLocation": "http://www.solomid.net/guide/champ/darius.png", 
    "GoodWith": [
        {
            "champName": "Aatrox", 
            "downvotes": "19", 
            "upvotes": "129"
        }, 
        {
            "champName": "Draven", 
            "downvotes": "1696", 
            "upvotes": "4331"
        }, 
        {
            "champName": "Teemo", 
            "downvotes": "32", 
            "upvotes": "124"
        }, 
        {
            "champName": "Fiora", 
            "downvotes": "221", 
            "upvotes": "492"
        }, 
        {
            "champName": "Katarina", 
            "downvotes": "28", 
            "upvotes": "96"
        }, 
        {
            "champName": "Volibear", 
            "downvotes": "42", 
            "upvotes": "121"
        }, 
        {
            "champName": "Blitzcrank", 
            "downvotes": "399", 
            "upvotes": "772"
        }, 
        {
            "champName": "Lee Sin", 
            "downvotes": "9", 
            "upvotes": "49"
        }, 
        {
            "champName": "Alistar", 
            "downvotes": "16", 
            "upvotes": "59"
        }, 
        {
            "champName": "Ahri", 
            "downvotes": "61", 
            "upvotes": "132"
        }
    ]
}