{
    "ChampionName": {
        "lower": "diana", 
        "pretty": "Diana"
    }, 
    "WeakAgainst": [
        {
            "champName": "Mordekaiser", 
            "downvotes": "2448", 
            "upvotes": "8548"
        }, 
        {
            "champName": "Irelia", 
            "downvotes": "644", 
            "upvotes": "1502"
        }, 
        {
            "champName": "Riven", 
            "downvotes": "1133", 
            "upvotes": "2149"
        }, 
        {
            "champName": "Swain", 
            "downvotes": "1035", 
            "upvotes": "1888"
        }, 
        {
            "champName": "Aatrox", 
            "downvotes": "124", 
            "upvotes": "275"
        }, 
        {
            "champName": "Cho'Gath", 
            "downvotes": "508", 
            "upvotes": "918"
        }, 
        {
            "champName": "Syndra", 
            "downvotes": "764", 
            "upvotes": "1279"
        }, 
        {
            "champName": "Yasuo", 
            "downvotes": "16", 
            "upvotes": "85"
        }, 
        {
            "champName": "Malzahar", 
            "downvotes": "210", 
            "upvotes": "376"
        }, 
        {
            "champName": "Jax", 
            "downvotes": "442", 
            "upvotes": "722"
        }
    ], 
    "StrongAgainst": [
        {
            "champName": "Katarina", 
            "downvotes": "2911", 
            "upvotes": "12041"
        }, 
        {
            "champName": "Vel'Koz", 
            "downvotes": "129", 
            "upvotes": "430"
        }, 
        {
            "champName": "Twisted Fate", 
            "downvotes": "728", 
            "upvotes": "1840"
        }, 
        {
            "champName": "Yasuo", 
            "downvotes": "83", 
            "upvotes": "255"
        }, 
        {
            "champName": "Tristana", 
            "downvotes": "316", 
            "upvotes": "722"
        }, 
        {
            "champName": "Karthus", 
            "downvotes": "309", 
            "upvotes": "701"
        }, 
        {
            "champName": "Fizz", 
            "downvotes": "2170", 
            "upvotes": "4433"
        }, 
        {
            "champName": "Yasuo", 
            "downvotes": "36", 
            "upvotes": "147"
        }, 
        {
            "champName": "Zed", 
            "downvotes": "442", 
            "upvotes": "923"
        }, 
        {
            "champName": "Ahri", 
            "downvotes": "1110", 
            "upvotes": "2184"
        }
    ], 
    "ChampionImageLocation": "http://www.solomid.net/guide/champ/diana.png", 
    "GoodWith": [
        {
            "champName": "Yasuo", 
            "downvotes": "6", 
            "upvotes": "58"
        }, 
        {
            "champName": "Akali", 
            "downvotes": "800", 
            "upvotes": "1541"
        }, 
        {
            "champName": "Kassadin", 
            "downvotes": "654", 
            "upvotes": "1054"
        }, 
        {
            "champName": "Lee Sin", 
            "downvotes": "30", 
            "upvotes": "76"
        }, 
        {
            "champName": "Leona", 
            "downvotes": "334", 
            "upvotes": "524"
        }, 
        {
            "champName": "Alistar", 
            "downvotes": "6", 
            "upvotes": "37"
        }, 
        {
            "champName": "Orianna", 
            "downvotes": "418", 
            "upvotes": "578"
        }, 
        {
            "champName": "Jarvan IV", 
            "downvotes": "24", 
            "upvotes": "58"
        }, 
        {
            "champName": "Amumu", 
            "downvotes": "118", 
            "upvotes": "176"
        }, 
        {
            "champName": "Aatrox", 
            "downvotes": "207", 
            "upvotes": "281"
        }
    ]
}