{
    "ChampionName": {
        "lower": "diana", 
        "pretty": "Diana"
    }, 
    "WeakAgainst": [
        {
            "champName": "Mordekaiser", 
            "downvotes": "2452", 
            "upvotes": "8564"
        }, 
        {
            "champName": "Irelia", 
            "downvotes": "645", 
            "upvotes": "1504"
        }, 
        {
            "champName": "Riven", 
            "downvotes": "1136", 
            "upvotes": "2151"
        }, 
        {
            "champName": "Swain", 
            "downvotes": "1039", 
            "upvotes": "1895"
        }, 
        {
            "champName": "Aatrox", 
            "downvotes": "124", 
            "upvotes": "276"
        }, 
        {
            "champName": "Cho'Gath", 
            "downvotes": "513", 
            "upvotes": "920"
        }, 
        {
            "champName": "Syndra", 
            "downvotes": "767", 
            "upvotes": "1279"
        }, 
        {
            "champName": "Malzahar", 
            "downvotes": "209", 
            "upvotes": "378"
        }, 
        {
            "champName": "Jax", 
            "downvotes": "443", 
            "upvotes": "724"
        }, 
        {
            "champName": "Kayle", 
            "downvotes": "121", 
            "upvotes": "240"
        }
    ], 
    "StrongAgainst": [
        {
            "champName": "Katarina", 
            "downvotes": "2920", 
            "upvotes": "12089"
        }, 
        {
            "champName": "Vel'Koz", 
            "downvotes": "129", 
            "upvotes": "432"
        }, 
        {
            "champName": "Twisted Fate", 
            "downvotes": "729", 
            "upvotes": "1844"
        }, 
        {
            "champName": "Tristana", 
            "downvotes": "316", 
            "upvotes": "725"
        }, 
        {
            "champName": "Yasuo", 
            "downvotes": "86", 
            "upvotes": "256"
        }, 
        {
            "champName": "Karthus", 
            "downvotes": "309", 
            "upvotes": "702"
        }, 
        {
            "champName": "Fizz", 
            "downvotes": "2174", 
            "upvotes": "4446"
        }, 
        {
            "champName": "Yasuo", 
            "downvotes": "35", 
            "upvotes": "149"
        }, 
        {
            "champName": "Zed", 
            "downvotes": "446", 
            "upvotes": "928"
        }, 
        {
            "champName": "Ahri", 
            "downvotes": "1109", 
            "upvotes": "2194"
        }
    ], 
    "ChampionImageLocation": "http://www.solomid.net/guide/champ/diana.png", 
    "GoodWith": [
        {
            "champName": "Yasuo", 
            "downvotes": "5", 
            "upvotes": "59"
        }, 
        {
            "champName": "Akali", 
            "downvotes": "799", 
            "upvotes": "1547"
        }, 
        {
            "champName": "Lee Sin", 
            "downvotes": "29", 
            "upvotes": "77"
        }, 
        {
            "champName": "Kassadin", 
            "downvotes": "655", 
            "upvotes": "1056"
        }, 
        {
            "champName": "Leona", 
            "downvotes": "335", 
            "upvotes": "524"
        }, 
        {
            "champName": "Jarvan IV", 
            "downvotes": "23", 
            "upvotes": "59"
        }, 
        {
            "champName": "Alistar", 
            "downvotes": "7", 
            "upvotes": "36"
        }, 
        {
            "champName": "Orianna", 
            "downvotes": "418", 
            "upvotes": "579"
        }, 
        {
            "champName": "Amumu", 
            "downvotes": "119", 
            "upvotes": "175"
        }, 
        {
            "champName": "Aatrox", 
            "downvotes": "207", 
            "upvotes": "282"
        }
    ]
}