{
    "ChampionName": {
        "lower": "draven", 
        "pretty": "Draven"
    }, 
    "WeakAgainst": [
        {
            "champName": "Varus", 
            "downvotes": "3086", 
            "upvotes": "8829"
        }, 
        {
            "champName": "Thresh", 
            "downvotes": "517", 
            "upvotes": "1356"
        }, 
        {
            "champName": "Blitzcrank", 
            "downvotes": "606", 
            "upvotes": "1433"
        }, 
        {
            "champName": "Caitlyn", 
            "downvotes": "3025", 
            "upvotes": "4859"
        }, 
        {
            "champName": "Aatrox", 
            "downvotes": "130", 
            "upvotes": "268"
        }, 
        {
            "champName": "Nami", 
            "downvotes": "424", 
            "upvotes": "726"
        }, 
        {
            "champName": "Quinn", 
            "downvotes": "735", 
            "upvotes": "1185"
        }, 
        {
            "champName": "Leona", 
            "downvotes": "431", 
            "upvotes": "689"
        }, 
        {
            "champName": "Teemo", 
            "downvotes": "320", 
            "upvotes": "477"
        }, 
        {
            "champName": "Taric", 
            "downvotes": "370", 
            "upvotes": "542"
        }
    ], 
    "StrongAgainst": [
        {
            "champName": "Ezreal", 
            "downvotes": "2660", 
            "upvotes": "9070"
        }, 
        {
            "champName": "Vayne", 
            "downvotes": "1821", 
            "upvotes": "4835"
        }, 
        {
            "champName": "Lucian", 
            "downvotes": "911", 
            "upvotes": "2065"
        }, 
        {
            "champName": "Jinx", 
            "downvotes": "941", 
            "upvotes": "2053"
        }, 
        {
            "champName": "Tristana", 
            "downvotes": "1051", 
            "upvotes": "2077"
        }, 
        {
            "champName": "Miss Fortune", 
            "downvotes": "1448", 
            "upvotes": "2771"
        }, 
        {
            "champName": "Sivir", 
            "downvotes": "809", 
            "upvotes": "1572"
        }, 
        {
            "champName": "Corki", 
            "downvotes": "660", 
            "upvotes": "1227"
        }, 
        {
            "champName": "Ashe", 
            "downvotes": "848", 
            "upvotes": "1440"
        }, 
        {
            "champName": "Aatrox", 
            "downvotes": "27", 
            "upvotes": "108"
        }
    ], 
    "ChampionImageLocation": "http://www.solomid.net/guide/champ/draven.png", 
    "GoodWith": [
        {
            "champName": "Sona", 
            "downvotes": "23", 
            "upvotes": "402"
        }, 
        {
            "champName": "Lulu", 
            "downvotes": "34", 
            "upvotes": "282"
        }, 
        {
            "champName": "Alistar", 
            "downvotes": "54", 
            "upvotes": "345"
        }, 
        {
            "champName": "Nami", 
            "downvotes": "133", 
            "upvotes": "629"
        }, 
        {
            "champName": "Thresh", 
            "downvotes": "558", 
            "upvotes": "2156"
        }, 
        {
            "champName": "Leona", 
            "downvotes": "475", 
            "upvotes": "1634"
        }, 
        {
            "champName": "Blitzcrank", 
            "downvotes": "277", 
            "upvotes": "899"
        }, 
        {
            "champName": "Soraka", 
            "downvotes": "35", 
            "upvotes": "164"
        }, 
        {
            "champName": "Annie", 
            "downvotes": "15", 
            "upvotes": "92"
        }, 
        {
            "champName": "Taric", 
            "downvotes": "564", 
            "upvotes": "1529"
        }
    ]
}