{
    "ChampionName": {
        "lower": "draven", 
        "pretty": "Draven"
    }, 
    "WeakAgainst": [
        {
            "champName": "Varus", 
            "downvotes": "3080", 
            "upvotes": "8806"
        }, 
        {
            "champName": "Thresh", 
            "downvotes": "518", 
            "upvotes": "1353"
        }, 
        {
            "champName": "Blitzcrank", 
            "downvotes": "604", 
            "upvotes": "1433"
        }, 
        {
            "champName": "Caitlyn", 
            "downvotes": "3016", 
            "upvotes": "4845"
        }, 
        {
            "champName": "Nami", 
            "downvotes": "423", 
            "upvotes": "723"
        }, 
        {
            "champName": "Aatrox", 
            "downvotes": "131", 
            "upvotes": "267"
        }, 
        {
            "champName": "Quinn", 
            "downvotes": "733", 
            "upvotes": "1179"
        }, 
        {
            "champName": "Leona", 
            "downvotes": "433", 
            "upvotes": "685"
        }, 
        {
            "champName": "Taric", 
            "downvotes": "367", 
            "upvotes": "543"
        }, 
        {
            "champName": "Teemo", 
            "downvotes": "320", 
            "upvotes": "477"
        }
    ], 
    "StrongAgainst": [
        {
            "champName": "Ezreal", 
            "downvotes": "2654", 
            "upvotes": "9052"
        }, 
        {
            "champName": "Vayne", 
            "downvotes": "1819", 
            "upvotes": "4821"
        }, 
        {
            "champName": "Lucian", 
            "downvotes": "906", 
            "upvotes": "2050"
        }, 
        {
            "champName": "Jinx", 
            "downvotes": "935", 
            "upvotes": "2043"
        }, 
        {
            "champName": "Tristana", 
            "downvotes": "1049", 
            "upvotes": "2074"
        }, 
        {
            "champName": "Miss Fortune", 
            "downvotes": "1448", 
            "upvotes": "2768"
        }, 
        {
            "champName": "Sivir", 
            "downvotes": "807", 
            "upvotes": "1568"
        }, 
        {
            "champName": "Corki", 
            "downvotes": "659", 
            "upvotes": "1225"
        }, 
        {
            "champName": "Aatrox", 
            "downvotes": "26", 
            "upvotes": "108"
        }, 
        {
            "champName": "Ashe", 
            "downvotes": "848", 
            "upvotes": "1437"
        }
    ], 
    "ChampionImageLocation": "http://www.solomid.net/guide/champ/draven.png", 
    "GoodWith": [
        {
            "champName": "Sona", 
            "downvotes": "25", 
            "upvotes": "400"
        }, 
        {
            "champName": "Lulu", 
            "downvotes": "35", 
            "upvotes": "280"
        }, 
        {
            "champName": "Alistar", 
            "downvotes": "54", 
            "upvotes": "345"
        }, 
        {
            "champName": "Nami", 
            "downvotes": "133", 
            "upvotes": "629"
        }, 
        {
            "champName": "Thresh", 
            "downvotes": "559", 
            "upvotes": "2147"
        }, 
        {
            "champName": "Leona", 
            "downvotes": "470", 
            "upvotes": "1633"
        }, 
        {
            "champName": "Blitzcrank", 
            "downvotes": "276", 
            "upvotes": "899"
        }, 
        {
            "champName": "Soraka", 
            "downvotes": "35", 
            "upvotes": "164"
        }, 
        {
            "champName": "Annie", 
            "downvotes": "15", 
            "upvotes": "92"
        }, 
        {
            "champName": "Taric", 
            "downvotes": "562", 
            "upvotes": "1529"
        }
    ]
}