{
    "ChampionName": {
        "lower": "draven", 
        "pretty": "Draven"
    }, 
    "WeakAgainst": [
        {
            "champName": "Varus", 
            "downvotes": "3087", 
            "upvotes": "8838"
        }, 
        {
            "champName": "Thresh", 
            "downvotes": "518", 
            "upvotes": "1359"
        }, 
        {
            "champName": "Blitzcrank", 
            "downvotes": "607", 
            "upvotes": "1433"
        }, 
        {
            "champName": "Aatrox", 
            "downvotes": "130", 
            "upvotes": "271"
        }, 
        {
            "champName": "Caitlyn", 
            "downvotes": "3029", 
            "upvotes": "4865"
        }, 
        {
            "champName": "Nami", 
            "downvotes": "424", 
            "upvotes": "728"
        }, 
        {
            "champName": "Quinn", 
            "downvotes": "739", 
            "upvotes": "1187"
        }, 
        {
            "champName": "Leona", 
            "downvotes": "432", 
            "upvotes": "689"
        }, 
        {
            "champName": "Taric", 
            "downvotes": "369", 
            "upvotes": "543"
        }, 
        {
            "champName": "Teemo", 
            "downvotes": "320", 
            "upvotes": "477"
        }
    ], 
    "StrongAgainst": [
        {
            "champName": "Ezreal", 
            "downvotes": "2663", 
            "upvotes": "9094"
        }, 
        {
            "champName": "Vayne", 
            "downvotes": "1823", 
            "upvotes": "4843"
        }, 
        {
            "champName": "Lucian", 
            "downvotes": "914", 
            "upvotes": "2074"
        }, 
        {
            "champName": "Jinx", 
            "downvotes": "940", 
            "upvotes": "2060"
        }, 
        {
            "champName": "Tristana", 
            "downvotes": "1050", 
            "upvotes": "2081"
        }, 
        {
            "champName": "Miss Fortune", 
            "downvotes": "1449", 
            "upvotes": "2776"
        }, 
        {
            "champName": "Sivir", 
            "downvotes": "810", 
            "upvotes": "1579"
        }, 
        {
            "champName": "Corki", 
            "downvotes": "660", 
            "upvotes": "1227"
        }, 
        {
            "champName": "Ashe", 
            "downvotes": "848", 
            "upvotes": "1442"
        }, 
        {
            "champName": "Aatrox", 
            "downvotes": "28", 
            "upvotes": "108"
        }
    ], 
    "ChampionImageLocation": "http://www.solomid.net/guide/champ/draven.png", 
    "GoodWith": [
        {
            "champName": "Sona", 
            "downvotes": "25", 
            "upvotes": "400"
        }, 
        {
            "champName": "Lulu", 
            "downvotes": "33", 
            "upvotes": "283"
        }, 
        {
            "champName": "Alistar", 
            "downvotes": "56", 
            "upvotes": "343"
        }, 
        {
            "champName": "Nami", 
            "downvotes": "133", 
            "upvotes": "630"
        }, 
        {
            "champName": "Thresh", 
            "downvotes": "559", 
            "upvotes": "2156"
        }, 
        {
            "champName": "Leona", 
            "downvotes": "476", 
            "upvotes": "1635"
        }, 
        {
            "champName": "Blitzcrank", 
            "downvotes": "278", 
            "upvotes": "900"
        }, 
        {
            "champName": "Soraka", 
            "downvotes": "36", 
            "upvotes": "163"
        }, 
        {
            "champName": "Annie", 
            "downvotes": "15", 
            "upvotes": "92"
        }, 
        {
            "champName": "Taric", 
            "downvotes": "566", 
            "upvotes": "1527"
        }
    ]
}