{
    "ChampionName": {
        "lower": "drmundo", 
        "pretty": "Dr. Mundo"
    }, 
    "WeakAgainst": [
        {
            "champName": "Trundle", 
            "downvotes": "192", 
            "upvotes": "707"
        }, 
        {
            "champName": "Kog'Maw", 
            "downvotes": "524", 
            "upvotes": "1300"
        }, 
        {
            "champName": "Aatrox", 
            "downvotes": "90", 
            "upvotes": "287"
        }, 
        {
            "champName": "Darius", 
            "downvotes": "485", 
            "upvotes": "1084"
        }, 
        {
            "champName": "Shyvana", 
            "downvotes": "162", 
            "upvotes": "397"
        }, 
        {
            "champName": "Fizz", 
            "downvotes": "344", 
            "upvotes": "742"
        }, 
        {
            "champName": "Elise", 
            "downvotes": "179", 
            "upvotes": "415"
        }, 
        {
            "champName": "Riven", 
            "downvotes": "532", 
            "upvotes": "1061"
        }, 
        {
            "champName": "Yasuo", 
            "downvotes": "34", 
            "upvotes": "131"
        }, 
        {
            "champName": "Olaf", 
            "downvotes": "139", 
            "upvotes": "313"
        }
    ], 
    "StrongAgainst": [
        {
            "champName": "Nasus", 
            "downvotes": "282", 
            "upvotes": "533"
        }, 
        {
            "champName": "Amumu", 
            "downvotes": "482", 
            "upvotes": "818"
        }, 
        {
            "champName": "Jax", 
            "downvotes": "553", 
            "upvotes": "851"
        }, 
        {
            "champName": "Riven", 
            "downvotes": "408", 
            "upvotes": "622"
        }, 
        {
            "champName": "Singed", 
            "downvotes": "137", 
            "upvotes": "217"
        }, 
        {
            "champName": "Aatrox", 
            "downvotes": "24", 
            "upvotes": "77"
        }, 
        {
            "champName": "Renekton", 
            "downvotes": "499", 
            "upvotes": "644"
        }, 
        {
            "champName": "Wukong", 
            "downvotes": "36", 
            "upvotes": "89"
        }, 
        {
            "champName": "Maokai", 
            "downvotes": "264", 
            "upvotes": "354"
        }, 
        {
            "champName": "Tryndamere", 
            "downvotes": "40", 
            "upvotes": "92"
        }
    ], 
    "ChampionImageLocation": "http://www.solomid.net/guide/champ/drmundo.png", 
    "GoodWith": [
        {
            "champName": "Anivia", 
            "downvotes": "188", 
            "upvotes": "311"
        }, 
        {
            "champName": "Nidalee", 
            "downvotes": "132", 
            "upvotes": "202"
        }, 
        {
            "champName": "Aatrox", 
            "downvotes": "60", 
            "upvotes": "106"
        }, 
        {
            "champName": "Teemo", 
            "downvotes": "158", 
            "upvotes": "230"
        }, 
        {
            "champName": "Jax", 
            "downvotes": "87", 
            "upvotes": "113"
        }, 
        {
            "champName": "Ezreal", 
            "downvotes": "241", 
            "upvotes": "260"
        }, 
        {
            "champName": "Varus", 
            "downvotes": "51", 
            "upvotes": "69"
        }, 
        {
            "champName": "Olaf", 
            "downvotes": "41", 
            "upvotes": "57"
        }, 
        {
            "champName": "Shen", 
            "downvotes": "124", 
            "upvotes": "129"
        }, 
        {
            "champName": "Ashe", 
            "downvotes": "41", 
            "upvotes": "53"
        }
    ]
}