{
    "ChampionName": {
        "lower": "drmundo", 
        "pretty": "Dr. Mundo"
    }, 
    "WeakAgainst": [
        {
            "champName": "Trundle", 
            "downvotes": "193", 
            "upvotes": "709"
        }, 
        {
            "champName": "Kog'Maw", 
            "downvotes": "524", 
            "upvotes": "1303"
        }, 
        {
            "champName": "Aatrox", 
            "downvotes": "90", 
            "upvotes": "288"
        }, 
        {
            "champName": "Darius", 
            "downvotes": "485", 
            "upvotes": "1091"
        }, 
        {
            "champName": "Shyvana", 
            "downvotes": "163", 
            "upvotes": "399"
        }, 
        {
            "champName": "Fizz", 
            "downvotes": "344", 
            "upvotes": "742"
        }, 
        {
            "champName": "Elise", 
            "downvotes": "179", 
            "upvotes": "415"
        }, 
        {
            "champName": "Riven", 
            "downvotes": "537", 
            "upvotes": "1066"
        }, 
        {
            "champName": "Yasuo", 
            "downvotes": "34", 
            "upvotes": "132"
        }, 
        {
            "champName": "Olaf", 
            "downvotes": "139", 
            "upvotes": "313"
        }
    ], 
    "StrongAgainst": [
        {
            "champName": "Nasus", 
            "downvotes": "282", 
            "upvotes": "535"
        }, 
        {
            "champName": "Amumu", 
            "downvotes": "485", 
            "upvotes": "819"
        }, 
        {
            "champName": "Jax", 
            "downvotes": "555", 
            "upvotes": "853"
        }, 
        {
            "champName": "Riven", 
            "downvotes": "411", 
            "upvotes": "622"
        }, 
        {
            "champName": "Singed", 
            "downvotes": "138", 
            "upvotes": "217"
        }, 
        {
            "champName": "Aatrox", 
            "downvotes": "24", 
            "upvotes": "77"
        }, 
        {
            "champName": "Renekton", 
            "downvotes": "499", 
            "upvotes": "644"
        }, 
        {
            "champName": "Tryndamere", 
            "downvotes": "40", 
            "upvotes": "94"
        }, 
        {
            "champName": "Maokai", 
            "downvotes": "265", 
            "upvotes": "353"
        }, 
        {
            "champName": "Wukong", 
            "downvotes": "37", 
            "upvotes": "89"
        }
    ], 
    "ChampionImageLocation": "http://www.solomid.net/guide/champ/drmundo.png", 
    "GoodWith": [
        {
            "champName": "Anivia", 
            "downvotes": "189", 
            "upvotes": "312"
        }, 
        {
            "champName": "Nidalee", 
            "downvotes": "132", 
            "upvotes": "203"
        }, 
        {
            "champName": "Aatrox", 
            "downvotes": "60", 
            "upvotes": "106"
        }, 
        {
            "champName": "Teemo", 
            "downvotes": "158", 
            "upvotes": "230"
        }, 
        {
            "champName": "Jax", 
            "downvotes": "88", 
            "upvotes": "112"
        }, 
        {
            "champName": "Ezreal", 
            "downvotes": "240", 
            "upvotes": "261"
        }, 
        {
            "champName": "Varus", 
            "downvotes": "51", 
            "upvotes": "69"
        }, 
        {
            "champName": "Olaf", 
            "downvotes": "41", 
            "upvotes": "57"
        }, 
        {
            "champName": "Shen", 
            "downvotes": "124", 
            "upvotes": "129"
        }, 
        {
            "champName": "Ashe", 
            "downvotes": "41", 
            "upvotes": "53"
        }
    ]
}