{
    "ChampionName": {
        "lower": "drmundo", 
        "pretty": "Dr. Mundo"
    }, 
    "WeakAgainst": [
        {
            "champName": "Trundle", 
            "downvotes": "193", 
            "upvotes": "712"
        }, 
        {
            "champName": "Kog'Maw", 
            "downvotes": "524", 
            "upvotes": "1305"
        }, 
        {
            "champName": "Aatrox", 
            "downvotes": "91", 
            "upvotes": "289"
        }, 
        {
            "champName": "Darius", 
            "downvotes": "486", 
            "upvotes": "1094"
        }, 
        {
            "champName": "Shyvana", 
            "downvotes": "167", 
            "upvotes": "399"
        }, 
        {
            "champName": "Fizz", 
            "downvotes": "345", 
            "upvotes": "742"
        }, 
        {
            "champName": "Elise", 
            "downvotes": "180", 
            "upvotes": "414"
        }, 
        {
            "champName": "Riven", 
            "downvotes": "538", 
            "upvotes": "1070"
        }, 
        {
            "champName": "Yasuo", 
            "downvotes": "35", 
            "upvotes": "133"
        }, 
        {
            "champName": "Olaf", 
            "downvotes": "139", 
            "upvotes": "315"
        }
    ], 
    "StrongAgainst": [
        {
            "champName": "Nasus", 
            "downvotes": "282", 
            "upvotes": "536"
        }, 
        {
            "champName": "Amumu", 
            "downvotes": "487", 
            "upvotes": "819"
        }, 
        {
            "champName": "Jax", 
            "downvotes": "556", 
            "upvotes": "856"
        }, 
        {
            "champName": "Riven", 
            "downvotes": "411", 
            "upvotes": "623"
        }, 
        {
            "champName": "Aatrox", 
            "downvotes": "25", 
            "upvotes": "80"
        }, 
        {
            "champName": "Singed", 
            "downvotes": "138", 
            "upvotes": "217"
        }, 
        {
            "champName": "Renekton", 
            "downvotes": "500", 
            "upvotes": "646"
        }, 
        {
            "champName": "Tryndamere", 
            "downvotes": "41", 
            "upvotes": "95"
        }, 
        {
            "champName": "Maokai", 
            "downvotes": "266", 
            "upvotes": "353"
        }, 
        {
            "champName": "Wukong", 
            "downvotes": "38", 
            "upvotes": "89"
        }
    ], 
    "ChampionImageLocation": "http://www.solomid.net/guide/champ/drmundo.png", 
    "GoodWith": [
        {
            "champName": "Anivia", 
            "downvotes": "190", 
            "upvotes": "314"
        }, 
        {
            "champName": "Nidalee", 
            "downvotes": "131", 
            "upvotes": "204"
        }, 
        {
            "champName": "Aatrox", 
            "downvotes": "60", 
            "upvotes": "106"
        }, 
        {
            "champName": "Teemo", 
            "downvotes": "157", 
            "upvotes": "231"
        }, 
        {
            "champName": "Jax", 
            "downvotes": "87", 
            "upvotes": "113"
        }, 
        {
            "champName": "Ezreal", 
            "downvotes": "240", 
            "upvotes": "261"
        }, 
        {
            "champName": "Varus", 
            "downvotes": "51", 
            "upvotes": "69"
        }, 
        {
            "champName": "Olaf", 
            "downvotes": "40", 
            "upvotes": "58"
        }, 
        {
            "champName": "Shen", 
            "downvotes": "125", 
            "upvotes": "128"
        }, 
        {
            "champName": "Ashe", 
            "downvotes": "41", 
            "upvotes": "53"
        }
    ]
}