{
    "ChampionName": {
        "lower": "elise", 
        "pretty": "Elise"
    }, 
    "WeakAgainst": [
        {
            "champName": "Kassadin", 
            "downvotes": "932", 
            "upvotes": "1965"
        }, 
        {
            "champName": "Yorick", 
            "downvotes": "620", 
            "upvotes": "1227"
        }, 
        {
            "champName": "Mordekaiser", 
            "downvotes": "462", 
            "upvotes": "840"
        }, 
        {
            "champName": "Wukong", 
            "downvotes": "939", 
            "upvotes": "1540"
        }, 
        {
            "champName": "LeBlanc", 
            "downvotes": "304", 
            "upvotes": "462"
        }, 
        {
            "champName": "Malzahar", 
            "downvotes": "356", 
            "upvotes": "528"
        }, 
        {
            "champName": "Gangplank", 
            "downvotes": "169", 
            "upvotes": "259"
        }, 
        {
            "champName": "Riven", 
            "downvotes": "138", 
            "upvotes": "212"
        }, 
        {
            "champName": "Aatrox", 
            "downvotes": "100", 
            "upvotes": "164"
        }, 
        {
            "champName": "Vladimir", 
            "downvotes": "190", 
            "upvotes": "260"
        }
    ], 
    "StrongAgainst": [
        {
            "champName": "Singed", 
            "downvotes": "653", 
            "upvotes": "1837"
        }, 
        {
            "champName": "Renekton", 
            "downvotes": "1301", 
            "upvotes": "2797"
        }, 
        {
            "champName": "Pantheon", 
            "downvotes": "598", 
            "upvotes": "1320"
        }, 
        {
            "champName": "Darius", 
            "downvotes": "824", 
            "upvotes": "1683"
        }, 
        {
            "champName": "Garen", 
            "downvotes": "1390", 
            "upvotes": "2765"
        }, 
        {
            "champName": "Shyvana", 
            "downvotes": "230", 
            "upvotes": "511"
        }, 
        {
            "champName": "Dr. Mundo", 
            "downvotes": "180", 
            "upvotes": "414"
        }, 
        {
            "champName": "Fizz", 
            "downvotes": "575", 
            "upvotes": "1146"
        }, 
        {
            "champName": "Jarvan IV", 
            "downvotes": "264", 
            "upvotes": "533"
        }, 
        {
            "champName": "Nasus", 
            "downvotes": "292", 
            "upvotes": "567"
        }
    ], 
    "ChampionImageLocation": "http://www.solomid.net/guide/champ/elise.png", 
    "GoodWith": [
        {
            "champName": "Rengar", 
            "downvotes": "461", 
            "upvotes": "754"
        }, 
        {
            "champName": "Blitzcrank", 
            "downvotes": "286", 
            "upvotes": "399"
        }, 
        {
            "champName": "Leona", 
            "downvotes": "323", 
            "upvotes": "438"
        }, 
        {
            "champName": "Orianna", 
            "downvotes": "80", 
            "upvotes": "112"
        }, 
        {
            "champName": "Alistar", 
            "downvotes": "23", 
            "upvotes": "47"
        }, 
        {
            "champName": "Karma", 
            "downvotes": "442", 
            "upvotes": "479"
        }, 
        {
            "champName": "Amumu", 
            "downvotes": "66", 
            "upvotes": "89"
        }, 
        {
            "champName": "Ahri", 
            "downvotes": "108", 
            "upvotes": "130"
        }, 
        {
            "champName": "Caitlyn", 
            "downvotes": "31", 
            "upvotes": "51"
        }, 
        {
            "champName": "Darius", 
            "downvotes": "57", 
            "upvotes": "76"
        }
    ]
}