{
    "ChampionName": {
        "lower": "elise", 
        "pretty": "Elise"
    }, 
    "WeakAgainst": [
        {
            "champName": "Kassadin", 
            "downvotes": "927", 
            "upvotes": "1964"
        }, 
        {
            "champName": "Yorick", 
            "downvotes": "620", 
            "upvotes": "1225"
        }, 
        {
            "champName": "Mordekaiser", 
            "downvotes": "460", 
            "upvotes": "841"
        }, 
        {
            "champName": "Wukong", 
            "downvotes": "938", 
            "upvotes": "1534"
        }, 
        {
            "champName": "LeBlanc", 
            "downvotes": "304", 
            "upvotes": "462"
        }, 
        {
            "champName": "Malzahar", 
            "downvotes": "356", 
            "upvotes": "526"
        }, 
        {
            "champName": "Gangplank", 
            "downvotes": "166", 
            "upvotes": "261"
        }, 
        {
            "champName": "Riven", 
            "downvotes": "136", 
            "upvotes": "212"
        }, 
        {
            "champName": "Aatrox", 
            "downvotes": "100", 
            "upvotes": "164"
        }, 
        {
            "champName": "Pantheon", 
            "downvotes": "110", 
            "upvotes": "170"
        }
    ], 
    "StrongAgainst": [
        {
            "champName": "Singed", 
            "downvotes": "650", 
            "upvotes": "1837"
        }, 
        {
            "champName": "Renekton", 
            "downvotes": "1295", 
            "upvotes": "2791"
        }, 
        {
            "champName": "Pantheon", 
            "downvotes": "593", 
            "upvotes": "1312"
        }, 
        {
            "champName": "Darius", 
            "downvotes": "827", 
            "upvotes": "1679"
        }, 
        {
            "champName": "Garen", 
            "downvotes": "1387", 
            "upvotes": "2762"
        }, 
        {
            "champName": "Dr. Mundo", 
            "downvotes": "179", 
            "upvotes": "415"
        }, 
        {
            "champName": "Fizz", 
            "downvotes": "569", 
            "upvotes": "1147"
        }, 
        {
            "champName": "Shyvana", 
            "downvotes": "230", 
            "upvotes": "505"
        }, 
        {
            "champName": "Jarvan IV", 
            "downvotes": "263", 
            "upvotes": "533"
        }, 
        {
            "champName": "Nasus", 
            "downvotes": "292", 
            "upvotes": "566"
        }
    ], 
    "ChampionImageLocation": "http://www.solomid.net/guide/champ/elise.png", 
    "GoodWith": [
        {
            "champName": "Rengar", 
            "downvotes": "460", 
            "upvotes": "754"
        }, 
        {
            "champName": "Blitzcrank", 
            "downvotes": "284", 
            "upvotes": "401"
        }, 
        {
            "champName": "Leona", 
            "downvotes": "323", 
            "upvotes": "438"
        }, 
        {
            "champName": "Orianna", 
            "downvotes": "81", 
            "upvotes": "110"
        }, 
        {
            "champName": "Ahri", 
            "downvotes": "105", 
            "upvotes": "132"
        }, 
        {
            "champName": "Karma", 
            "downvotes": "443", 
            "upvotes": "477"
        }, 
        {
            "champName": "Amumu", 
            "downvotes": "66", 
            "upvotes": "88"
        }, 
        {
            "champName": "Darius", 
            "downvotes": "56", 
            "upvotes": "77"
        }, 
        {
            "champName": "Alistar", 
            "downvotes": "25", 
            "upvotes": "45"
        }, 
        {
            "champName": "Caitlyn", 
            "downvotes": "31", 
            "upvotes": "51"
        }
    ]
}