{
    "ChampionName": {
        "lower": "evelynn", 
        "pretty": "Evelynn"
    }, 
    "WeakAgainst": [
        {
            "champName": "Ryze", 
            "downvotes": "568", 
            "upvotes": "1251"
        }, 
        {
            "champName": "Kassadin", 
            "downvotes": "231", 
            "upvotes": "431"
        }, 
        {
            "champName": "Mordekaiser", 
            "downvotes": "274", 
            "upvotes": "457"
        }, 
        {
            "champName": "Lee Sin", 
            "downvotes": "141", 
            "upvotes": "260"
        }, 
        {
            "champName": "Lee Sin", 
            "downvotes": "384", 
            "upvotes": "605"
        }, 
        {
            "champName": "Cassiopeia", 
            "downvotes": "247", 
            "upvotes": "391"
        }, 
        {
            "champName": "Malzahar", 
            "downvotes": "165", 
            "upvotes": "258"
        }, 
        {
            "champName": "Ahri", 
            "downvotes": "146", 
            "upvotes": "230"
        }, 
        {
            "champName": "Annie", 
            "downvotes": "269", 
            "upvotes": "382"
        }, 
        {
            "champName": "Swain", 
            "downvotes": "160", 
            "upvotes": "234"
        }
    ], 
    "StrongAgainst": [
        {
            "champName": "Karthus", 
            "downvotes": "222", 
            "upvotes": "534"
        }, 
        {
            "champName": "Gragas", 
            "downvotes": "641", 
            "upvotes": "1068"
        }, 
        {
            "champName": "Morgana", 
            "downvotes": "215", 
            "upvotes": "285"
        }, 
        {
            "champName": "Lux", 
            "downvotes": "270", 
            "upvotes": "332"
        }, 
        {
            "champName": "Nidalee", 
            "downvotes": "97", 
            "upvotes": "133"
        }, 
        {
            "champName": "Ahri", 
            "downvotes": "168", 
            "upvotes": "191"
        }, 
        {
            "champName": "Fizz", 
            "downvotes": "191", 
            "upvotes": "207"
        }, 
        {
            "champName": "Amumu", 
            "downvotes": "59", 
            "upvotes": "86"
        }, 
        {
            "champName": "Ahri", 
            "downvotes": "147", 
            "upvotes": "161"
        }, 
        {
            "champName": "Katarina", 
            "downvotes": "365", 
            "upvotes": "347"
        }
    ], 
    "ChampionImageLocation": "http://www.solomid.net/guide/champ/evelynn.png", 
    "GoodWith": [
        {
            "champName": "Shen", 
            "downvotes": "302", 
            "upvotes": "437"
        }, 
        {
            "champName": "Orianna", 
            "downvotes": "168", 
            "upvotes": "249"
        }, 
        {
            "champName": "Cho'Gath", 
            "downvotes": "137", 
            "upvotes": "184"
        }, 
        {
            "champName": "Jax", 
            "downvotes": "122", 
            "upvotes": "139"
        }, 
        {
            "champName": "Udyr", 
            "downvotes": "112", 
            "upvotes": "129"
        }, 
        {
            "champName": "Amumu", 
            "downvotes": "162", 
            "upvotes": "176"
        }, 
        {
            "champName": "Zilean", 
            "downvotes": "95", 
            "upvotes": "111"
        }, 
        {
            "champName": "Fizz", 
            "downvotes": "24", 
            "upvotes": "42"
        }, 
        {
            "champName": "Aatrox", 
            "downvotes": "15", 
            "upvotes": "33"
        }, 
        {
            "champName": "Veigar", 
            "downvotes": "143", 
            "upvotes": "153"
        }
    ]
}