{
    "ChampionName": {
        "lower": "ezreal", 
        "pretty": "Ezreal"
    }, 
    "WeakAgainst": [
        {
            "champName": "Draven", 
            "downvotes": "2663", 
            "upvotes": "9094"
        }, 
        {
            "champName": "Miss Fortune", 
            "downvotes": "1727", 
            "upvotes": "4123"
        }, 
        {
            "champName": "Graves", 
            "downvotes": "4295", 
            "upvotes": "9973"
        }, 
        {
            "champName": "Akali", 
            "downvotes": "761", 
            "upvotes": "1772"
        }, 
        {
            "champName": "Twitch", 
            "downvotes": "832", 
            "upvotes": "1786"
        }, 
        {
            "champName": "Caitlyn", 
            "downvotes": "2799", 
            "upvotes": "5768"
        }, 
        {
            "champName": "Sivir", 
            "downvotes": "808", 
            "upvotes": "1654"
        }, 
        {
            "champName": "Yasuo", 
            "downvotes": "107", 
            "upvotes": "258"
        }, 
        {
            "champName": "LeBlanc", 
            "downvotes": "73", 
            "upvotes": "189"
        }, 
        {
            "champName": "Aatrox", 
            "downvotes": "134", 
            "upvotes": "287"
        }
    ], 
    "StrongAgainst": [
        {
            "champName": "Ashe", 
            "downvotes": "2590", 
            "upvotes": "7693"
        }, 
        {
            "champName": "Jinx", 
            "downvotes": "2826", 
            "upvotes": "7834"
        }, 
        {
            "champName": "Blitzcrank", 
            "downvotes": "842", 
            "upvotes": "2208"
        }, 
        {
            "champName": "Lucian", 
            "downvotes": "1726", 
            "upvotes": "2805"
        }, 
        {
            "champName": "Thresh", 
            "downvotes": "497", 
            "upvotes": "766"
        }, 
        {
            "champName": "Jinx", 
            "downvotes": "268", 
            "upvotes": "429"
        }, 
        {
            "champName": "Nami", 
            "downvotes": "531", 
            "upvotes": "787"
        }, 
        {
            "champName": "Teemo", 
            "downvotes": "380", 
            "upvotes": "559"
        }, 
        {
            "champName": "Ahri", 
            "downvotes": "107", 
            "upvotes": "167"
        }, 
        {
            "champName": "Fizz", 
            "downvotes": "114", 
            "upvotes": "164"
        }
    ], 
    "ChampionImageLocation": "http://www.solomid.net/guide/champ/ezreal.png", 
    "GoodWith": [
        {
            "champName": "Thresh", 
            "downvotes": "59", 
            "upvotes": "708"
        }, 
        {
            "champName": "Nunu", 
            "downvotes": "99", 
            "upvotes": "448"
        }, 
        {
            "champName": "Taric", 
            "downvotes": "628", 
            "upvotes": "2398"
        }, 
        {
            "champName": "Sona", 
            "downvotes": "1114", 
            "upvotes": "4013"
        }, 
        {
            "champName": "Nami", 
            "downvotes": "202", 
            "upvotes": "734"
        }, 
        {
            "champName": "Alistar", 
            "downvotes": "184", 
            "upvotes": "663"
        }, 
        {
            "champName": "Morgana", 
            "downvotes": "10", 
            "upvotes": "90"
        }, 
        {
            "champName": "Leona", 
            "downvotes": "1017", 
            "upvotes": "3029"
        }, 
        {
            "champName": "Blitzcrank", 
            "downvotes": "654", 
            "upvotes": "1892"
        }, 
        {
            "champName": "Lulu", 
            "downvotes": "321", 
            "upvotes": "935"
        }
    ]
}