{
    "ChampionName": {
        "lower": "ezreal", 
        "pretty": "Ezreal"
    }, 
    "WeakAgainst": [
        {
            "champName": "Draven", 
            "downvotes": "2654", 
            "upvotes": "9052"
        }, 
        {
            "champName": "Miss Fortune", 
            "downvotes": "1721", 
            "upvotes": "4109"
        }, 
        {
            "champName": "Graves", 
            "downvotes": "4289", 
            "upvotes": "9963"
        }, 
        {
            "champName": "Akali", 
            "downvotes": "759", 
            "upvotes": "1768"
        }, 
        {
            "champName": "Twitch", 
            "downvotes": "829", 
            "upvotes": "1779"
        }, 
        {
            "champName": "Caitlyn", 
            "downvotes": "2791", 
            "upvotes": "5750"
        }, 
        {
            "champName": "Sivir", 
            "downvotes": "803", 
            "upvotes": "1651"
        }, 
        {
            "champName": "Yasuo", 
            "downvotes": "106", 
            "upvotes": "259"
        }, 
        {
            "champName": "LeBlanc", 
            "downvotes": "73", 
            "upvotes": "188"
        }, 
        {
            "champName": "Aatrox", 
            "downvotes": "132", 
            "upvotes": "285"
        }
    ], 
    "StrongAgainst": [
        {
            "champName": "Ashe", 
            "downvotes": "2586", 
            "upvotes": "7676"
        }, 
        {
            "champName": "Jinx", 
            "downvotes": "2812", 
            "upvotes": "7787"
        }, 
        {
            "champName": "Blitzcrank", 
            "downvotes": "840", 
            "upvotes": "2201"
        }, 
        {
            "champName": "Lucian", 
            "downvotes": "1708", 
            "upvotes": "2783"
        }, 
        {
            "champName": "Thresh", 
            "downvotes": "498", 
            "upvotes": "759"
        }, 
        {
            "champName": "Nami", 
            "downvotes": "530", 
            "upvotes": "786"
        }, 
        {
            "champName": "Jinx", 
            "downvotes": "267", 
            "upvotes": "423"
        }, 
        {
            "champName": "Teemo", 
            "downvotes": "378", 
            "upvotes": "560"
        }, 
        {
            "champName": "Ahri", 
            "downvotes": "106", 
            "upvotes": "163"
        }, 
        {
            "champName": "Fizz", 
            "downvotes": "112", 
            "upvotes": "164"
        }
    ], 
    "ChampionImageLocation": "http://www.solomid.net/guide/champ/ezreal.png", 
    "GoodWith": [
        {
            "champName": "Thresh", 
            "downvotes": "59", 
            "upvotes": "704"
        }, 
        {
            "champName": "Nunu", 
            "downvotes": "98", 
            "upvotes": "449"
        }, 
        {
            "champName": "Taric", 
            "downvotes": "627", 
            "upvotes": "2394"
        }, 
        {
            "champName": "Sona", 
            "downvotes": "1109", 
            "upvotes": "4007"
        }, 
        {
            "champName": "Nami", 
            "downvotes": "201", 
            "upvotes": "732"
        }, 
        {
            "champName": "Alistar", 
            "downvotes": "184", 
            "upvotes": "663"
        }, 
        {
            "champName": "Morgana", 
            "downvotes": "10", 
            "upvotes": "89"
        }, 
        {
            "champName": "Leona", 
            "downvotes": "1016", 
            "upvotes": "3018"
        }, 
        {
            "champName": "Blitzcrank", 
            "downvotes": "652", 
            "upvotes": "1892"
        }, 
        {
            "champName": "Lulu", 
            "downvotes": "321", 
            "upvotes": "935"
        }
    ]
}