{
    "ChampionName": {
        "lower": "fiddlesticks", 
        "pretty": "Fiddlesticks"
    }, 
    "WeakAgainst": [
        {
            "champName": "Janna", 
            "downvotes": "443", 
            "upvotes": "925"
        }, 
        {
            "champName": "Diana", 
            "downvotes": "246", 
            "upvotes": "454"
        }, 
        {
            "champName": "Xin Zhao", 
            "downvotes": "309", 
            "upvotes": "545"
        }, 
        {
            "champName": "Alistar", 
            "downvotes": "344", 
            "upvotes": "551"
        }, 
        {
            "champName": "Aatrox", 
            "downvotes": "28", 
            "upvotes": "96"
        }, 
        {
            "champName": "Cho'Gath", 
            "downvotes": "162", 
            "upvotes": "273"
        }, 
        {
            "champName": "Kassadin", 
            "downvotes": "181", 
            "upvotes": "297"
        }, 
        {
            "champName": "Ahri", 
            "downvotes": "121", 
            "upvotes": "192"
        }, 
        {
            "champName": "Tristana", 
            "downvotes": "202", 
            "upvotes": "286"
        }, 
        {
            "champName": "LeBlanc", 
            "downvotes": "194", 
            "upvotes": "274"
        }
    ], 
    "StrongAgainst": [
        {
            "champName": "Katarina", 
            "downvotes": "911", 
            "upvotes": "3342"
        }, 
        {
            "champName": "Vladimir", 
            "downvotes": "644", 
            "upvotes": "2078"
        }, 
        {
            "champName": "Akali", 
            "downvotes": "373", 
            "upvotes": "826"
        }, 
        {
            "champName": "Fizz", 
            "downvotes": "353", 
            "upvotes": "605"
        }, 
        {
            "champName": "Master Yi", 
            "downvotes": "435", 
            "upvotes": "718"
        }, 
        {
            "champName": "Akali", 
            "downvotes": "133", 
            "upvotes": "227"
        }, 
        {
            "champName": "Fizz", 
            "downvotes": "123", 
            "upvotes": "212"
        }, 
        {
            "champName": "Zed", 
            "downvotes": "95", 
            "upvotes": "173"
        }, 
        {
            "champName": "Yasuo", 
            "downvotes": "53", 
            "upvotes": "118"
        }, 
        {
            "champName": "LeBlanc", 
            "downvotes": "17", 
            "upvotes": "69"
        }
    ], 
    "ChampionImageLocation": "http://www.solomid.net/guide/champ/fiddlesticks.png", 
    "GoodWith": [
        {
            "champName": "Amumu", 
            "downvotes": "299", 
            "upvotes": "694"
        }, 
        {
            "champName": "Jinx", 
            "downvotes": "4", 
            "upvotes": "43"
        }, 
        {
            "champName": "Caitlyn", 
            "downvotes": "10", 
            "upvotes": "53"
        }, 
        {
            "champName": "Galio", 
            "downvotes": "201", 
            "upvotes": "384"
        }, 
        {
            "champName": "Ashe", 
            "downvotes": "15", 
            "upvotes": "58"
        }, 
        {
            "champName": "Jarvan IV", 
            "downvotes": "151", 
            "upvotes": "281"
        }, 
        {
            "champName": "Vayne", 
            "downvotes": "12", 
            "upvotes": "52"
        }, 
        {
            "champName": "Varus", 
            "downvotes": "16", 
            "upvotes": "55"
        }, 
        {
            "champName": "Kennen", 
            "downvotes": "212", 
            "upvotes": "341"
        }, 
        {
            "champName": "Orianna", 
            "downvotes": "127", 
            "upvotes": "209"
        }
    ]
}