{
    "ChampionName": {
        "lower": "fiddlesticks", 
        "pretty": "Fiddlesticks"
    }, 
    "WeakAgainst": [
        {
            "champName": "Janna", 
            "downvotes": "443", 
            "upvotes": "927"
        }, 
        {
            "champName": "Diana", 
            "downvotes": "249", 
            "upvotes": "456"
        }, 
        {
            "champName": "Xin Zhao", 
            "downvotes": "310", 
            "upvotes": "547"
        }, 
        {
            "champName": "Aatrox", 
            "downvotes": "27", 
            "upvotes": "97"
        }, 
        {
            "champName": "Alistar", 
            "downvotes": "345", 
            "upvotes": "552"
        }, 
        {
            "champName": "Cho'Gath", 
            "downvotes": "160", 
            "upvotes": "275"
        }, 
        {
            "champName": "Kassadin", 
            "downvotes": "185", 
            "upvotes": "299"
        }, 
        {
            "champName": "Syndra", 
            "downvotes": "148", 
            "upvotes": "223"
        }, 
        {
            "champName": "Tristana", 
            "downvotes": "203", 
            "upvotes": "288"
        }, 
        {
            "champName": "LeBlanc", 
            "downvotes": "195", 
            "upvotes": "277"
        }
    ], 
    "StrongAgainst": [
        {
            "champName": "Katarina", 
            "downvotes": "917", 
            "upvotes": "3359"
        }, 
        {
            "champName": "Vladimir", 
            "downvotes": "648", 
            "upvotes": "2077"
        }, 
        {
            "champName": "Akali", 
            "downvotes": "374", 
            "upvotes": "827"
        }, 
        {
            "champName": "Fizz", 
            "downvotes": "354", 
            "upvotes": "607"
        }, 
        {
            "champName": "Master Yi", 
            "downvotes": "435", 
            "upvotes": "719"
        }, 
        {
            "champName": "Akali", 
            "downvotes": "135", 
            "upvotes": "229"
        }, 
        {
            "champName": "Zed", 
            "downvotes": "95", 
            "upvotes": "175"
        }, 
        {
            "champName": "Fizz", 
            "downvotes": "124", 
            "upvotes": "212"
        }, 
        {
            "champName": "Yasuo", 
            "downvotes": "55", 
            "upvotes": "118"
        }, 
        {
            "champName": "LeBlanc", 
            "downvotes": "18", 
            "upvotes": "70"
        }
    ], 
    "ChampionImageLocation": "http://www.solomid.net/guide/champ/fiddlesticks.png", 
    "GoodWith": [
        {
            "champName": "Amumu", 
            "downvotes": "299", 
            "upvotes": "694"
        }, 
        {
            "champName": "Jinx", 
            "downvotes": "4", 
            "upvotes": "43"
        }, 
        {
            "champName": "Galio", 
            "downvotes": "201", 
            "upvotes": "386"
        }, 
        {
            "champName": "Ashe", 
            "downvotes": "14", 
            "upvotes": "59"
        }, 
        {
            "champName": "Caitlyn", 
            "downvotes": "11", 
            "upvotes": "52"
        }, 
        {
            "champName": "Jarvan IV", 
            "downvotes": "152", 
            "upvotes": "281"
        }, 
        {
            "champName": "Vayne", 
            "downvotes": "12", 
            "upvotes": "52"
        }, 
        {
            "champName": "Kennen", 
            "downvotes": "210", 
            "upvotes": "343"
        }, 
        {
            "champName": "Varus", 
            "downvotes": "17", 
            "upvotes": "54"
        }, 
        {
            "champName": "Orianna", 
            "downvotes": "126", 
            "upvotes": "211"
        }
    ]
}