{
    "ChampionName": {
        "lower": "fiora", 
        "pretty": "Fiora"
    }, 
    "WeakAgainst": [
        {
            "champName": "Jax", 
            "downvotes": "2477", 
            "upvotes": "8455"
        }, 
        {
            "champName": "Pantheon", 
            "downvotes": "838", 
            "upvotes": "2302"
        }, 
        {
            "champName": "Malphite", 
            "downvotes": "711", 
            "upvotes": "1925"
        }, 
        {
            "champName": "Singed", 
            "downvotes": "1012", 
            "upvotes": "1883"
        }, 
        {
            "champName": "Renekton", 
            "downvotes": "552", 
            "upvotes": "1047"
        }, 
        {
            "champName": "Darius", 
            "downvotes": "318", 
            "upvotes": "569"
        }, 
        {
            "champName": "Irelia", 
            "downvotes": "29", 
            "upvotes": "104"
        }, 
        {
            "champName": "Aatrox", 
            "downvotes": "64", 
            "upvotes": "156"
        }, 
        {
            "champName": "Nasus", 
            "downvotes": "127", 
            "upvotes": "250"
        }, 
        {
            "champName": "Vladimir", 
            "downvotes": "194", 
            "upvotes": "344"
        }
    ], 
    "StrongAgainst": [
        {
            "champName": "Yasuo", 
            "downvotes": "594", 
            "upvotes": "2177"
        }, 
        {
            "champName": "Gangplank", 
            "downvotes": "711", 
            "upvotes": "2379"
        }, 
        {
            "champName": "Aatrox", 
            "downvotes": "800", 
            "upvotes": "1936"
        }, 
        {
            "champName": "Rengar", 
            "downvotes": "815", 
            "upvotes": "1734"
        }, 
        {
            "champName": "Riven", 
            "downvotes": "742", 
            "upvotes": "1384"
        }, 
        {
            "champName": "Nasus", 
            "downvotes": "410", 
            "upvotes": "778"
        }, 
        {
            "champName": "Zed", 
            "downvotes": "353", 
            "upvotes": "676"
        }, 
        {
            "champName": "Master Yi", 
            "downvotes": "324", 
            "upvotes": "622"
        }, 
        {
            "champName": "Kha'Zix", 
            "downvotes": "94", 
            "upvotes": "227"
        }, 
        {
            "champName": "Jayce", 
            "downvotes": "872", 
            "upvotes": "1501"
        }
    ], 
    "ChampionImageLocation": "http://www.solomid.net/guide/champ/fiora.png", 
    "GoodWith": [
        {
            "champName": "Darius", 
            "downvotes": "223", 
            "upvotes": "493"
        }, 
        {
            "champName": "Amumu", 
            "downvotes": "194", 
            "upvotes": "310"
        }, 
        {
            "champName": "Ahri", 
            "downvotes": "78", 
            "upvotes": "128"
        }, 
        {
            "champName": "Blitzcrank", 
            "downvotes": "232", 
            "upvotes": "321"
        }, 
        {
            "champName": "Morgana", 
            "downvotes": "394", 
            "upvotes": "527"
        }, 
        {
            "champName": "Lux", 
            "downvotes": "13", 
            "upvotes": "42"
        }, 
        {
            "champName": "Lee Sin", 
            "downvotes": "10", 
            "upvotes": "35"
        }, 
        {
            "champName": "Volibear", 
            "downvotes": "77", 
            "upvotes": "113"
        }, 
        {
            "champName": "Aatrox", 
            "downvotes": "19", 
            "upvotes": "45"
        }, 
        {
            "champName": "Leona", 
            "downvotes": "18", 
            "upvotes": "42"
        }
    ]
}