{
    "ChampionName": {
        "lower": "fiora", 
        "pretty": "Fiora"
    }, 
    "WeakAgainst": [
        {
            "champName": "Jax", 
            "downvotes": "2472", 
            "upvotes": "8438"
        }, 
        {
            "champName": "Pantheon", 
            "downvotes": "834", 
            "upvotes": "2296"
        }, 
        {
            "champName": "Malphite", 
            "downvotes": "711", 
            "upvotes": "1916"
        }, 
        {
            "champName": "Singed", 
            "downvotes": "1011", 
            "upvotes": "1879"
        }, 
        {
            "champName": "Renekton", 
            "downvotes": "551", 
            "upvotes": "1041"
        }, 
        {
            "champName": "Darius", 
            "downvotes": "317", 
            "upvotes": "563"
        }, 
        {
            "champName": "Nasus", 
            "downvotes": "125", 
            "upvotes": "250"
        }, 
        {
            "champName": "Irelia", 
            "downvotes": "28", 
            "upvotes": "103"
        }, 
        {
            "champName": "Aatrox", 
            "downvotes": "64", 
            "upvotes": "156"
        }, 
        {
            "champName": "Vladimir", 
            "downvotes": "193", 
            "upvotes": "344"
        }
    ], 
    "StrongAgainst": [
        {
            "champName": "Yasuo", 
            "downvotes": "593", 
            "upvotes": "2167"
        }, 
        {
            "champName": "Gangplank", 
            "downvotes": "711", 
            "upvotes": "2378"
        }, 
        {
            "champName": "Aatrox", 
            "downvotes": "799", 
            "upvotes": "1934"
        }, 
        {
            "champName": "Rengar", 
            "downvotes": "811", 
            "upvotes": "1734"
        }, 
        {
            "champName": "Riven", 
            "downvotes": "740", 
            "upvotes": "1374"
        }, 
        {
            "champName": "Nasus", 
            "downvotes": "410", 
            "upvotes": "776"
        }, 
        {
            "champName": "Zed", 
            "downvotes": "352", 
            "upvotes": "675"
        }, 
        {
            "champName": "Master Yi", 
            "downvotes": "324", 
            "upvotes": "620"
        }, 
        {
            "champName": "Kha'Zix", 
            "downvotes": "94", 
            "upvotes": "224"
        }, 
        {
            "champName": "Jayce", 
            "downvotes": "870", 
            "upvotes": "1502"
        }
    ], 
    "ChampionImageLocation": "http://www.solomid.net/guide/champ/fiora.png", 
    "GoodWith": [
        {
            "champName": "Darius", 
            "downvotes": "221", 
            "upvotes": "492"
        }, 
        {
            "champName": "Amumu", 
            "downvotes": "193", 
            "upvotes": "310"
        }, 
        {
            "champName": "Ahri", 
            "downvotes": "79", 
            "upvotes": "127"
        }, 
        {
            "champName": "Lux", 
            "downvotes": "13", 
            "upvotes": "42"
        }, 
        {
            "champName": "Morgana", 
            "downvotes": "395", 
            "upvotes": "524"
        }, 
        {
            "champName": "Blitzcrank", 
            "downvotes": "233", 
            "upvotes": "319"
        }, 
        {
            "champName": "Lee Sin", 
            "downvotes": "10", 
            "upvotes": "35"
        }, 
        {
            "champName": "Aatrox", 
            "downvotes": "19", 
            "upvotes": "45"
        }, 
        {
            "champName": "Volibear", 
            "downvotes": "79", 
            "upvotes": "110"
        }, 
        {
            "champName": "Orianna", 
            "downvotes": "108", 
            "upvotes": "137"
        }
    ]
}