{
    "ChampionName": {
        "lower": "fiora", 
        "pretty": "Fiora"
    }, 
    "WeakAgainst": [
        {
            "champName": "Jax", 
            "downvotes": "2469", 
            "upvotes": "8411"
        }, 
        {
            "champName": "Pantheon", 
            "downvotes": "831", 
            "upvotes": "2286"
        }, 
        {
            "champName": "Malphite", 
            "downvotes": "707", 
            "upvotes": "1915"
        }, 
        {
            "champName": "Singed", 
            "downvotes": "1008", 
            "upvotes": "1871"
        }, 
        {
            "champName": "Renekton", 
            "downvotes": "549", 
            "upvotes": "1040"
        }, 
        {
            "champName": "Darius", 
            "downvotes": "315", 
            "upvotes": "562"
        }, 
        {
            "champName": "Irelia", 
            "downvotes": "27", 
            "upvotes": "103"
        }, 
        {
            "champName": "Nasus", 
            "downvotes": "125", 
            "upvotes": "248"
        }, 
        {
            "champName": "Aatrox", 
            "downvotes": "64", 
            "upvotes": "155"
        }, 
        {
            "champName": "Vladimir", 
            "downvotes": "193", 
            "upvotes": "344"
        }
    ], 
    "StrongAgainst": [
        {
            "champName": "Yasuo", 
            "downvotes": "593", 
            "upvotes": "2159"
        }, 
        {
            "champName": "Gangplank", 
            "downvotes": "710", 
            "upvotes": "2372"
        }, 
        {
            "champName": "Aatrox", 
            "downvotes": "800", 
            "upvotes": "1929"
        }, 
        {
            "champName": "Rengar", 
            "downvotes": "811", 
            "upvotes": "1729"
        }, 
        {
            "champName": "Riven", 
            "downvotes": "736", 
            "upvotes": "1364"
        }, 
        {
            "champName": "Nasus", 
            "downvotes": "409", 
            "upvotes": "776"
        }, 
        {
            "champName": "Zed", 
            "downvotes": "352", 
            "upvotes": "673"
        }, 
        {
            "champName": "Master Yi", 
            "downvotes": "322", 
            "upvotes": "621"
        }, 
        {
            "champName": "Kha'Zix", 
            "downvotes": "94", 
            "upvotes": "223"
        }, 
        {
            "champName": "Jayce", 
            "downvotes": "869", 
            "upvotes": "1501"
        }
    ], 
    "ChampionImageLocation": "http://www.solomid.net/guide/champ/fiora.png", 
    "GoodWith": [
        {
            "champName": "Darius", 
            "downvotes": "222", 
            "upvotes": "489"
        }, 
        {
            "champName": "Amumu", 
            "downvotes": "194", 
            "upvotes": "309"
        }, 
        {
            "champName": "Ahri", 
            "downvotes": "79", 
            "upvotes": "127"
        }, 
        {
            "champName": "Lux", 
            "downvotes": "13", 
            "upvotes": "42"
        }, 
        {
            "champName": "Blitzcrank", 
            "downvotes": "232", 
            "upvotes": "320"
        }, 
        {
            "champName": "Morgana", 
            "downvotes": "393", 
            "upvotes": "524"
        }, 
        {
            "champName": "Lee Sin", 
            "downvotes": "9", 
            "upvotes": "36"
        }, 
        {
            "champName": "Volibear", 
            "downvotes": "78", 
            "upvotes": "111"
        }, 
        {
            "champName": "Aatrox", 
            "downvotes": "20", 
            "upvotes": "44"
        }, 
        {
            "champName": "Orianna", 
            "downvotes": "108", 
            "upvotes": "137"
        }
    ]
}