{
    "ChampionName": {
        "lower": "fizz", 
        "pretty": "Fizz"
    }, 
    "WeakAgainst": [
        {
            "champName": "Mordekaiser", 
            "downvotes": "1727", 
            "upvotes": "4428"
        }, 
        {
            "champName": "Ryze", 
            "downvotes": "7469", 
            "upvotes": "16559"
        }, 
        {
            "champName": "Kayle", 
            "downvotes": "815", 
            "upvotes": "1863"
        }, 
        {
            "champName": "LeBlanc", 
            "downvotes": "317", 
            "upvotes": "720"
        }, 
        {
            "champName": "Diana", 
            "downvotes": "2174", 
            "upvotes": "4439"
        }, 
        {
            "champName": "Lissandra", 
            "downvotes": "978", 
            "upvotes": "2041"
        }, 
        {
            "champName": "Yasuo", 
            "downvotes": "36", 
            "upvotes": "146"
        }, 
        {
            "champName": "Akali", 
            "downvotes": "2511", 
            "upvotes": "4886"
        }, 
        {
            "champName": "Pantheon", 
            "downvotes": "472", 
            "upvotes": "966"
        }, 
        {
            "champName": "Elise", 
            "downvotes": "571", 
            "upvotes": "1147"
        }
    ], 
    "StrongAgainst": [
        {
            "champName": "Vel'Koz", 
            "downvotes": "279", 
            "upvotes": "1312"
        }, 
        {
            "champName": "Karthus", 
            "downvotes": "849", 
            "upvotes": "3245"
        }, 
        {
            "champName": "Twisted Fate", 
            "downvotes": "1231", 
            "upvotes": "4185"
        }, 
        {
            "champName": "Veigar", 
            "downvotes": "1011", 
            "upvotes": "2896"
        }, 
        {
            "champName": "Anivia", 
            "downvotes": "2249", 
            "upvotes": "5348"
        }, 
        {
            "champName": "Yasuo", 
            "downvotes": "27", 
            "upvotes": "156"
        }, 
        {
            "champName": "Lux", 
            "downvotes": "1921", 
            "upvotes": "4378"
        }, 
        {
            "champName": "Yasuo", 
            "downvotes": "103", 
            "upvotes": "311"
        }, 
        {
            "champName": "Nidalee", 
            "downvotes": "597", 
            "upvotes": "1361"
        }, 
        {
            "champName": "Syndra", 
            "downvotes": "1393", 
            "upvotes": "3053"
        }
    ], 
    "ChampionImageLocation": "http://www.solomid.net/guide/champ/fizz.png", 
    "GoodWith": [
        {
            "champName": "Leona", 
            "downvotes": "22", 
            "upvotes": "79"
        }, 
        {
            "champName": "Nami", 
            "downvotes": "350", 
            "upvotes": "614"
        }, 
        {
            "champName": "Aatrox", 
            "downvotes": "133", 
            "upvotes": "252"
        }, 
        {
            "champName": "Amumu", 
            "downvotes": "575", 
            "upvotes": "888"
        }, 
        {
            "champName": "Yasuo", 
            "downvotes": "4", 
            "upvotes": "35"
        }, 
        {
            "champName": "Vi", 
            "downvotes": "23", 
            "upvotes": "62"
        }, 
        {
            "champName": "Jarvan IV", 
            "downvotes": "268", 
            "upvotes": "406"
        }, 
        {
            "champName": "Malphite", 
            "downvotes": "262", 
            "upvotes": "361"
        }, 
        {
            "champName": "Lee Sin", 
            "downvotes": "5", 
            "upvotes": "31"
        }, 
        {
            "champName": "Ahri", 
            "downvotes": "130", 
            "upvotes": "185"
        }
    ]
}