{
    "ChampionName": {
        "lower": "fizz", 
        "pretty": "Fizz"
    }, 
    "WeakAgainst": [
        {
            "champName": "Mordekaiser", 
            "downvotes": "1725", 
            "upvotes": "4419"
        }, 
        {
            "champName": "Ryze", 
            "downvotes": "7458", 
            "upvotes": "16516"
        }, 
        {
            "champName": "Kayle", 
            "downvotes": "815", 
            "upvotes": "1854"
        }, 
        {
            "champName": "LeBlanc", 
            "downvotes": "316", 
            "upvotes": "715"
        }, 
        {
            "champName": "Diana", 
            "downvotes": "2170", 
            "upvotes": "4433"
        }, 
        {
            "champName": "Lissandra", 
            "downvotes": "978", 
            "upvotes": "2030"
        }, 
        {
            "champName": "Akali", 
            "downvotes": "2506", 
            "upvotes": "4866"
        }, 
        {
            "champName": "Elise", 
            "downvotes": "569", 
            "upvotes": "1147"
        }, 
        {
            "champName": "Pantheon", 
            "downvotes": "474", 
            "upvotes": "963"
        }, 
        {
            "champName": "Yasuo", 
            "downvotes": "35", 
            "upvotes": "140"
        }
    ], 
    "StrongAgainst": [
        {
            "champName": "Vel'Koz", 
            "downvotes": "278", 
            "upvotes": "1303"
        }, 
        {
            "champName": "Karthus", 
            "downvotes": "848", 
            "upvotes": "3242"
        }, 
        {
            "champName": "Twisted Fate", 
            "downvotes": "1226", 
            "upvotes": "4177"
        }, 
        {
            "champName": "Veigar", 
            "downvotes": "1009", 
            "upvotes": "2884"
        }, 
        {
            "champName": "Anivia", 
            "downvotes": "2243", 
            "upvotes": "5343"
        }, 
        {
            "champName": "Yasuo", 
            "downvotes": "27", 
            "upvotes": "156"
        }, 
        {
            "champName": "Lux", 
            "downvotes": "1914", 
            "upvotes": "4371"
        }, 
        {
            "champName": "Yasuo", 
            "downvotes": "102", 
            "upvotes": "312"
        }, 
        {
            "champName": "Nidalee", 
            "downvotes": "596", 
            "upvotes": "1355"
        }, 
        {
            "champName": "Syndra", 
            "downvotes": "1391", 
            "upvotes": "3048"
        }
    ], 
    "ChampionImageLocation": "http://www.solomid.net/guide/champ/fizz.png", 
    "GoodWith": [
        {
            "champName": "Leona", 
            "downvotes": "23", 
            "upvotes": "78"
        }, 
        {
            "champName": "Aatrox", 
            "downvotes": "131", 
            "upvotes": "252"
        }, 
        {
            "champName": "Nami", 
            "downvotes": "348", 
            "upvotes": "613"
        }, 
        {
            "champName": "Amumu", 
            "downvotes": "574", 
            "upvotes": "887"
        }, 
        {
            "champName": "Yasuo", 
            "downvotes": "4", 
            "upvotes": "35"
        }, 
        {
            "champName": "Vi", 
            "downvotes": "23", 
            "upvotes": "62"
        }, 
        {
            "champName": "Jarvan IV", 
            "downvotes": "266", 
            "upvotes": "405"
        }, 
        {
            "champName": "Lee Sin", 
            "downvotes": "4", 
            "upvotes": "32"
        }, 
        {
            "champName": "Malphite", 
            "downvotes": "262", 
            "upvotes": "360"
        }, 
        {
            "champName": "Ahri", 
            "downvotes": "130", 
            "upvotes": "185"
        }
    ]
}