{
    "ChampionName": {
        "lower": "fizz", 
        "pretty": "Fizz"
    }, 
    "WeakAgainst": [
        {
            "champName": "Mordekaiser", 
            "downvotes": "1731", 
            "upvotes": "4438"
        }, 
        {
            "champName": "Ryze", 
            "downvotes": "7484", 
            "upvotes": "16595"
        }, 
        {
            "champName": "Kayle", 
            "downvotes": "816", 
            "upvotes": "1870"
        }, 
        {
            "champName": "LeBlanc", 
            "downvotes": "320", 
            "upvotes": "724"
        }, 
        {
            "champName": "Diana", 
            "downvotes": "2174", 
            "upvotes": "4446"
        }, 
        {
            "champName": "Lissandra", 
            "downvotes": "983", 
            "upvotes": "2041"
        }, 
        {
            "champName": "Yasuo", 
            "downvotes": "36", 
            "upvotes": "148"
        }, 
        {
            "champName": "Akali", 
            "downvotes": "2518", 
            "upvotes": "4896"
        }, 
        {
            "champName": "Yasuo", 
            "downvotes": "152", 
            "upvotes": "363"
        }, 
        {
            "champName": "Pantheon", 
            "downvotes": "474", 
            "upvotes": "964"
        }
    ], 
    "StrongAgainst": [
        {
            "champName": "Vel'Koz", 
            "downvotes": "280", 
            "upvotes": "1317"
        }, 
        {
            "champName": "Karthus", 
            "downvotes": "851", 
            "upvotes": "3248"
        }, 
        {
            "champName": "Twisted Fate", 
            "downvotes": "1233", 
            "upvotes": "4194"
        }, 
        {
            "champName": "Veigar", 
            "downvotes": "1014", 
            "upvotes": "2900"
        }, 
        {
            "champName": "Anivia", 
            "downvotes": "2252", 
            "upvotes": "5354"
        }, 
        {
            "champName": "Yasuo", 
            "downvotes": "29", 
            "upvotes": "158"
        }, 
        {
            "champName": "Lux", 
            "downvotes": "1923", 
            "upvotes": "4384"
        }, 
        {
            "champName": "Yasuo", 
            "downvotes": "102", 
            "upvotes": "312"
        }, 
        {
            "champName": "Syndra", 
            "downvotes": "1396", 
            "upvotes": "3060"
        }, 
        {
            "champName": "Nidalee", 
            "downvotes": "601", 
            "upvotes": "1364"
        }
    ], 
    "ChampionImageLocation": "http://www.solomid.net/guide/champ/fizz.png", 
    "GoodWith": [
        {
            "champName": "Leona", 
            "downvotes": "22", 
            "upvotes": "79"
        }, 
        {
            "champName": "Aatrox", 
            "downvotes": "131", 
            "upvotes": "254"
        }, 
        {
            "champName": "Nami", 
            "downvotes": "351", 
            "upvotes": "614"
        }, 
        {
            "champName": "Yasuo", 
            "downvotes": "3", 
            "upvotes": "36"
        }, 
        {
            "champName": "Amumu", 
            "downvotes": "576", 
            "upvotes": "887"
        }, 
        {
            "champName": "Jarvan IV", 
            "downvotes": "269", 
            "upvotes": "406"
        }, 
        {
            "champName": "Vi", 
            "downvotes": "24", 
            "upvotes": "61"
        }, 
        {
            "champName": "Malphite", 
            "downvotes": "260", 
            "upvotes": "363"
        }, 
        {
            "champName": "Lee Sin", 
            "downvotes": "5", 
            "upvotes": "31"
        }, 
        {
            "champName": "Ahri", 
            "downvotes": "130", 
            "upvotes": "185"
        }
    ]
}