{
    "ChampionName": {
        "lower": "galio", 
        "pretty": "Galio"
    }, 
    "WeakAgainst": [
        {
            "champName": "Udyr", 
            "downvotes": "375", 
            "upvotes": "747"
        }, 
        {
            "champName": "Talon", 
            "downvotes": "396", 
            "upvotes": "617"
        }, 
        {
            "champName": "Talon", 
            "downvotes": "272", 
            "upvotes": "438"
        }, 
        {
            "champName": "Janna", 
            "downvotes": "381", 
            "upvotes": "536"
        }, 
        {
            "champName": "Yasuo", 
            "downvotes": "47", 
            "upvotes": "100"
        }, 
        {
            "champName": "Kha'Zix", 
            "downvotes": "99", 
            "upvotes": "145"
        }, 
        {
            "champName": "Zed", 
            "downvotes": "201", 
            "upvotes": "230"
        }, 
        {
            "champName": "Lux", 
            "downvotes": "122", 
            "upvotes": "150"
        }, 
        {
            "champName": "Nasus", 
            "downvotes": "191", 
            "upvotes": "201"
        }, 
        {
            "champName": "Olaf", 
            "downvotes": "136", 
            "upvotes": "151"
        }
    ], 
    "StrongAgainst": [
        {
            "champName": "Cassiopeia", 
            "downvotes": "577", 
            "upvotes": "2585"
        }, 
        {
            "champName": "LeBlanc", 
            "downvotes": "1081", 
            "upvotes": "4660"
        }, 
        {
            "champName": "Brand", 
            "downvotes": "462", 
            "upvotes": "1159"
        }, 
        {
            "champName": "Malzahar", 
            "downvotes": "475", 
            "upvotes": "1033"
        }, 
        {
            "champName": "Veigar", 
            "downvotes": "349", 
            "upvotes": "665"
        }, 
        {
            "champName": "Fizz", 
            "downvotes": "430", 
            "upvotes": "788"
        }, 
        {
            "champName": "Kassadin", 
            "downvotes": "274", 
            "upvotes": "492"
        }, 
        {
            "champName": "Akali", 
            "downvotes": "65", 
            "upvotes": "164"
        }, 
        {
            "champName": "Teemo", 
            "downvotes": "9", 
            "upvotes": "70"
        }, 
        {
            "champName": "Swain", 
            "downvotes": "316", 
            "upvotes": "503"
        }
    ], 
    "ChampionImageLocation": "http://www.solomid.net/guide/champ/galio.png", 
    "GoodWith": [
        {
            "champName": "Katarina", 
            "downvotes": "467", 
            "upvotes": "992"
        }, 
        {
            "champName": "Miss Fortune", 
            "downvotes": "24", 
            "upvotes": "82"
        }, 
        {
            "champName": "Orianna", 
            "downvotes": "17", 
            "upvotes": "66"
        }, 
        {
            "champName": "Wukong", 
            "downvotes": "169", 
            "upvotes": "333"
        }, 
        {
            "champName": "Fiddlesticks", 
            "downvotes": "201", 
            "upvotes": "386"
        }, 
        {
            "champName": "Nunu", 
            "downvotes": "162", 
            "upvotes": "311"
        }, 
        {
            "champName": "Amumu", 
            "downvotes": "181", 
            "upvotes": "312"
        }, 
        {
            "champName": "Malphite", 
            "downvotes": "25", 
            "upvotes": "66"
        }, 
        {
            "champName": "Kennen", 
            "downvotes": "163", 
            "upvotes": "261"
        }, 
        {
            "champName": "Morgana", 
            "downvotes": "107", 
            "upvotes": "174"
        }
    ]
}