{
    "ChampionName": {
        "lower": "galio", 
        "pretty": "Galio"
    }, 
    "WeakAgainst": [
        {
            "champName": "Udyr", 
            "downvotes": "375", 
            "upvotes": "746"
        }, 
        {
            "champName": "Talon", 
            "downvotes": "394", 
            "upvotes": "616"
        }, 
        {
            "champName": "Talon", 
            "downvotes": "271", 
            "upvotes": "437"
        }, 
        {
            "champName": "Janna", 
            "downvotes": "379", 
            "upvotes": "536"
        }, 
        {
            "champName": "Yasuo", 
            "downvotes": "46", 
            "upvotes": "101"
        }, 
        {
            "champName": "Kha'Zix", 
            "downvotes": "98", 
            "upvotes": "145"
        }, 
        {
            "champName": "Zed", 
            "downvotes": "199", 
            "upvotes": "229"
        }, 
        {
            "champName": "Lux", 
            "downvotes": "121", 
            "upvotes": "148"
        }, 
        {
            "champName": "Nasus", 
            "downvotes": "190", 
            "upvotes": "201"
        }, 
        {
            "champName": "Olaf", 
            "downvotes": "135", 
            "upvotes": "152"
        }
    ], 
    "StrongAgainst": [
        {
            "champName": "Cassiopeia", 
            "downvotes": "578", 
            "upvotes": "2582"
        }, 
        {
            "champName": "LeBlanc", 
            "downvotes": "1076", 
            "upvotes": "4620"
        }, 
        {
            "champName": "Brand", 
            "downvotes": "462", 
            "upvotes": "1154"
        }, 
        {
            "champName": "Malzahar", 
            "downvotes": "476", 
            "upvotes": "1028"
        }, 
        {
            "champName": "Veigar", 
            "downvotes": "349", 
            "upvotes": "665"
        }, 
        {
            "champName": "Fizz", 
            "downvotes": "429", 
            "upvotes": "787"
        }, 
        {
            "champName": "Kassadin", 
            "downvotes": "274", 
            "upvotes": "491"
        }, 
        {
            "champName": "Akali", 
            "downvotes": "64", 
            "upvotes": "162"
        }, 
        {
            "champName": "Teemo", 
            "downvotes": "9", 
            "upvotes": "70"
        }, 
        {
            "champName": "Swain", 
            "downvotes": "314", 
            "upvotes": "501"
        }
    ], 
    "ChampionImageLocation": "http://www.solomid.net/guide/champ/galio.png", 
    "GoodWith": [
        {
            "champName": "Katarina", 
            "downvotes": "466", 
            "upvotes": "990"
        }, 
        {
            "champName": "Miss Fortune", 
            "downvotes": "24", 
            "upvotes": "80"
        }, 
        {
            "champName": "Orianna", 
            "downvotes": "17", 
            "upvotes": "66"
        }, 
        {
            "champName": "Wukong", 
            "downvotes": "169", 
            "upvotes": "333"
        }, 
        {
            "champName": "Fiddlesticks", 
            "downvotes": "201", 
            "upvotes": "384"
        }, 
        {
            "champName": "Nunu", 
            "downvotes": "161", 
            "upvotes": "311"
        }, 
        {
            "champName": "Amumu", 
            "downvotes": "182", 
            "upvotes": "311"
        }, 
        {
            "champName": "Kennen", 
            "downvotes": "163", 
            "upvotes": "261"
        }, 
        {
            "champName": "Malphite", 
            "downvotes": "26", 
            "upvotes": "65"
        }, 
        {
            "champName": "Morgana", 
            "downvotes": "106", 
            "upvotes": "175"
        }
    ]
}