{
    "ChampionName": {
        "lower": "gangplank", 
        "pretty": "Gangplank"
    }, 
    "WeakAgainst": [
        {
            "champName": "Pantheon", 
            "downvotes": "1231", 
            "upvotes": "6478"
        }, 
        {
            "champName": "Fiora", 
            "downvotes": "711", 
            "upvotes": "2379"
        }, 
        {
            "champName": "Udyr", 
            "downvotes": "442", 
            "upvotes": "991"
        }, 
        {
            "champName": "Renekton", 
            "downvotes": "78", 
            "upvotes": "201"
        }, 
        {
            "champName": "Jax", 
            "downvotes": "410", 
            "upvotes": "758"
        }, 
        {
            "champName": "Riven", 
            "downvotes": "322", 
            "upvotes": "609"
        }, 
        {
            "champName": "Irelia", 
            "downvotes": "1078", 
            "upvotes": "1829"
        }, 
        {
            "champName": "Lee Sin", 
            "downvotes": "78", 
            "upvotes": "188"
        }, 
        {
            "champName": "Darius", 
            "downvotes": "98", 
            "upvotes": "215"
        }, 
        {
            "champName": "Poppy", 
            "downvotes": "401", 
            "upvotes": "667"
        }
    ], 
    "StrongAgainst": [
        {
            "champName": "Malzahar", 
            "downvotes": "690", 
            "upvotes": "1978"
        }, 
        {
            "champName": "Kassadin", 
            "downvotes": "564", 
            "upvotes": "1202"
        }, 
        {
            "champName": "Nasus", 
            "downvotes": "619", 
            "upvotes": "1011"
        }, 
        {
            "champName": "Aatrox", 
            "downvotes": "185", 
            "upvotes": "342"
        }, 
        {
            "champName": "Morgana", 
            "downvotes": "369", 
            "upvotes": "583"
        }, 
        {
            "champName": "Rengar", 
            "downvotes": "66", 
            "upvotes": "132"
        }, 
        {
            "champName": "Elise", 
            "downvotes": "169", 
            "upvotes": "259"
        }, 
        {
            "champName": "Kha'Zix", 
            "downvotes": "65", 
            "upvotes": "130"
        }, 
        {
            "champName": "Teemo", 
            "downvotes": "376", 
            "upvotes": "515"
        }, 
        {
            "champName": "Singed", 
            "downvotes": "150", 
            "upvotes": "230"
        }
    ], 
    "ChampionImageLocation": "http://www.solomid.net/guide/champ/gangplank.png", 
    "GoodWith": [
        {
            "champName": "Amumu", 
            "downvotes": "198", 
            "upvotes": "312"
        }, 
        {
            "champName": "Twisted Fate", 
            "downvotes": "268", 
            "upvotes": "349"
        }, 
        {
            "champName": "Aatrox", 
            "downvotes": "89", 
            "upvotes": "121"
        }, 
        {
            "champName": "Hecarim", 
            "downvotes": "415", 
            "upvotes": "452"
        }, 
        {
            "champName": "Janna", 
            "downvotes": "76", 
            "upvotes": "95"
        }, 
        {
            "champName": "Ahri", 
            "downvotes": "125", 
            "upvotes": "139"
        }, 
        {
            "champName": "Pantheon", 
            "downvotes": "53", 
            "upvotes": "68"
        }, 
        {
            "champName": "Quinn", 
            "downvotes": "76", 
            "upvotes": "85"
        }, 
        {
            "champName": "Nidalee", 
            "downvotes": "27", 
            "upvotes": "40"
        }, 
        {
            "champName": "Nunu", 
            "downvotes": "63", 
            "upvotes": "70"
        }
    ]
}