{
    "ChampionName": {
        "lower": "gangplank", 
        "pretty": "Gangplank"
    }, 
    "WeakAgainst": [
        {
            "champName": "Pantheon", 
            "downvotes": "1221", 
            "upvotes": "6466"
        }, 
        {
            "champName": "Fiora", 
            "downvotes": "710", 
            "upvotes": "2372"
        }, 
        {
            "champName": "Udyr", 
            "downvotes": "442", 
            "upvotes": "989"
        }, 
        {
            "champName": "Renekton", 
            "downvotes": "76", 
            "upvotes": "199"
        }, 
        {
            "champName": "Jax", 
            "downvotes": "409", 
            "upvotes": "758"
        }, 
        {
            "champName": "Riven", 
            "downvotes": "322", 
            "upvotes": "607"
        }, 
        {
            "champName": "Irelia", 
            "downvotes": "1074", 
            "upvotes": "1826"
        }, 
        {
            "champName": "Lee Sin", 
            "downvotes": "78", 
            "upvotes": "188"
        }, 
        {
            "champName": "Darius", 
            "downvotes": "98", 
            "upvotes": "214"
        }, 
        {
            "champName": "Poppy", 
            "downvotes": "398", 
            "upvotes": "665"
        }
    ], 
    "StrongAgainst": [
        {
            "champName": "Malzahar", 
            "downvotes": "689", 
            "upvotes": "1972"
        }, 
        {
            "champName": "Kassadin", 
            "downvotes": "562", 
            "upvotes": "1204"
        }, 
        {
            "champName": "Nasus", 
            "downvotes": "616", 
            "upvotes": "1011"
        }, 
        {
            "champName": "Aatrox", 
            "downvotes": "185", 
            "upvotes": "342"
        }, 
        {
            "champName": "Morgana", 
            "downvotes": "370", 
            "upvotes": "581"
        }, 
        {
            "champName": "Elise", 
            "downvotes": "166", 
            "upvotes": "261"
        }, 
        {
            "champName": "Kha'Zix", 
            "downvotes": "64", 
            "upvotes": "130"
        }, 
        {
            "champName": "Rengar", 
            "downvotes": "66", 
            "upvotes": "132"
        }, 
        {
            "champName": "Teemo", 
            "downvotes": "376", 
            "upvotes": "513"
        }, 
        {
            "champName": "Singed", 
            "downvotes": "150", 
            "upvotes": "230"
        }
    ], 
    "ChampionImageLocation": "http://www.solomid.net/guide/champ/gangplank.png", 
    "GoodWith": [
        {
            "champName": "Amumu", 
            "downvotes": "197", 
            "upvotes": "312"
        }, 
        {
            "champName": "Twisted Fate", 
            "downvotes": "268", 
            "upvotes": "348"
        }, 
        {
            "champName": "Aatrox", 
            "downvotes": "89", 
            "upvotes": "121"
        }, 
        {
            "champName": "Hecarim", 
            "downvotes": "414", 
            "upvotes": "452"
        }, 
        {
            "champName": "Janna", 
            "downvotes": "74", 
            "upvotes": "96"
        }, 
        {
            "champName": "Ahri", 
            "downvotes": "126", 
            "upvotes": "138"
        }, 
        {
            "champName": "Pantheon", 
            "downvotes": "53", 
            "upvotes": "68"
        }, 
        {
            "champName": "Quinn", 
            "downvotes": "76", 
            "upvotes": "85"
        }, 
        {
            "champName": "Nidalee", 
            "downvotes": "27", 
            "upvotes": "40"
        }, 
        {
            "champName": "Nunu", 
            "downvotes": "63", 
            "upvotes": "70"
        }
    ]
}