{
    "ChampionName": {
        "lower": "garen", 
        "pretty": "Garen"
    }, 
    "WeakAgainst": [
        {
            "champName": "Teemo", 
            "downvotes": "4758", 
            "upvotes": "11510"
        }, 
        {
            "champName": "Pantheon", 
            "downvotes": "1076", 
            "upvotes": "2179"
        }, 
        {
            "champName": "Elise", 
            "downvotes": "1390", 
            "upvotes": "2765"
        }, 
        {
            "champName": "Jayce", 
            "downvotes": "1492", 
            "upvotes": "2617"
        }, 
        {
            "champName": "Yorick", 
            "downvotes": "1489", 
            "upvotes": "2609"
        }, 
        {
            "champName": "Aatrox", 
            "downvotes": "202", 
            "upvotes": "410"
        }, 
        {
            "champName": "Shyvana", 
            "downvotes": "150", 
            "upvotes": "318"
        }, 
        {
            "champName": "Darius", 
            "downvotes": "578", 
            "upvotes": "1027"
        }, 
        {
            "champName": "Aatrox", 
            "downvotes": "151", 
            "upvotes": "307"
        }, 
        {
            "champName": "Kayle", 
            "downvotes": "458", 
            "upvotes": "781"
        }
    ], 
    "StrongAgainst": [
        {
            "champName": "Riven", 
            "downvotes": "4159", 
            "upvotes": "12154"
        }, 
        {
            "champName": "Akali", 
            "downvotes": "1515", 
            "upvotes": "3906"
        }, 
        {
            "champName": "Yasuo", 
            "downvotes": "86", 
            "upvotes": "305"
        }, 
        {
            "champName": "Wukong", 
            "downvotes": "1296", 
            "upvotes": "2606"
        }, 
        {
            "champName": "Jax", 
            "downvotes": "3256", 
            "upvotes": "6403"
        }, 
        {
            "champName": "Nasus", 
            "downvotes": "1886", 
            "upvotes": "3714"
        }, 
        {
            "champName": "Yasuo", 
            "downvotes": "84", 
            "upvotes": "237"
        }, 
        {
            "champName": "Aatrox", 
            "downvotes": "177", 
            "upvotes": "397"
        }, 
        {
            "champName": "Renekton", 
            "downvotes": "6033", 
            "upvotes": "10994"
        }, 
        {
            "champName": "Aatrox", 
            "downvotes": "88", 
            "upvotes": "227"
        }
    ], 
    "ChampionImageLocation": "http://www.solomid.net/guide/champ/garen.png", 
    "GoodWith": [
        {
            "champName": "Lux", 
            "downvotes": "1041", 
            "upvotes": "1943"
        }, 
        {
            "champName": "Aatrox", 
            "downvotes": "35", 
            "upvotes": "93"
        }, 
        {
            "champName": "Katarina", 
            "downvotes": "16", 
            "upvotes": "55"
        }, 
        {
            "champName": "Darius", 
            "downvotes": "1209", 
            "upvotes": "1699"
        }, 
        {
            "champName": "Ashe", 
            "downvotes": "24", 
            "upvotes": "55"
        }, 
        {
            "champName": "Xin Zhao", 
            "downvotes": "418", 
            "upvotes": "517"
        }, 
        {
            "champName": "Amumu", 
            "downvotes": "41", 
            "upvotes": "72"
        }, 
        {
            "champName": "Anivia", 
            "downvotes": "2", 
            "upvotes": "25"
        }, 
        {
            "champName": "Jarvan IV", 
            "downvotes": "716", 
            "upvotes": "809"
        }, 
        {
            "champName": "Alistar", 
            "downvotes": "137", 
            "upvotes": "172"
        }
    ]
}