{
    "ChampionName": {
        "lower": "garen", 
        "pretty": "Garen"
    }, 
    "WeakAgainst": [
        {
            "champName": "Teemo", 
            "downvotes": "4745", 
            "upvotes": "11468"
        }, 
        {
            "champName": "Pantheon", 
            "downvotes": "1074", 
            "upvotes": "2166"
        }, 
        {
            "champName": "Elise", 
            "downvotes": "1387", 
            "upvotes": "2762"
        }, 
        {
            "champName": "Yorick", 
            "downvotes": "1486", 
            "upvotes": "2605"
        }, 
        {
            "champName": "Jayce", 
            "downvotes": "1491", 
            "upvotes": "2606"
        }, 
        {
            "champName": "Aatrox", 
            "downvotes": "201", 
            "upvotes": "409"
        }, 
        {
            "champName": "Shyvana", 
            "downvotes": "148", 
            "upvotes": "317"
        }, 
        {
            "champName": "Darius", 
            "downvotes": "578", 
            "upvotes": "1019"
        }, 
        {
            "champName": "Aatrox", 
            "downvotes": "149", 
            "upvotes": "307"
        }, 
        {
            "champName": "Kayle", 
            "downvotes": "457", 
            "upvotes": "777"
        }
    ], 
    "StrongAgainst": [
        {
            "champName": "Riven", 
            "downvotes": "4141", 
            "upvotes": "12073"
        }, 
        {
            "champName": "Akali", 
            "downvotes": "1511", 
            "upvotes": "3897"
        }, 
        {
            "champName": "Yasuo", 
            "downvotes": "86", 
            "upvotes": "303"
        }, 
        {
            "champName": "Wukong", 
            "downvotes": "1291", 
            "upvotes": "2594"
        }, 
        {
            "champName": "Jax", 
            "downvotes": "3244", 
            "upvotes": "6366"
        }, 
        {
            "champName": "Nasus", 
            "downvotes": "1879", 
            "upvotes": "3701"
        }, 
        {
            "champName": "Yasuo", 
            "downvotes": "83", 
            "upvotes": "236"
        }, 
        {
            "champName": "Aatrox", 
            "downvotes": "175", 
            "upvotes": "398"
        }, 
        {
            "champName": "Renekton", 
            "downvotes": "6001", 
            "upvotes": "10910"
        }, 
        {
            "champName": "Aatrox", 
            "downvotes": "88", 
            "upvotes": "226"
        }
    ], 
    "ChampionImageLocation": "http://www.solomid.net/guide/champ/garen.png", 
    "GoodWith": [
        {
            "champName": "Lux", 
            "downvotes": "1040", 
            "upvotes": "1942"
        }, 
        {
            "champName": "Aatrox", 
            "downvotes": "34", 
            "upvotes": "94"
        }, 
        {
            "champName": "Katarina", 
            "downvotes": "17", 
            "upvotes": "54"
        }, 
        {
            "champName": "Darius", 
            "downvotes": "1207", 
            "upvotes": "1696"
        }, 
        {
            "champName": "Ashe", 
            "downvotes": "24", 
            "upvotes": "55"
        }, 
        {
            "champName": "Xin Zhao", 
            "downvotes": "418", 
            "upvotes": "517"
        }, 
        {
            "champName": "Amumu", 
            "downvotes": "41", 
            "upvotes": "72"
        }, 
        {
            "champName": "Anivia", 
            "downvotes": "2", 
            "upvotes": "25"
        }, 
        {
            "champName": "Jarvan IV", 
            "downvotes": "713", 
            "upvotes": "807"
        }, 
        {
            "champName": "Alistar", 
            "downvotes": "137", 
            "upvotes": "172"
        }
    ]
}