{
    "ChampionName": {
        "lower": "garen", 
        "pretty": "Garen"
    }, 
    "WeakAgainst": [
        {
            "champName": "Teemo", 
            "downvotes": "4752", 
            "upvotes": "11489"
        }, 
        {
            "champName": "Pantheon", 
            "downvotes": "1073", 
            "upvotes": "2171"
        }, 
        {
            "champName": "Elise", 
            "downvotes": "1389", 
            "upvotes": "2763"
        }, 
        {
            "champName": "Jayce", 
            "downvotes": "1491", 
            "upvotes": "2611"
        }, 
        {
            "champName": "Yorick", 
            "downvotes": "1489", 
            "upvotes": "2607"
        }, 
        {
            "champName": "Aatrox", 
            "downvotes": "201", 
            "upvotes": "410"
        }, 
        {
            "champName": "Shyvana", 
            "downvotes": "150", 
            "upvotes": "317"
        }, 
        {
            "champName": "Darius", 
            "downvotes": "578", 
            "upvotes": "1024"
        }, 
        {
            "champName": "Aatrox", 
            "downvotes": "149", 
            "upvotes": "307"
        }, 
        {
            "champName": "Kayle", 
            "downvotes": "458", 
            "upvotes": "778"
        }
    ], 
    "StrongAgainst": [
        {
            "champName": "Riven", 
            "downvotes": "4153", 
            "upvotes": "12124"
        }, 
        {
            "champName": "Akali", 
            "downvotes": "1514", 
            "upvotes": "3903"
        }, 
        {
            "champName": "Yasuo", 
            "downvotes": "86", 
            "upvotes": "305"
        }, 
        {
            "champName": "Wukong", 
            "downvotes": "1294", 
            "upvotes": "2601"
        }, 
        {
            "champName": "Jax", 
            "downvotes": "3250", 
            "upvotes": "6389"
        }, 
        {
            "champName": "Nasus", 
            "downvotes": "1882", 
            "upvotes": "3709"
        }, 
        {
            "champName": "Yasuo", 
            "downvotes": "83", 
            "upvotes": "237"
        }, 
        {
            "champName": "Aatrox", 
            "downvotes": "175", 
            "upvotes": "398"
        }, 
        {
            "champName": "Renekton", 
            "downvotes": "6023", 
            "upvotes": "10953"
        }, 
        {
            "champName": "Aatrox", 
            "downvotes": "88", 
            "upvotes": "227"
        }
    ], 
    "ChampionImageLocation": "http://www.solomid.net/guide/champ/garen.png", 
    "GoodWith": [
        {
            "champName": "Lux", 
            "downvotes": "1043", 
            "upvotes": "1941"
        }, 
        {
            "champName": "Aatrox", 
            "downvotes": "35", 
            "upvotes": "93"
        }, 
        {
            "champName": "Katarina", 
            "downvotes": "16", 
            "upvotes": "55"
        }, 
        {
            "champName": "Darius", 
            "downvotes": "1210", 
            "upvotes": "1696"
        }, 
        {
            "champName": "Ashe", 
            "downvotes": "25", 
            "upvotes": "54"
        }, 
        {
            "champName": "Xin Zhao", 
            "downvotes": "418", 
            "upvotes": "517"
        }, 
        {
            "champName": "Amumu", 
            "downvotes": "41", 
            "upvotes": "72"
        }, 
        {
            "champName": "Anivia", 
            "downvotes": "2", 
            "upvotes": "25"
        }, 
        {
            "champName": "Jarvan IV", 
            "downvotes": "714", 
            "upvotes": "810"
        }, 
        {
            "champName": "Alistar", 
            "downvotes": "137", 
            "upvotes": "172"
        }
    ]
}