{
    "ChampionName": {
        "lower": "gragas", 
        "pretty": "Gragas"
    }, 
    "WeakAgainst": [
        {
            "champName": "Yasuo", 
            "downvotes": "934", 
            "upvotes": "2267"
        }, 
        {
            "champName": "Fizz", 
            "downvotes": "2249", 
            "upvotes": "4769"
        }, 
        {
            "champName": "Yasuo", 
            "downvotes": "348", 
            "upvotes": "754"
        }, 
        {
            "champName": "Syndra", 
            "downvotes": "105", 
            "upvotes": "251"
        }, 
        {
            "champName": "Aatrox", 
            "downvotes": "101", 
            "upvotes": "244"
        }, 
        {
            "champName": "Mordekaiser", 
            "downvotes": "850", 
            "upvotes": "1526"
        }, 
        {
            "champName": "LeBlanc", 
            "downvotes": "620", 
            "upvotes": "1127"
        }, 
        {
            "champName": "Kha'Zix", 
            "downvotes": "142", 
            "upvotes": "302"
        }, 
        {
            "champName": "Ahri", 
            "downvotes": "1138", 
            "upvotes": "1861"
        }, 
        {
            "champName": "Ziggs", 
            "downvotes": "390", 
            "upvotes": "678"
        }
    ], 
    "StrongAgainst": [
        {
            "champName": "Karthus", 
            "downvotes": "329", 
            "upvotes": "876"
        }, 
        {
            "champName": "Vel'Koz", 
            "downvotes": "25", 
            "upvotes": "143"
        }, 
        {
            "champName": "Lux", 
            "downvotes": "1085", 
            "upvotes": "2208"
        }, 
        {
            "champName": "Katarina", 
            "downvotes": "863", 
            "upvotes": "1576"
        }, 
        {
            "champName": "Kayle", 
            "downvotes": "528", 
            "upvotes": "972"
        }, 
        {
            "champName": "Akali", 
            "downvotes": "574", 
            "upvotes": "1038"
        }, 
        {
            "champName": "Talon", 
            "downvotes": "176", 
            "upvotes": "357"
        }, 
        {
            "champName": "Katarina", 
            "downvotes": "26", 
            "upvotes": "109"
        }, 
        {
            "champName": "Brand", 
            "downvotes": "99", 
            "upvotes": "227"
        }, 
        {
            "champName": "Heimerdinger", 
            "downvotes": "246", 
            "upvotes": "462"
        }
    ], 
    "ChampionImageLocation": "http://www.solomid.net/guide/champ/gragas.png", 
    "GoodWith": [
        {
            "champName": "Ashe", 
            "downvotes": "241", 
            "upvotes": "355"
        }, 
        {
            "champName": "Malphite", 
            "downvotes": "278", 
            "upvotes": "365"
        }, 
        {
            "champName": "Aatrox", 
            "downvotes": "74", 
            "upvotes": "115"
        }, 
        {
            "champName": "Kha'Zix", 
            "downvotes": "117", 
            "upvotes": "164"
        }, 
        {
            "champName": "Yasuo", 
            "downvotes": "79", 
            "upvotes": "108"
        }, 
        {
            "champName": "Amumu", 
            "downvotes": "124", 
            "upvotes": "148"
        }, 
        {
            "champName": "Jarvan IV", 
            "downvotes": "138", 
            "upvotes": "155"
        }, 
        {
            "champName": "Jax", 
            "downvotes": "32", 
            "upvotes": "50"
        }, 
        {
            "champName": "Taric", 
            "downvotes": "88", 
            "upvotes": "103"
        }, 
        {
            "champName": "Udyr", 
            "downvotes": "120", 
            "upvotes": "129"
        }
    ]
}