{
    "ChampionName": {
        "lower": "gragas", 
        "pretty": "Gragas"
    }, 
    "WeakAgainst": [
        {
            "champName": "Yasuo", 
            "downvotes": "936", 
            "upvotes": "2272"
        }, 
        {
            "champName": "Fizz", 
            "downvotes": "2250", 
            "upvotes": "4773"
        }, 
        {
            "champName": "Yasuo", 
            "downvotes": "348", 
            "upvotes": "758"
        }, 
        {
            "champName": "Syndra", 
            "downvotes": "107", 
            "upvotes": "254"
        }, 
        {
            "champName": "Aatrox", 
            "downvotes": "102", 
            "upvotes": "244"
        }, 
        {
            "champName": "Mordekaiser", 
            "downvotes": "851", 
            "upvotes": "1525"
        }, 
        {
            "champName": "LeBlanc", 
            "downvotes": "622", 
            "upvotes": "1128"
        }, 
        {
            "champName": "Kha'Zix", 
            "downvotes": "144", 
            "upvotes": "301"
        }, 
        {
            "champName": "Ahri", 
            "downvotes": "1139", 
            "upvotes": "1865"
        }, 
        {
            "champName": "Ziggs", 
            "downvotes": "390", 
            "upvotes": "680"
        }
    ], 
    "StrongAgainst": [
        {
            "champName": "Karthus", 
            "downvotes": "330", 
            "upvotes": "876"
        }, 
        {
            "champName": "Vel'Koz", 
            "downvotes": "26", 
            "upvotes": "144"
        }, 
        {
            "champName": "Lux", 
            "downvotes": "1085", 
            "upvotes": "2213"
        }, 
        {
            "champName": "Katarina", 
            "downvotes": "863", 
            "upvotes": "1580"
        }, 
        {
            "champName": "Kayle", 
            "downvotes": "527", 
            "upvotes": "975"
        }, 
        {
            "champName": "Akali", 
            "downvotes": "575", 
            "upvotes": "1038"
        }, 
        {
            "champName": "Talon", 
            "downvotes": "175", 
            "upvotes": "361"
        }, 
        {
            "champName": "Katarina", 
            "downvotes": "26", 
            "upvotes": "109"
        }, 
        {
            "champName": "Brand", 
            "downvotes": "99", 
            "upvotes": "227"
        }, 
        {
            "champName": "Heimerdinger", 
            "downvotes": "245", 
            "upvotes": "465"
        }
    ], 
    "ChampionImageLocation": "http://www.solomid.net/guide/champ/gragas.png", 
    "GoodWith": [
        {
            "champName": "Ashe", 
            "downvotes": "242", 
            "upvotes": "354"
        }, 
        {
            "champName": "Aatrox", 
            "downvotes": "74", 
            "upvotes": "116"
        }, 
        {
            "champName": "Malphite", 
            "downvotes": "278", 
            "upvotes": "365"
        }, 
        {
            "champName": "Kha'Zix", 
            "downvotes": "117", 
            "upvotes": "164"
        }, 
        {
            "champName": "Yasuo", 
            "downvotes": "78", 
            "upvotes": "109"
        }, 
        {
            "champName": "Jax", 
            "downvotes": "30", 
            "upvotes": "52"
        }, 
        {
            "champName": "Amumu", 
            "downvotes": "125", 
            "upvotes": "147"
        }, 
        {
            "champName": "Jarvan IV", 
            "downvotes": "139", 
            "upvotes": "154"
        }, 
        {
            "champName": "Udyr", 
            "downvotes": "118", 
            "upvotes": "131"
        }, 
        {
            "champName": "Taric", 
            "downvotes": "90", 
            "upvotes": "102"
        }
    ]
}