{
    "ChampionName": {
        "lower": "gragas", 
        "pretty": "Gragas"
    }, 
    "WeakAgainst": [
        {
            "champName": "Yasuo", 
            "downvotes": "926", 
            "upvotes": "2262"
        }, 
        {
            "champName": "Fizz", 
            "downvotes": "2246", 
            "upvotes": "4763"
        }, 
        {
            "champName": "Yasuo", 
            "downvotes": "346", 
            "upvotes": "752"
        }, 
        {
            "champName": "Aatrox", 
            "downvotes": "100", 
            "upvotes": "245"
        }, 
        {
            "champName": "Syndra", 
            "downvotes": "104", 
            "upvotes": "250"
        }, 
        {
            "champName": "Mordekaiser", 
            "downvotes": "851", 
            "upvotes": "1524"
        }, 
        {
            "champName": "LeBlanc", 
            "downvotes": "618", 
            "upvotes": "1125"
        }, 
        {
            "champName": "Kha'Zix", 
            "downvotes": "141", 
            "upvotes": "300"
        }, 
        {
            "champName": "Ahri", 
            "downvotes": "1137", 
            "upvotes": "1858"
        }, 
        {
            "champName": "Ziggs", 
            "downvotes": "388", 
            "upvotes": "675"
        }
    ], 
    "StrongAgainst": [
        {
            "champName": "Karthus", 
            "downvotes": "329", 
            "upvotes": "876"
        }, 
        {
            "champName": "Vel'Koz", 
            "downvotes": "24", 
            "upvotes": "144"
        }, 
        {
            "champName": "Lux", 
            "downvotes": "1086", 
            "upvotes": "2206"
        }, 
        {
            "champName": "Katarina", 
            "downvotes": "860", 
            "upvotes": "1570"
        }, 
        {
            "champName": "Kayle", 
            "downvotes": "524", 
            "upvotes": "967"
        }, 
        {
            "champName": "Akali", 
            "downvotes": "574", 
            "upvotes": "1038"
        }, 
        {
            "champName": "Talon", 
            "downvotes": "173", 
            "upvotes": "354"
        }, 
        {
            "champName": "Brand", 
            "downvotes": "98", 
            "upvotes": "227"
        }, 
        {
            "champName": "Katarina", 
            "downvotes": "26", 
            "upvotes": "108"
        }, 
        {
            "champName": "Heimerdinger", 
            "downvotes": "242", 
            "upvotes": "461"
        }
    ], 
    "ChampionImageLocation": "http://www.solomid.net/guide/champ/gragas.png", 
    "GoodWith": [
        {
            "champName": "Ashe", 
            "downvotes": "243", 
            "upvotes": "353"
        }, 
        {
            "champName": "Malphite", 
            "downvotes": "279", 
            "upvotes": "363"
        }, 
        {
            "champName": "Kha'Zix", 
            "downvotes": "117", 
            "upvotes": "164"
        }, 
        {
            "champName": "Aatrox", 
            "downvotes": "76", 
            "upvotes": "113"
        }, 
        {
            "champName": "Yasuo", 
            "downvotes": "80", 
            "upvotes": "107"
        }, 
        {
            "champName": "Amumu", 
            "downvotes": "124", 
            "upvotes": "148"
        }, 
        {
            "champName": "Jarvan IV", 
            "downvotes": "138", 
            "upvotes": "155"
        }, 
        {
            "champName": "Jax", 
            "downvotes": "32", 
            "upvotes": "50"
        }, 
        {
            "champName": "Taric", 
            "downvotes": "89", 
            "upvotes": "102"
        }, 
        {
            "champName": "Udyr", 
            "downvotes": "119", 
            "upvotes": "130"
        }
    ]
}