{
    "ChampionName": {
        "lower": "graves", 
        "pretty": "Graves"
    }, 
    "WeakAgainst": [
        {
            "champName": "Sivir", 
            "downvotes": "1268", 
            "upvotes": "3036"
        }, 
        {
            "champName": "Urgot", 
            "downvotes": "443", 
            "upvotes": "1068"
        }, 
        {
            "champName": "Caitlyn", 
            "downvotes": "2245", 
            "upvotes": "4648"
        }, 
        {
            "champName": "Miss Fortune", 
            "downvotes": "1387", 
            "upvotes": "2167"
        }, 
        {
            "champName": "Corki", 
            "downvotes": "518", 
            "upvotes": "808"
        }, 
        {
            "champName": "Draven", 
            "downvotes": "692", 
            "upvotes": "1000"
        }, 
        {
            "champName": "Tristana", 
            "downvotes": "429", 
            "upvotes": "563"
        }, 
        {
            "champName": "Aatrox", 
            "downvotes": "84", 
            "upvotes": "143"
        }, 
        {
            "champName": "Taric", 
            "downvotes": "313", 
            "upvotes": "390"
        }, 
        {
            "champName": "Rammus", 
            "downvotes": "230", 
            "upvotes": "267"
        }
    ], 
    "StrongAgainst": [
        {
            "champName": "Varus", 
            "downvotes": "1763", 
            "upvotes": "5555"
        }, 
        {
            "champName": "Ezreal", 
            "downvotes": "4295", 
            "upvotes": "9973"
        }, 
        {
            "champName": "Ashe", 
            "downvotes": "1052", 
            "upvotes": "2083"
        }, 
        {
            "champName": "Vayne", 
            "downvotes": "1999", 
            "upvotes": "3878"
        }, 
        {
            "champName": "Jinx", 
            "downvotes": "474", 
            "upvotes": "957"
        }, 
        {
            "champName": "Lucian", 
            "downvotes": "366", 
            "upvotes": "628"
        }, 
        {
            "champName": "Quinn", 
            "downvotes": "380", 
            "upvotes": "537"
        }, 
        {
            "champName": "Jinx", 
            "downvotes": "58", 
            "upvotes": "111"
        }, 
        {
            "champName": "Nocturne", 
            "downvotes": "115", 
            "upvotes": "167"
        }, 
        {
            "champName": "Twitch", 
            "downvotes": "462", 
            "upvotes": "540"
        }
    ], 
    "ChampionImageLocation": "http://www.solomid.net/guide/champ/graves.png", 
    "GoodWith": [
        {
            "champName": "Thresh", 
            "downvotes": "75", 
            "upvotes": "524"
        }, 
        {
            "champName": "Taric", 
            "downvotes": "760", 
            "upvotes": "3807"
        }, 
        {
            "champName": "Nunu", 
            "downvotes": "27", 
            "upvotes": "204"
        }, 
        {
            "champName": "Leona", 
            "downvotes": "601", 
            "upvotes": "1866"
        }, 
        {
            "champName": "Sona", 
            "downvotes": "256", 
            "upvotes": "751"
        }, 
        {
            "champName": "Nami", 
            "downvotes": "384", 
            "upvotes": "940"
        }, 
        {
            "champName": "Soraka", 
            "downvotes": "540", 
            "upvotes": "1302"
        }, 
        {
            "champName": "Blitzcrank", 
            "downvotes": "552", 
            "upvotes": "1323"
        }, 
        {
            "champName": "Janna", 
            "downvotes": "191", 
            "upvotes": "480"
        }, 
        {
            "champName": "Alistar", 
            "downvotes": "270", 
            "upvotes": "591"
        }
    ]
}