{
    "ChampionName": {
        "lower": "graves", 
        "pretty": "Graves"
    }, 
    "WeakAgainst": [
        {
            "champName": "Sivir", 
            "downvotes": "1266", 
            "upvotes": "3028"
        }, 
        {
            "champName": "Urgot", 
            "downvotes": "442", 
            "upvotes": "1061"
        }, 
        {
            "champName": "Caitlyn", 
            "downvotes": "2233", 
            "upvotes": "4632"
        }, 
        {
            "champName": "Miss Fortune", 
            "downvotes": "1381", 
            "upvotes": "2163"
        }, 
        {
            "champName": "Corki", 
            "downvotes": "518", 
            "upvotes": "806"
        }, 
        {
            "champName": "Draven", 
            "downvotes": "690", 
            "upvotes": "998"
        }, 
        {
            "champName": "Tristana", 
            "downvotes": "429", 
            "upvotes": "563"
        }, 
        {
            "champName": "Aatrox", 
            "downvotes": "83", 
            "upvotes": "142"
        }, 
        {
            "champName": "Taric", 
            "downvotes": "313", 
            "upvotes": "389"
        }, 
        {
            "champName": "Rammus", 
            "downvotes": "230", 
            "upvotes": "265"
        }
    ], 
    "StrongAgainst": [
        {
            "champName": "Varus", 
            "downvotes": "1762", 
            "upvotes": "5533"
        }, 
        {
            "champName": "Ezreal", 
            "downvotes": "4289", 
            "upvotes": "9963"
        }, 
        {
            "champName": "Vayne", 
            "downvotes": "1991", 
            "upvotes": "3869"
        }, 
        {
            "champName": "Ashe", 
            "downvotes": "1049", 
            "upvotes": "2074"
        }, 
        {
            "champName": "Jinx", 
            "downvotes": "472", 
            "upvotes": "958"
        }, 
        {
            "champName": "Lucian", 
            "downvotes": "361", 
            "upvotes": "620"
        }, 
        {
            "champName": "Quinn", 
            "downvotes": "380", 
            "upvotes": "536"
        }, 
        {
            "champName": "Jinx", 
            "downvotes": "59", 
            "upvotes": "109"
        }, 
        {
            "champName": "Twitch", 
            "downvotes": "461", 
            "upvotes": "538"
        }, 
        {
            "champName": "Nocturne", 
            "downvotes": "114", 
            "upvotes": "165"
        }
    ], 
    "ChampionImageLocation": "http://www.solomid.net/guide/champ/graves.png", 
    "GoodWith": [
        {
            "champName": "Thresh", 
            "downvotes": "75", 
            "upvotes": "524"
        }, 
        {
            "champName": "Taric", 
            "downvotes": "759", 
            "upvotes": "3808"
        }, 
        {
            "champName": "Nunu", 
            "downvotes": "26", 
            "upvotes": "205"
        }, 
        {
            "champName": "Leona", 
            "downvotes": "602", 
            "upvotes": "1863"
        }, 
        {
            "champName": "Sona", 
            "downvotes": "256", 
            "upvotes": "750"
        }, 
        {
            "champName": "Soraka", 
            "downvotes": "537", 
            "upvotes": "1303"
        }, 
        {
            "champName": "Nami", 
            "downvotes": "383", 
            "upvotes": "939"
        }, 
        {
            "champName": "Blitzcrank", 
            "downvotes": "552", 
            "upvotes": "1321"
        }, 
        {
            "champName": "Janna", 
            "downvotes": "190", 
            "upvotes": "481"
        }, 
        {
            "champName": "Alistar", 
            "downvotes": "270", 
            "upvotes": "591"
        }
    ]
}