{
    "ChampionName": {
        "lower": "hecarim", 
        "pretty": "Hecarim"
    }, 
    "WeakAgainst": [
        {
            "champName": "Nasus", 
            "downvotes": "737", 
            "upvotes": "1824"
        }, 
        {
            "champName": "Sejuani", 
            "downvotes": "344", 
            "upvotes": "749"
        }, 
        {
            "champName": "Aatrox", 
            "downvotes": "408", 
            "upvotes": "797"
        }, 
        {
            "champName": "Sejuani", 
            "downvotes": "287", 
            "upvotes": "457"
        }, 
        {
            "champName": "Nasus", 
            "downvotes": "239", 
            "upvotes": "373"
        }, 
        {
            "champName": "Sejuani", 
            "downvotes": "196", 
            "upvotes": "307"
        }, 
        {
            "champName": "Shyvana", 
            "downvotes": "155", 
            "upvotes": "251"
        }, 
        {
            "champName": "Udyr", 
            "downvotes": "52", 
            "upvotes": "115"
        }, 
        {
            "champName": "Lee Sin", 
            "downvotes": "143", 
            "upvotes": "223"
        }, 
        {
            "champName": "Warwick", 
            "downvotes": "247", 
            "upvotes": "332"
        }
    ], 
    "StrongAgainst": [
        {
            "champName": "Kha'Zix", 
            "downvotes": "300", 
            "upvotes": "489"
        }, 
        {
            "champName": "Soraka", 
            "downvotes": "246", 
            "upvotes": "310"
        }, 
        {
            "champName": "Akali", 
            "downvotes": "108", 
            "upvotes": "149"
        }, 
        {
            "champName": "Darius", 
            "downvotes": "239", 
            "upvotes": "246"
        }, 
        {
            "champName": "Irelia", 
            "downvotes": "132", 
            "upvotes": "138"
        }, 
        {
            "champName": "Lee Sin", 
            "downvotes": "170", 
            "upvotes": "168"
        }, 
        {
            "champName": "Xin Zhao", 
            "downvotes": "129", 
            "upvotes": "133"
        }, 
        {
            "champName": "Jax", 
            "downvotes": "155", 
            "upvotes": "149"
        }, 
        {
            "champName": "Volibear", 
            "downvotes": "111", 
            "upvotes": "115"
        }, 
        {
            "champName": "Janna", 
            "downvotes": "56", 
            "upvotes": "72"
        }
    ], 
    "ChampionImageLocation": "http://www.solomid.net/guide/champ/hecarim.png", 
    "GoodWith": [
        {
            "champName": "Orianna", 
            "downvotes": "247", 
            "upvotes": "428"
        }, 
        {
            "champName": "Zilean", 
            "downvotes": "235", 
            "upvotes": "350"
        }, 
        {
            "champName": "Lulu", 
            "downvotes": "64", 
            "upvotes": "115"
        }, 
        {
            "champName": "Jayce", 
            "downvotes": "211", 
            "upvotes": "314"
        }, 
        {
            "champName": "Nunu", 
            "downvotes": "18", 
            "upvotes": "48"
        }, 
        {
            "champName": "Janna", 
            "downvotes": "191", 
            "upvotes": "230"
        }, 
        {
            "champName": "Sona", 
            "downvotes": "17", 
            "upvotes": "40"
        }, 
        {
            "champName": "Sivir", 
            "downvotes": "47", 
            "upvotes": "71"
        }, 
        {
            "champName": "Gangplank", 
            "downvotes": "414", 
            "upvotes": "452"
        }, 
        {
            "champName": "Karma", 
            "downvotes": "52", 
            "upvotes": "67"
        }
    ]
}