{
    "ChampionName": {
        "lower": "hecarim", 
        "pretty": "Hecarim"
    }, 
    "WeakAgainst": [
        {
            "champName": "Nasus", 
            "downvotes": "738", 
            "upvotes": "1834"
        }, 
        {
            "champName": "Sejuani", 
            "downvotes": "345", 
            "upvotes": "752"
        }, 
        {
            "champName": "Aatrox", 
            "downvotes": "408", 
            "upvotes": "801"
        }, 
        {
            "champName": "Sejuani", 
            "downvotes": "287", 
            "upvotes": "458"
        }, 
        {
            "champName": "Nasus", 
            "downvotes": "238", 
            "upvotes": "374"
        }, 
        {
            "champName": "Sejuani", 
            "downvotes": "196", 
            "upvotes": "308"
        }, 
        {
            "champName": "Shyvana", 
            "downvotes": "156", 
            "upvotes": "253"
        }, 
        {
            "champName": "Udyr", 
            "downvotes": "52", 
            "upvotes": "115"
        }, 
        {
            "champName": "Lee Sin", 
            "downvotes": "143", 
            "upvotes": "223"
        }, 
        {
            "champName": "Warwick", 
            "downvotes": "248", 
            "upvotes": "333"
        }
    ], 
    "StrongAgainst": [
        {
            "champName": "Kha'Zix", 
            "downvotes": "301", 
            "upvotes": "494"
        }, 
        {
            "champName": "Soraka", 
            "downvotes": "247", 
            "upvotes": "311"
        }, 
        {
            "champName": "Akali", 
            "downvotes": "110", 
            "upvotes": "150"
        }, 
        {
            "champName": "Darius", 
            "downvotes": "241", 
            "upvotes": "246"
        }, 
        {
            "champName": "Lee Sin", 
            "downvotes": "171", 
            "upvotes": "168"
        }, 
        {
            "champName": "Xin Zhao", 
            "downvotes": "129", 
            "upvotes": "134"
        }, 
        {
            "champName": "Irelia", 
            "downvotes": "134", 
            "upvotes": "137"
        }, 
        {
            "champName": "Jax", 
            "downvotes": "155", 
            "upvotes": "150"
        }, 
        {
            "champName": "Volibear", 
            "downvotes": "112", 
            "upvotes": "114"
        }, 
        {
            "champName": "Janna", 
            "downvotes": "57", 
            "upvotes": "72"
        }
    ], 
    "ChampionImageLocation": "http://www.solomid.net/guide/champ/hecarim.png", 
    "GoodWith": [
        {
            "champName": "Orianna", 
            "downvotes": "247", 
            "upvotes": "430"
        }, 
        {
            "champName": "Jayce", 
            "downvotes": "207", 
            "upvotes": "319"
        }, 
        {
            "champName": "Zilean", 
            "downvotes": "233", 
            "upvotes": "352"
        }, 
        {
            "champName": "Lulu", 
            "downvotes": "66", 
            "upvotes": "113"
        }, 
        {
            "champName": "Nunu", 
            "downvotes": "18", 
            "upvotes": "48"
        }, 
        {
            "champName": "Sona", 
            "downvotes": "17", 
            "upvotes": "41"
        }, 
        {
            "champName": "Janna", 
            "downvotes": "191", 
            "upvotes": "230"
        }, 
        {
            "champName": "Sivir", 
            "downvotes": "47", 
            "upvotes": "71"
        }, 
        {
            "champName": "Gangplank", 
            "downvotes": "415", 
            "upvotes": "452"
        }, 
        {
            "champName": "Karma", 
            "downvotes": "52", 
            "upvotes": "67"
        }
    ]
}