{
    "ChampionName": {
        "lower": "heimerdinger", 
        "pretty": "Heimerdinger"
    }, 
    "WeakAgainst": [
        {
            "champName": "Syndra", 
            "downvotes": "679", 
            "upvotes": "2740"
        }, 
        {
            "champName": "Vel'Koz", 
            "downvotes": "306", 
            "upvotes": "803"
        }, 
        {
            "champName": "Zed", 
            "downvotes": "1775", 
            "upvotes": "4055"
        }, 
        {
            "champName": "Ziggs", 
            "downvotes": "674", 
            "upvotes": "1471"
        }, 
        {
            "champName": "Malzahar", 
            "downvotes": "65", 
            "upvotes": "203"
        }, 
        {
            "champName": "Yasuo", 
            "downvotes": "68", 
            "upvotes": "207"
        }, 
        {
            "champName": "Morgana", 
            "downvotes": "41", 
            "upvotes": "154"
        }, 
        {
            "champName": "Lux", 
            "downvotes": "391", 
            "upvotes": "734"
        }, 
        {
            "champName": "Brand", 
            "downvotes": "45", 
            "upvotes": "143"
        }, 
        {
            "champName": "Gragas", 
            "downvotes": "242", 
            "upvotes": "461"
        }
    ], 
    "StrongAgainst": [
        {
            "champName": "Kassadin", 
            "downvotes": "747", 
            "upvotes": "1825"
        }, 
        {
            "champName": "Katarina", 
            "downvotes": "439", 
            "upvotes": "1108"
        }, 
        {
            "champName": "Akali", 
            "downvotes": "299", 
            "upvotes": "587"
        }, 
        {
            "champName": "Teemo", 
            "downvotes": "20", 
            "upvotes": "96"
        }, 
        {
            "champName": "Ahri", 
            "downvotes": "64", 
            "upvotes": "155"
        }, 
        {
            "champName": "Zed", 
            "downvotes": "14", 
            "upvotes": "80"
        }, 
        {
            "champName": "Yasuo", 
            "downvotes": "40", 
            "upvotes": "118"
        }, 
        {
            "champName": "Diana", 
            "downvotes": "658", 
            "upvotes": "1011"
        }, 
        {
            "champName": "Nidalee", 
            "downvotes": "46", 
            "upvotes": "121"
        }, 
        {
            "champName": "Talon", 
            "downvotes": "22", 
            "upvotes": "85"
        }
    ], 
    "ChampionImageLocation": "http://www.solomid.net/guide/champ/heimerdinger.png", 
    "GoodWith": [
        {
            "champName": "Blitzcrank", 
            "downvotes": "222", 
            "upvotes": "386"
        }, 
        {
            "champName": "Teemo", 
            "downvotes": "98", 
            "upvotes": "153"
        }, 
        {
            "champName": "Amumu", 
            "downvotes": "134", 
            "upvotes": "186"
        }, 
        {
            "champName": "Skarner", 
            "downvotes": "212", 
            "upvotes": "265"
        }, 
        {
            "champName": "Vi", 
            "downvotes": "298", 
            "upvotes": "363"
        }, 
        {
            "champName": "Thresh", 
            "downvotes": "36", 
            "upvotes": "59"
        }, 
        {
            "champName": "Lee Sin", 
            "downvotes": "17", 
            "upvotes": "36"
        }, 
        {
            "champName": "Ezreal", 
            "downvotes": "64", 
            "upvotes": "81"
        }, 
        {
            "champName": "Caitlyn", 
            "downvotes": "1", 
            "upvotes": "18"
        }, 
        {
            "champName": "Darius", 
            "downvotes": "73", 
            "upvotes": "75"
        }
    ]
}