{
    "ChampionName": {
        "lower": "heimerdinger", 
        "pretty": "Heimerdinger"
    }, 
    "WeakAgainst": [
        {
            "champName": "Syndra", 
            "downvotes": "682", 
            "upvotes": "2757"
        }, 
        {
            "champName": "Vel'Koz", 
            "downvotes": "309", 
            "upvotes": "810"
        }, 
        {
            "champName": "Zed", 
            "downvotes": "1790", 
            "upvotes": "4072"
        }, 
        {
            "champName": "Ziggs", 
            "downvotes": "680", 
            "upvotes": "1479"
        }, 
        {
            "champName": "Malzahar", 
            "downvotes": "65", 
            "upvotes": "205"
        }, 
        {
            "champName": "Yasuo", 
            "downvotes": "71", 
            "upvotes": "210"
        }, 
        {
            "champName": "Morgana", 
            "downvotes": "43", 
            "upvotes": "155"
        }, 
        {
            "champName": "Lux", 
            "downvotes": "395", 
            "upvotes": "741"
        }, 
        {
            "champName": "Brand", 
            "downvotes": "45", 
            "upvotes": "143"
        }, 
        {
            "champName": "Xerath", 
            "downvotes": "194", 
            "upvotes": "383"
        }
    ], 
    "StrongAgainst": [
        {
            "champName": "Katarina", 
            "downvotes": "441", 
            "upvotes": "1122"
        }, 
        {
            "champName": "Kassadin", 
            "downvotes": "749", 
            "upvotes": "1835"
        }, 
        {
            "champName": "Akali", 
            "downvotes": "301", 
            "upvotes": "595"
        }, 
        {
            "champName": "Teemo", 
            "downvotes": "20", 
            "upvotes": "100"
        }, 
        {
            "champName": "Yasuo", 
            "downvotes": "42", 
            "upvotes": "124"
        }, 
        {
            "champName": "Zed", 
            "downvotes": "16", 
            "upvotes": "82"
        }, 
        {
            "champName": "Ahri", 
            "downvotes": "68", 
            "upvotes": "156"
        }, 
        {
            "champName": "Diana", 
            "downvotes": "661", 
            "upvotes": "1011"
        }, 
        {
            "champName": "Nidalee", 
            "downvotes": "46", 
            "upvotes": "123"
        }, 
        {
            "champName": "Talon", 
            "downvotes": "22", 
            "upvotes": "87"
        }
    ], 
    "ChampionImageLocation": "http://www.solomid.net/guide/champ/heimerdinger.png", 
    "GoodWith": [
        {
            "champName": "Blitzcrank", 
            "downvotes": "224", 
            "upvotes": "386"
        }, 
        {
            "champName": "Teemo", 
            "downvotes": "99", 
            "upvotes": "152"
        }, 
        {
            "champName": "Amumu", 
            "downvotes": "134", 
            "upvotes": "186"
        }, 
        {
            "champName": "Vi", 
            "downvotes": "299", 
            "upvotes": "365"
        }, 
        {
            "champName": "Skarner", 
            "downvotes": "213", 
            "upvotes": "265"
        }, 
        {
            "champName": "Thresh", 
            "downvotes": "36", 
            "upvotes": "59"
        }, 
        {
            "champName": "Lee Sin", 
            "downvotes": "16", 
            "upvotes": "37"
        }, 
        {
            "champName": "Ezreal", 
            "downvotes": "64", 
            "upvotes": "81"
        }, 
        {
            "champName": "Caitlyn", 
            "downvotes": "1", 
            "upvotes": "18"
        }, 
        {
            "champName": "Darius", 
            "downvotes": "73", 
            "upvotes": "75"
        }
    ]
}