{
    "ChampionName": {
        "lower": "irelia", 
        "pretty": "Irelia"
    }, 
    "WeakAgainst": [
        {
            "champName": "Olaf", 
            "downvotes": "3170", 
            "upvotes": "8713"
        }, 
        {
            "champName": "Udyr", 
            "downvotes": "680", 
            "upvotes": "1787"
        }, 
        {
            "champName": "Jax", 
            "downvotes": "2100", 
            "upvotes": "3828"
        }, 
        {
            "champName": "Renekton", 
            "downvotes": "2073", 
            "upvotes": "3608"
        }, 
        {
            "champName": "Pantheon", 
            "downvotes": "355", 
            "upvotes": "618"
        }, 
        {
            "champName": "Lee Sin", 
            "downvotes": "246", 
            "upvotes": "443"
        }, 
        {
            "champName": "Teemo", 
            "downvotes": "307", 
            "upvotes": "531"
        }, 
        {
            "champName": "Aatrox", 
            "downvotes": "51", 
            "upvotes": "137"
        }, 
        {
            "champName": "Elise", 
            "downvotes": "168", 
            "upvotes": "313"
        }, 
        {
            "champName": "Volibear", 
            "downvotes": "534", 
            "upvotes": "849"
        }
    ], 
    "StrongAgainst": [
        {
            "champName": "Yasuo", 
            "downvotes": "78", 
            "upvotes": "280"
        }, 
        {
            "champName": "Diana", 
            "downvotes": "645", 
            "upvotes": "1504"
        }, 
        {
            "champName": "Zed", 
            "downvotes": "922", 
            "upvotes": "1889"
        }, 
        {
            "champName": "Vladimir", 
            "downvotes": "813", 
            "upvotes": "1500"
        }, 
        {
            "champName": "Gangplank", 
            "downvotes": "1078", 
            "upvotes": "1829"
        }, 
        {
            "champName": "Aatrox", 
            "downvotes": "275", 
            "upvotes": "512"
        }, 
        {
            "champName": "Jayce", 
            "downvotes": "1701", 
            "upvotes": "2774"
        }, 
        {
            "champName": "Teemo", 
            "downvotes": "202", 
            "upvotes": "371"
        }, 
        {
            "champName": "Fiora", 
            "downvotes": "29", 
            "upvotes": "104"
        }, 
        {
            "champName": "Riven", 
            "downvotes": "416", 
            "upvotes": "684"
        }
    ], 
    "ChampionImageLocation": "http://www.solomid.net/guide/champ/irelia.png", 
    "GoodWith": [
        {
            "champName": "Ahri", 
            "downvotes": "569", 
            "upvotes": "822"
        }, 
        {
            "champName": "Riven", 
            "downvotes": "928", 
            "upvotes": "1294"
        }, 
        {
            "champName": "Akali", 
            "downvotes": "117", 
            "upvotes": "181"
        }, 
        {
            "champName": "Lee Sin", 
            "downvotes": "197", 
            "upvotes": "284"
        }, 
        {
            "champName": "Aatrox", 
            "downvotes": "14", 
            "upvotes": "44"
        }, 
        {
            "champName": "Orianna", 
            "downvotes": "247", 
            "upvotes": "302"
        }, 
        {
            "champName": "Nunu", 
            "downvotes": "69", 
            "upvotes": "95"
        }, 
        {
            "champName": "Jarvan IV", 
            "downvotes": "152", 
            "upvotes": "180"
        }, 
        {
            "champName": "Malphite", 
            "downvotes": "123", 
            "upvotes": "149"
        }, 
        {
            "champName": "Anivia", 
            "downvotes": "111", 
            "upvotes": "130"
        }
    ]
}