{
    "ChampionName": {
        "lower": "irelia", 
        "pretty": "Irelia"
    }, 
    "WeakAgainst": [
        {
            "champName": "Olaf", 
            "downvotes": "3164", 
            "upvotes": "8692"
        }, 
        {
            "champName": "Udyr", 
            "downvotes": "679", 
            "upvotes": "1785"
        }, 
        {
            "champName": "Jax", 
            "downvotes": "2095", 
            "upvotes": "3811"
        }, 
        {
            "champName": "Renekton", 
            "downvotes": "2066", 
            "upvotes": "3589"
        }, 
        {
            "champName": "Pantheon", 
            "downvotes": "355", 
            "upvotes": "616"
        }, 
        {
            "champName": "Lee Sin", 
            "downvotes": "246", 
            "upvotes": "442"
        }, 
        {
            "champName": "Teemo", 
            "downvotes": "307", 
            "upvotes": "530"
        }, 
        {
            "champName": "Aatrox", 
            "downvotes": "50", 
            "upvotes": "137"
        }, 
        {
            "champName": "Elise", 
            "downvotes": "168", 
            "upvotes": "313"
        }, 
        {
            "champName": "Volibear", 
            "downvotes": "533", 
            "upvotes": "848"
        }
    ], 
    "StrongAgainst": [
        {
            "champName": "Yasuo", 
            "downvotes": "76", 
            "upvotes": "278"
        }, 
        {
            "champName": "Diana", 
            "downvotes": "644", 
            "upvotes": "1502"
        }, 
        {
            "champName": "Zed", 
            "downvotes": "919", 
            "upvotes": "1887"
        }, 
        {
            "champName": "Vladimir", 
            "downvotes": "810", 
            "upvotes": "1493"
        }, 
        {
            "champName": "Gangplank", 
            "downvotes": "1074", 
            "upvotes": "1826"
        }, 
        {
            "champName": "Aatrox", 
            "downvotes": "274", 
            "upvotes": "510"
        }, 
        {
            "champName": "Jayce", 
            "downvotes": "1701", 
            "upvotes": "2768"
        }, 
        {
            "champName": "Teemo", 
            "downvotes": "201", 
            "upvotes": "371"
        }, 
        {
            "champName": "Fiora", 
            "downvotes": "27", 
            "upvotes": "103"
        }, 
        {
            "champName": "Riven", 
            "downvotes": "411", 
            "upvotes": "682"
        }
    ], 
    "ChampionImageLocation": "http://www.solomid.net/guide/champ/irelia.png", 
    "GoodWith": [
        {
            "champName": "Ahri", 
            "downvotes": "567", 
            "upvotes": "823"
        }, 
        {
            "champName": "Riven", 
            "downvotes": "927", 
            "upvotes": "1291"
        }, 
        {
            "champName": "Aatrox", 
            "downvotes": "14", 
            "upvotes": "44"
        }, 
        {
            "champName": "Akali", 
            "downvotes": "119", 
            "upvotes": "179"
        }, 
        {
            "champName": "Lee Sin", 
            "downvotes": "198", 
            "upvotes": "279"
        }, 
        {
            "champName": "Orianna", 
            "downvotes": "248", 
            "upvotes": "300"
        }, 
        {
            "champName": "Nunu", 
            "downvotes": "69", 
            "upvotes": "95"
        }, 
        {
            "champName": "Malphite", 
            "downvotes": "122", 
            "upvotes": "150"
        }, 
        {
            "champName": "Jarvan IV", 
            "downvotes": "153", 
            "upvotes": "179"
        }, 
        {
            "champName": "Anivia", 
            "downvotes": "111", 
            "upvotes": "130"
        }
    ]
}