{
    "ChampionName": {
        "lower": "janna", 
        "pretty": "Janna"
    }, 
    "WeakAgainst": [
        {
            "champName": "Sona", 
            "downvotes": "420", 
            "upvotes": "766"
        }, 
        {
            "champName": "Sivir", 
            "downvotes": "317", 
            "upvotes": "442"
        }, 
        {
            "champName": "Nami", 
            "downvotes": "215", 
            "upvotes": "273"
        }, 
        {
            "champName": "Aatrox", 
            "downvotes": "82", 
            "upvotes": "116"
        }, 
        {
            "champName": "Diana", 
            "downvotes": "165", 
            "upvotes": "194"
        }, 
        {
            "champName": "Skarner", 
            "downvotes": "152", 
            "upvotes": "156"
        }, 
        {
            "champName": "Soraka", 
            "downvotes": "152", 
            "upvotes": "147"
        }, 
        {
            "champName": "Maokai", 
            "downvotes": "135", 
            "upvotes": "131"
        }, 
        {
            "champName": "Morgana", 
            "downvotes": "110", 
            "upvotes": "112"
        }, 
        {
            "champName": "Hecarim", 
            "downvotes": "57", 
            "upvotes": "72"
        }
    ], 
    "StrongAgainst": [
        {
            "champName": "Kennen", 
            "downvotes": "548", 
            "upvotes": "1590"
        }, 
        {
            "champName": "Alistar", 
            "downvotes": "444", 
            "upvotes": "973"
        }, 
        {
            "champName": "Fiddlesticks", 
            "downvotes": "443", 
            "upvotes": "927"
        }, 
        {
            "champName": "Leona", 
            "downvotes": "919", 
            "upvotes": "1745"
        }, 
        {
            "champName": "Thresh", 
            "downvotes": "345", 
            "upvotes": "611"
        }, 
        {
            "champName": "Galio", 
            "downvotes": "381", 
            "upvotes": "536"
        }, 
        {
            "champName": "Amumu", 
            "downvotes": "479", 
            "upvotes": "643"
        }, 
        {
            "champName": "Morgana", 
            "downvotes": "57", 
            "upvotes": "106"
        }, 
        {
            "champName": "Nunu", 
            "downvotes": "295", 
            "upvotes": "355"
        }, 
        {
            "champName": "Udyr", 
            "downvotes": "206", 
            "upvotes": "251"
        }
    ], 
    "ChampionImageLocation": "http://www.solomid.net/guide/champ/janna.png", 
    "GoodWith": [
        {
            "champName": "Varus", 
            "downvotes": "37", 
            "upvotes": "303"
        }, 
        {
            "champName": "Yasuo", 
            "downvotes": "125", 
            "upvotes": "728"
        }, 
        {
            "champName": "Jinx", 
            "downvotes": "15", 
            "upvotes": "147"
        }, 
        {
            "champName": "Vayne", 
            "downvotes": "139", 
            "upvotes": "598"
        }, 
        {
            "champName": "Tristana", 
            "downvotes": "32", 
            "upvotes": "187"
        }, 
        {
            "champName": "Quinn", 
            "downvotes": "21", 
            "upvotes": "132"
        }, 
        {
            "champName": "Caitlyn", 
            "downvotes": "245", 
            "upvotes": "764"
        }, 
        {
            "champName": "Lucian", 
            "downvotes": "18", 
            "upvotes": "104"
        }, 
        {
            "champName": "Draven", 
            "downvotes": "300", 
            "upvotes": "824"
        }, 
        {
            "champName": "Sivir", 
            "downvotes": "42", 
            "upvotes": "157"
        }
    ]
}