{
    "ChampionName": {
        "lower": "janna", 
        "pretty": "Janna"
    }, 
    "WeakAgainst": [
        {
            "champName": "Sona", 
            "downvotes": "419", 
            "upvotes": "760"
        }, 
        {
            "champName": "Sivir", 
            "downvotes": "316", 
            "upvotes": "442"
        }, 
        {
            "champName": "Nami", 
            "downvotes": "215", 
            "upvotes": "272"
        }, 
        {
            "champName": "Aatrox", 
            "downvotes": "81", 
            "upvotes": "116"
        }, 
        {
            "champName": "Diana", 
            "downvotes": "165", 
            "upvotes": "194"
        }, 
        {
            "champName": "Skarner", 
            "downvotes": "152", 
            "upvotes": "156"
        }, 
        {
            "champName": "Soraka", 
            "downvotes": "149", 
            "upvotes": "147"
        }, 
        {
            "champName": "Maokai", 
            "downvotes": "134", 
            "upvotes": "132"
        }, 
        {
            "champName": "Hecarim", 
            "downvotes": "56", 
            "upvotes": "72"
        }, 
        {
            "champName": "Morgana", 
            "downvotes": "109", 
            "upvotes": "111"
        }
    ], 
    "StrongAgainst": [
        {
            "champName": "Kennen", 
            "downvotes": "549", 
            "upvotes": "1585"
        }, 
        {
            "champName": "Alistar", 
            "downvotes": "443", 
            "upvotes": "972"
        }, 
        {
            "champName": "Fiddlesticks", 
            "downvotes": "443", 
            "upvotes": "925"
        }, 
        {
            "champName": "Leona", 
            "downvotes": "918", 
            "upvotes": "1735"
        }, 
        {
            "champName": "Thresh", 
            "downvotes": "345", 
            "upvotes": "609"
        }, 
        {
            "champName": "Galio", 
            "downvotes": "379", 
            "upvotes": "536"
        }, 
        {
            "champName": "Amumu", 
            "downvotes": "479", 
            "upvotes": "643"
        }, 
        {
            "champName": "Morgana", 
            "downvotes": "55", 
            "upvotes": "104"
        }, 
        {
            "champName": "Nunu", 
            "downvotes": "294", 
            "upvotes": "354"
        }, 
        {
            "champName": "Udyr", 
            "downvotes": "205", 
            "upvotes": "251"
        }
    ], 
    "ChampionImageLocation": "http://www.solomid.net/guide/champ/janna.png", 
    "GoodWith": [
        {
            "champName": "Varus", 
            "downvotes": "37", 
            "upvotes": "303"
        }, 
        {
            "champName": "Yasuo", 
            "downvotes": "123", 
            "upvotes": "729"
        }, 
        {
            "champName": "Jinx", 
            "downvotes": "14", 
            "upvotes": "148"
        }, 
        {
            "champName": "Vayne", 
            "downvotes": "139", 
            "upvotes": "595"
        }, 
        {
            "champName": "Tristana", 
            "downvotes": "31", 
            "upvotes": "188"
        }, 
        {
            "champName": "Quinn", 
            "downvotes": "20", 
            "upvotes": "133"
        }, 
        {
            "champName": "Caitlyn", 
            "downvotes": "245", 
            "upvotes": "764"
        }, 
        {
            "champName": "Draven", 
            "downvotes": "297", 
            "upvotes": "826"
        }, 
        {
            "champName": "Lucian", 
            "downvotes": "19", 
            "upvotes": "101"
        }, 
        {
            "champName": "Sivir", 
            "downvotes": "42", 
            "upvotes": "157"
        }
    ]
}