{
    "ChampionName": {
        "lower": "jarvaniv", 
        "pretty": "Jarvan IV"
    }, 
    "WeakAgainst": [
        {
            "champName": "Yorick", 
            "downvotes": "515", 
            "upvotes": "1198"
        }, 
        {
            "champName": "Elise", 
            "downvotes": "263", 
            "upvotes": "533"
        }, 
        {
            "champName": "Vi", 
            "downvotes": "227", 
            "upvotes": "442"
        }, 
        {
            "champName": "Lee Sin", 
            "downvotes": "138", 
            "upvotes": "263"
        }, 
        {
            "champName": "Jax", 
            "downvotes": "464", 
            "upvotes": "740"
        }, 
        {
            "champName": "Shen", 
            "downvotes": "703", 
            "upvotes": "992"
        }, 
        {
            "champName": "Aatrox", 
            "downvotes": "116", 
            "upvotes": "208"
        }, 
        {
            "champName": "Thresh", 
            "downvotes": "144", 
            "upvotes": "236"
        }, 
        {
            "champName": "Renekton", 
            "downvotes": "270", 
            "upvotes": "387"
        }, 
        {
            "champName": "Xin Zhao", 
            "downvotes": "248", 
            "upvotes": "351"
        }
    ], 
    "StrongAgainst": [
        {
            "champName": "Vladimir", 
            "downvotes": "513", 
            "upvotes": "885"
        }, 
        {
            "champName": "Jayce", 
            "downvotes": "513", 
            "upvotes": "796"
        }, 
        {
            "champName": "Kayle", 
            "downvotes": "607", 
            "upvotes": "913"
        }, 
        {
            "champName": "Olaf", 
            "downvotes": "405", 
            "upvotes": "616"
        }, 
        {
            "champName": "Teemo", 
            "downvotes": "269", 
            "upvotes": "392"
        }, 
        {
            "champName": "Renekton", 
            "downvotes": "47", 
            "upvotes": "108"
        }, 
        {
            "champName": "Garen", 
            "downvotes": "195", 
            "upvotes": "285"
        }, 
        {
            "champName": "Nasus", 
            "downvotes": "36", 
            "upvotes": "92"
        }, 
        {
            "champName": "Riven", 
            "downvotes": "226", 
            "upvotes": "322"
        }, 
        {
            "champName": "Kha'Zix", 
            "downvotes": "176", 
            "upvotes": "259"
        }
    ], 
    "ChampionImageLocation": "http://www.solomid.net/guide/champ/jarvaniv.png", 
    "GoodWith": [
        {
            "champName": "Yasuo", 
            "downvotes": "18", 
            "upvotes": "164"
        }, 
        {
            "champName": "Orianna", 
            "downvotes": "319", 
            "upvotes": "981"
        }, 
        {
            "champName": "Miss Fortune", 
            "downvotes": "136", 
            "upvotes": "447"
        }, 
        {
            "champName": "Wukong", 
            "downvotes": "174", 
            "upvotes": "395"
        }, 
        {
            "champName": "Vladimir", 
            "downvotes": "127", 
            "upvotes": "294"
        }, 
        {
            "champName": "Lux", 
            "downvotes": "81", 
            "upvotes": "202"
        }, 
        {
            "champName": "Leona", 
            "downvotes": "140", 
            "upvotes": "312"
        }, 
        {
            "champName": "Lee Sin", 
            "downvotes": "25", 
            "upvotes": "87"
        }, 
        {
            "champName": "Kennen", 
            "downvotes": "76", 
            "upvotes": "185"
        }, 
        {
            "champName": "Anivia", 
            "downvotes": "306", 
            "upvotes": "625"
        }
    ]
}