{
    "ChampionName": {
        "lower": "jarvaniv", 
        "pretty": "Jarvan IV"
    }, 
    "WeakAgainst": [
        {
            "champName": "Yorick", 
            "downvotes": "515", 
            "upvotes": "1198"
        }, 
        {
            "champName": "Elise", 
            "downvotes": "264", 
            "upvotes": "533"
        }, 
        {
            "champName": "Vi", 
            "downvotes": "227", 
            "upvotes": "443"
        }, 
        {
            "champName": "Lee Sin", 
            "downvotes": "139", 
            "upvotes": "263"
        }, 
        {
            "champName": "Jax", 
            "downvotes": "466", 
            "upvotes": "741"
        }, 
        {
            "champName": "Shen", 
            "downvotes": "706", 
            "upvotes": "993"
        }, 
        {
            "champName": "Aatrox", 
            "downvotes": "117", 
            "upvotes": "207"
        }, 
        {
            "champName": "Thresh", 
            "downvotes": "144", 
            "upvotes": "236"
        }, 
        {
            "champName": "Renekton", 
            "downvotes": "270", 
            "upvotes": "388"
        }, 
        {
            "champName": "Xin Zhao", 
            "downvotes": "249", 
            "upvotes": "354"
        }
    ], 
    "StrongAgainst": [
        {
            "champName": "Vladimir", 
            "downvotes": "514", 
            "upvotes": "887"
        }, 
        {
            "champName": "Jayce", 
            "downvotes": "514", 
            "upvotes": "797"
        }, 
        {
            "champName": "Kayle", 
            "downvotes": "608", 
            "upvotes": "913"
        }, 
        {
            "champName": "Olaf", 
            "downvotes": "405", 
            "upvotes": "619"
        }, 
        {
            "champName": "Teemo", 
            "downvotes": "269", 
            "upvotes": "392"
        }, 
        {
            "champName": "Nasus", 
            "downvotes": "35", 
            "upvotes": "95"
        }, 
        {
            "champName": "Ryze", 
            "downvotes": "11", 
            "upvotes": "64"
        }, 
        {
            "champName": "Riven", 
            "downvotes": "224", 
            "upvotes": "325"
        }, 
        {
            "champName": "Renekton", 
            "downvotes": "48", 
            "upvotes": "108"
        }, 
        {
            "champName": "Kha'Zix", 
            "downvotes": "175", 
            "upvotes": "261"
        }
    ], 
    "ChampionImageLocation": "http://www.solomid.net/guide/champ/jarvaniv.png", 
    "GoodWith": [
        {
            "champName": "Yasuo", 
            "downvotes": "18", 
            "upvotes": "164"
        }, 
        {
            "champName": "Orianna", 
            "downvotes": "321", 
            "upvotes": "982"
        }, 
        {
            "champName": "Miss Fortune", 
            "downvotes": "136", 
            "upvotes": "447"
        }, 
        {
            "champName": "Lux", 
            "downvotes": "81", 
            "upvotes": "202"
        }, 
        {
            "champName": "Wukong", 
            "downvotes": "178", 
            "upvotes": "395"
        }, 
        {
            "champName": "Vladimir", 
            "downvotes": "129", 
            "upvotes": "294"
        }, 
        {
            "champName": "Leona", 
            "downvotes": "139", 
            "upvotes": "313"
        }, 
        {
            "champName": "Nunu", 
            "downvotes": "8", 
            "upvotes": "54"
        }, 
        {
            "champName": "Kennen", 
            "downvotes": "77", 
            "upvotes": "186"
        }, 
        {
            "champName": "Anivia", 
            "downvotes": "307", 
            "upvotes": "624"
        }
    ]
}