{
    "ChampionName": {
        "lower": "jax", 
        "pretty": "Jax"
    }, 
    "WeakAgainst": [
        {
            "champName": "Malphite", 
            "downvotes": "2839", 
            "upvotes": "10136"
        }, 
        {
            "champName": "Singed", 
            "downvotes": "2398", 
            "upvotes": "5460"
        }, 
        {
            "champName": "Renekton", 
            "downvotes": "3193", 
            "upvotes": "7069"
        }, 
        {
            "champName": "Ryze", 
            "downvotes": "38", 
            "upvotes": "166"
        }, 
        {
            "champName": "Garen", 
            "downvotes": "3256", 
            "upvotes": "6403"
        }, 
        {
            "champName": "Pantheon", 
            "downvotes": "1172", 
            "upvotes": "2345"
        }, 
        {
            "champName": "Jayce", 
            "downvotes": "2016", 
            "upvotes": "3738"
        }, 
        {
            "champName": "Darius", 
            "downvotes": "303", 
            "upvotes": "597"
        }, 
        {
            "champName": "Zac", 
            "downvotes": "158", 
            "upvotes": "344"
        }, 
        {
            "champName": "Lee Sin", 
            "downvotes": "412", 
            "upvotes": "776"
        }
    ], 
    "StrongAgainst": [
        {
            "champName": "Yasuo", 
            "downvotes": "2102", 
            "upvotes": "9519"
        }, 
        {
            "champName": "Aatrox", 
            "downvotes": "2637", 
            "upvotes": "11097"
        }, 
        {
            "champName": "Fiora", 
            "downvotes": "2477", 
            "upvotes": "8455"
        }, 
        {
            "champName": "Master Yi", 
            "downvotes": "1499", 
            "upvotes": "4637"
        }, 
        {
            "champName": "Xin Zhao", 
            "downvotes": "1168", 
            "upvotes": "3211"
        }, 
        {
            "champName": "Vi", 
            "downvotes": "939", 
            "upvotes": "2534"
        }, 
        {
            "champName": "Tryndamere", 
            "downvotes": "1701", 
            "upvotes": "3673"
        }, 
        {
            "champName": "Rengar", 
            "downvotes": "2001", 
            "upvotes": "4203"
        }, 
        {
            "champName": "Zed", 
            "downvotes": "658", 
            "upvotes": "1363"
        }, 
        {
            "champName": "Yasuo", 
            "downvotes": "27", 
            "upvotes": "129"
        }
    ], 
    "ChampionImageLocation": "http://www.solomid.net/guide/champ/jax.png", 
    "GoodWith": [
        {
            "champName": "Aatrox", 
            "downvotes": "36", 
            "upvotes": "113"
        }, 
        {
            "champName": "Ahri", 
            "downvotes": "906", 
            "upvotes": "1577"
        }, 
        {
            "champName": "Amumu", 
            "downvotes": "36", 
            "upvotes": "94"
        }, 
        {
            "champName": "Xin Zhao", 
            "downvotes": "39", 
            "upvotes": "94"
        }, 
        {
            "champName": "Teemo", 
            "downvotes": "39", 
            "upvotes": "92"
        }, 
        {
            "champName": "Darius", 
            "downvotes": "28", 
            "upvotes": "74"
        }, 
        {
            "champName": "Jarvan IV", 
            "downvotes": "30", 
            "upvotes": "74"
        }, 
        {
            "champName": "Blitzcrank", 
            "downvotes": "48", 
            "upvotes": "97"
        }, 
        {
            "champName": "Pantheon", 
            "downvotes": "249", 
            "upvotes": "383"
        }, 
        {
            "champName": "Alistar", 
            "downvotes": "13", 
            "upvotes": "46"
        }
    ]
}