{
    "ChampionName": {
        "lower": "jax", 
        "pretty": "Jax"
    }, 
    "WeakAgainst": [
        {
            "champName": "Malphite", 
            "downvotes": "2821", 
            "upvotes": "10041"
        }, 
        {
            "champName": "Singed", 
            "downvotes": "2385", 
            "upvotes": "5445"
        }, 
        {
            "champName": "Renekton", 
            "downvotes": "3171", 
            "upvotes": "6999"
        }, 
        {
            "champName": "Garen", 
            "downvotes": "3244", 
            "upvotes": "6366"
        }, 
        {
            "champName": "Pantheon", 
            "downvotes": "1162", 
            "upvotes": "2329"
        }, 
        {
            "champName": "Ryze", 
            "downvotes": "36", 
            "upvotes": "144"
        }, 
        {
            "champName": "Jayce", 
            "downvotes": "2015", 
            "upvotes": "3726"
        }, 
        {
            "champName": "Kayle", 
            "downvotes": "182", 
            "upvotes": "384"
        }, 
        {
            "champName": "Darius", 
            "downvotes": "299", 
            "upvotes": "586"
        }, 
        {
            "champName": "Zac", 
            "downvotes": "157", 
            "upvotes": "340"
        }
    ], 
    "StrongAgainst": [
        {
            "champName": "Yasuo", 
            "downvotes": "2084", 
            "upvotes": "9474"
        }, 
        {
            "champName": "Aatrox", 
            "downvotes": "2627", 
            "upvotes": "11063"
        }, 
        {
            "champName": "Fiora", 
            "downvotes": "2469", 
            "upvotes": "8411"
        }, 
        {
            "champName": "Master Yi", 
            "downvotes": "1490", 
            "upvotes": "4599"
        }, 
        {
            "champName": "Xin Zhao", 
            "downvotes": "1160", 
            "upvotes": "3196"
        }, 
        {
            "champName": "Vi", 
            "downvotes": "934", 
            "upvotes": "2528"
        }, 
        {
            "champName": "Tryndamere", 
            "downvotes": "1691", 
            "upvotes": "3660"
        }, 
        {
            "champName": "Rengar", 
            "downvotes": "1997", 
            "upvotes": "4200"
        }, 
        {
            "champName": "Zed", 
            "downvotes": "657", 
            "upvotes": "1355"
        }, 
        {
            "champName": "Yasuo", 
            "downvotes": "26", 
            "upvotes": "127"
        }
    ], 
    "ChampionImageLocation": "http://www.solomid.net/guide/champ/jax.png", 
    "GoodWith": [
        {
            "champName": "Aatrox", 
            "downvotes": "36", 
            "upvotes": "112"
        }, 
        {
            "champName": "Ahri", 
            "downvotes": "902", 
            "upvotes": "1575"
        }, 
        {
            "champName": "Amumu", 
            "downvotes": "36", 
            "upvotes": "93"
        }, 
        {
            "champName": "Xin Zhao", 
            "downvotes": "39", 
            "upvotes": "94"
        }, 
        {
            "champName": "Jarvan IV", 
            "downvotes": "29", 
            "upvotes": "75"
        }, 
        {
            "champName": "Teemo", 
            "downvotes": "40", 
            "upvotes": "91"
        }, 
        {
            "champName": "Darius", 
            "downvotes": "29", 
            "upvotes": "73"
        }, 
        {
            "champName": "Alistar", 
            "downvotes": "12", 
            "upvotes": "47"
        }, 
        {
            "champName": "Blitzcrank", 
            "downvotes": "47", 
            "upvotes": "98"
        }, 
        {
            "champName": "Pantheon", 
            "downvotes": "243", 
            "upvotes": "382"
        }
    ]
}