{
    "ChampionName": {
        "lower": "jax", 
        "pretty": "Jax"
    }, 
    "WeakAgainst": [
        {
            "champName": "Malphite", 
            "downvotes": "2829", 
            "upvotes": "10085"
        }, 
        {
            "champName": "Singed", 
            "downvotes": "2388", 
            "upvotes": "5455"
        }, 
        {
            "champName": "Renekton", 
            "downvotes": "3182", 
            "upvotes": "7046"
        }, 
        {
            "champName": "Ryze", 
            "downvotes": "36", 
            "upvotes": "155"
        }, 
        {
            "champName": "Garen", 
            "downvotes": "3250", 
            "upvotes": "6389"
        }, 
        {
            "champName": "Pantheon", 
            "downvotes": "1168", 
            "upvotes": "2336"
        }, 
        {
            "champName": "Jayce", 
            "downvotes": "2018", 
            "upvotes": "3727"
        }, 
        {
            "champName": "Zac", 
            "downvotes": "157", 
            "upvotes": "344"
        }, 
        {
            "champName": "Darius", 
            "downvotes": "301", 
            "upvotes": "593"
        }, 
        {
            "champName": "Kayle", 
            "downvotes": "183", 
            "upvotes": "386"
        }
    ], 
    "StrongAgainst": [
        {
            "champName": "Yasuo", 
            "downvotes": "2085", 
            "upvotes": "9492"
        }, 
        {
            "champName": "Aatrox", 
            "downvotes": "2631", 
            "upvotes": "11079"
        }, 
        {
            "champName": "Fiora", 
            "downvotes": "2472", 
            "upvotes": "8438"
        }, 
        {
            "champName": "Master Yi", 
            "downvotes": "1494", 
            "upvotes": "4620"
        }, 
        {
            "champName": "Xin Zhao", 
            "downvotes": "1165", 
            "upvotes": "3203"
        }, 
        {
            "champName": "Vi", 
            "downvotes": "936", 
            "upvotes": "2532"
        }, 
        {
            "champName": "Tryndamere", 
            "downvotes": "1699", 
            "upvotes": "3662"
        }, 
        {
            "champName": "Rengar", 
            "downvotes": "2002", 
            "upvotes": "4201"
        }, 
        {
            "champName": "Yasuo", 
            "downvotes": "25", 
            "upvotes": "130"
        }, 
        {
            "champName": "Zed", 
            "downvotes": "656", 
            "upvotes": "1360"
        }
    ], 
    "ChampionImageLocation": "http://www.solomid.net/guide/champ/jax.png", 
    "GoodWith": [
        {
            "champName": "Aatrox", 
            "downvotes": "36", 
            "upvotes": "113"
        }, 
        {
            "champName": "Ahri", 
            "downvotes": "906", 
            "upvotes": "1574"
        }, 
        {
            "champName": "Amumu", 
            "downvotes": "36", 
            "upvotes": "94"
        }, 
        {
            "champName": "Xin Zhao", 
            "downvotes": "39", 
            "upvotes": "94"
        }, 
        {
            "champName": "Teemo", 
            "downvotes": "39", 
            "upvotes": "92"
        }, 
        {
            "champName": "Darius", 
            "downvotes": "28", 
            "upvotes": "74"
        }, 
        {
            "champName": "Jarvan IV", 
            "downvotes": "30", 
            "upvotes": "74"
        }, 
        {
            "champName": "Blitzcrank", 
            "downvotes": "47", 
            "upvotes": "98"
        }, 
        {
            "champName": "Pantheon", 
            "downvotes": "246", 
            "upvotes": "383"
        }, 
        {
            "champName": "Alistar", 
            "downvotes": "13", 
            "upvotes": "46"
        }
    ]
}