{
    "ChampionName": {
        "lower": "jayce", 
        "pretty": "Jayce"
    }, 
    "WeakAgainst": [
        {
            "champName": "Yorick", 
            "downvotes": "1983", 
            "upvotes": "5314"
        }, 
        {
            "champName": "Fiora", 
            "downvotes": "870", 
            "upvotes": "1502"
        }, 
        {
            "champName": "Nidalee", 
            "downvotes": "1501", 
            "upvotes": "2538"
        }, 
        {
            "champName": "Irelia", 
            "downvotes": "1702", 
            "upvotes": "2770"
        }, 
        {
            "champName": "Yasuo", 
            "downvotes": "16", 
            "upvotes": "88"
        }, 
        {
            "champName": "Wukong", 
            "downvotes": "1789", 
            "upvotes": "2856"
        }, 
        {
            "champName": "Ahri", 
            "downvotes": "197", 
            "upvotes": "362"
        }, 
        {
            "champName": "Pantheon", 
            "downvotes": "588", 
            "upvotes": "950"
        }, 
        {
            "champName": "Xin Zhao", 
            "downvotes": "483", 
            "upvotes": "786"
        }, 
        {
            "champName": "Renekton", 
            "downvotes": "177", 
            "upvotes": "326"
        }
    ], 
    "StrongAgainst": [
        {
            "champName": "Darius", 
            "downvotes": "1879", 
            "upvotes": "5888"
        }, 
        {
            "champName": "Shen", 
            "downvotes": "808", 
            "upvotes": "1922"
        }, 
        {
            "champName": "Singed", 
            "downvotes": "1217", 
            "upvotes": "2417"
        }, 
        {
            "champName": "Kha'Zix", 
            "downvotes": "927", 
            "upvotes": "1780"
        }, 
        {
            "champName": "Jax", 
            "downvotes": "2018", 
            "upvotes": "3727"
        }, 
        {
            "champName": "Teemo", 
            "downvotes": "1584", 
            "upvotes": "2938"
        }, 
        {
            "champName": "Katarina", 
            "downvotes": "87", 
            "upvotes": "229"
        }, 
        {
            "champName": "Garen", 
            "downvotes": "1491", 
            "upvotes": "2611"
        }, 
        {
            "champName": "Aatrox", 
            "downvotes": "315", 
            "upvotes": "585"
        }, 
        {
            "champName": "Volibear", 
            "downvotes": "375", 
            "upvotes": "672"
        }
    ], 
    "ChampionImageLocation": "http://www.solomid.net/guide/champ/jayce.png", 
    "GoodWith": [
        {
            "champName": "Ahri", 
            "downvotes": "22", 
            "upvotes": "76"
        }, 
        {
            "champName": "Volibear", 
            "downvotes": "18", 
            "upvotes": "67"
        }, 
        {
            "champName": "Sona", 
            "downvotes": "20", 
            "upvotes": "58"
        }, 
        {
            "champName": "Nidalee", 
            "downvotes": "421", 
            "upvotes": "635"
        }, 
        {
            "champName": "Darius", 
            "downvotes": "28", 
            "upvotes": "68"
        }, 
        {
            "champName": "Blitzcrank", 
            "downvotes": "271", 
            "upvotes": "411"
        }, 
        {
            "champName": "Taric", 
            "downvotes": "66", 
            "upvotes": "120"
        }, 
        {
            "champName": "Soraka", 
            "downvotes": "408", 
            "upvotes": "589"
        }, 
        {
            "champName": "Hecarim", 
            "downvotes": "210", 
            "upvotes": "315"
        }, 
        {
            "champName": "Amumu", 
            "downvotes": "10", 
            "upvotes": "39"
        }
    ]
}