{
    "ChampionName": {
        "lower": "jayce", 
        "pretty": "Jayce"
    }, 
    "WeakAgainst": [
        {
            "champName": "Yorick", 
            "downvotes": "1987", 
            "upvotes": "5317"
        }, 
        {
            "champName": "Nidalee", 
            "downvotes": "1502", 
            "upvotes": "2541"
        }, 
        {
            "champName": "Fiora", 
            "downvotes": "872", 
            "upvotes": "1501"
        }, 
        {
            "champName": "Irelia", 
            "downvotes": "1701", 
            "upvotes": "2774"
        }, 
        {
            "champName": "Yasuo", 
            "downvotes": "16", 
            "upvotes": "89"
        }, 
        {
            "champName": "Wukong", 
            "downvotes": "1788", 
            "upvotes": "2858"
        }, 
        {
            "champName": "Ahri", 
            "downvotes": "198", 
            "upvotes": "362"
        }, 
        {
            "champName": "Pantheon", 
            "downvotes": "587", 
            "upvotes": "951"
        }, 
        {
            "champName": "Xin Zhao", 
            "downvotes": "481", 
            "upvotes": "789"
        }, 
        {
            "champName": "Renekton", 
            "downvotes": "177", 
            "upvotes": "327"
        }
    ], 
    "StrongAgainst": [
        {
            "champName": "Darius", 
            "downvotes": "1877", 
            "upvotes": "5897"
        }, 
        {
            "champName": "Shen", 
            "downvotes": "810", 
            "upvotes": "1924"
        }, 
        {
            "champName": "Singed", 
            "downvotes": "1217", 
            "upvotes": "2421"
        }, 
        {
            "champName": "Kha'Zix", 
            "downvotes": "932", 
            "upvotes": "1780"
        }, 
        {
            "champName": "Jax", 
            "downvotes": "2016", 
            "upvotes": "3738"
        }, 
        {
            "champName": "Teemo", 
            "downvotes": "1586", 
            "upvotes": "2943"
        }, 
        {
            "champName": "Katarina", 
            "downvotes": "88", 
            "upvotes": "229"
        }, 
        {
            "champName": "Garen", 
            "downvotes": "1492", 
            "upvotes": "2617"
        }, 
        {
            "champName": "Aatrox", 
            "downvotes": "316", 
            "upvotes": "585"
        }, 
        {
            "champName": "Volibear", 
            "downvotes": "375", 
            "upvotes": "673"
        }
    ], 
    "ChampionImageLocation": "http://www.solomid.net/guide/champ/jayce.png", 
    "GoodWith": [
        {
            "champName": "Volibear", 
            "downvotes": "17", 
            "upvotes": "68"
        }, 
        {
            "champName": "Ahri", 
            "downvotes": "23", 
            "upvotes": "75"
        }, 
        {
            "champName": "Sona", 
            "downvotes": "20", 
            "upvotes": "58"
        }, 
        {
            "champName": "Nidalee", 
            "downvotes": "423", 
            "upvotes": "635"
        }, 
        {
            "champName": "Darius", 
            "downvotes": "28", 
            "upvotes": "68"
        }, 
        {
            "champName": "Blitzcrank", 
            "downvotes": "272", 
            "upvotes": "411"
        }, 
        {
            "champName": "Hecarim", 
            "downvotes": "207", 
            "upvotes": "319"
        }, 
        {
            "champName": "Soraka", 
            "downvotes": "410", 
            "upvotes": "589"
        }, 
        {
            "champName": "Taric", 
            "downvotes": "67", 
            "upvotes": "119"
        }, 
        {
            "champName": "Lux", 
            "downvotes": "3", 
            "upvotes": "31"
        }
    ]
}