{
    "ChampionName": {
        "lower": "jayce", 
        "pretty": "Jayce"
    }, 
    "WeakAgainst": [
        {
            "champName": "Yorick", 
            "downvotes": "1979", 
            "upvotes": "5310"
        }, 
        {
            "champName": "Fiora", 
            "downvotes": "869", 
            "upvotes": "1501"
        }, 
        {
            "champName": "Nidalee", 
            "downvotes": "1498", 
            "upvotes": "2535"
        }, 
        {
            "champName": "Irelia", 
            "downvotes": "1701", 
            "upvotes": "2768"
        }, 
        {
            "champName": "Yasuo", 
            "downvotes": "16", 
            "upvotes": "88"
        }, 
        {
            "champName": "Wukong", 
            "downvotes": "1788", 
            "upvotes": "2854"
        }, 
        {
            "champName": "Ahri", 
            "downvotes": "196", 
            "upvotes": "363"
        }, 
        {
            "champName": "Renekton", 
            "downvotes": "175", 
            "upvotes": "327"
        }, 
        {
            "champName": "Pantheon", 
            "downvotes": "586", 
            "upvotes": "950"
        }, 
        {
            "champName": "Xin Zhao", 
            "downvotes": "483", 
            "upvotes": "785"
        }
    ], 
    "StrongAgainst": [
        {
            "champName": "Darius", 
            "downvotes": "1881", 
            "upvotes": "5874"
        }, 
        {
            "champName": "Shen", 
            "downvotes": "804", 
            "upvotes": "1918"
        }, 
        {
            "champName": "Singed", 
            "downvotes": "1215", 
            "upvotes": "2417"
        }, 
        {
            "champName": "Kha'Zix", 
            "downvotes": "926", 
            "upvotes": "1776"
        }, 
        {
            "champName": "Katarina", 
            "downvotes": "86", 
            "upvotes": "229"
        }, 
        {
            "champName": "Jax", 
            "downvotes": "2015", 
            "upvotes": "3726"
        }, 
        {
            "champName": "Teemo", 
            "downvotes": "1583", 
            "upvotes": "2928"
        }, 
        {
            "champName": "Garen", 
            "downvotes": "1491", 
            "upvotes": "2606"
        }, 
        {
            "champName": "Aatrox", 
            "downvotes": "315", 
            "upvotes": "585"
        }, 
        {
            "champName": "Volibear", 
            "downvotes": "375", 
            "upvotes": "672"
        }
    ], 
    "ChampionImageLocation": "http://www.solomid.net/guide/champ/jayce.png", 
    "GoodWith": [
        {
            "champName": "Volibear", 
            "downvotes": "18", 
            "upvotes": "67"
        }, 
        {
            "champName": "Ahri", 
            "downvotes": "23", 
            "upvotes": "75"
        }, 
        {
            "champName": "Sona", 
            "downvotes": "19", 
            "upvotes": "59"
        }, 
        {
            "champName": "Darius", 
            "downvotes": "27", 
            "upvotes": "69"
        }, 
        {
            "champName": "Nidalee", 
            "downvotes": "420", 
            "upvotes": "634"
        }, 
        {
            "champName": "Blitzcrank", 
            "downvotes": "271", 
            "upvotes": "411"
        }, 
        {
            "champName": "Soraka", 
            "downvotes": "407", 
            "upvotes": "590"
        }, 
        {
            "champName": "Taric", 
            "downvotes": "67", 
            "upvotes": "119"
        }, 
        {
            "champName": "Hecarim", 
            "downvotes": "211", 
            "upvotes": "314"
        }, 
        {
            "champName": "Vi", 
            "downvotes": "16", 
            "upvotes": "47"
        }
    ]
}