{
    "ChampionName": {
        "lower": "jinx", 
        "pretty": "Jinx"
    }, 
    "WeakAgainst": [
        {
            "champName": "Corki", 
            "downvotes": "1088", 
            "upvotes": "3647"
        }, 
        {
            "champName": "Sivir", 
            "downvotes": "805", 
            "upvotes": "2632"
        }, 
        {
            "champName": "Ezreal", 
            "downvotes": "2823", 
            "upvotes": "7814"
        }, 
        {
            "champName": "Tristana", 
            "downvotes": "43", 
            "upvotes": "181"
        }, 
        {
            "champName": "Varus", 
            "downvotes": "1212", 
            "upvotes": "2702"
        }, 
        {
            "champName": "Lucian", 
            "downvotes": "1064", 
            "upvotes": "2382"
        }, 
        {
            "champName": "Quinn", 
            "downvotes": "523", 
            "upvotes": "1214"
        }, 
        {
            "champName": "Draven", 
            "downvotes": "941", 
            "upvotes": "2053"
        }, 
        {
            "champName": "Aatrox", 
            "downvotes": "128", 
            "upvotes": "349"
        }, 
        {
            "champName": "Vayne", 
            "downvotes": "2012", 
            "upvotes": "4066"
        }
    ], 
    "StrongAgainst": [
        {
            "champName": "Caitlyn", 
            "downvotes": "3288", 
            "upvotes": "8792"
        }, 
        {
            "champName": "Caitlyn", 
            "downvotes": "934", 
            "upvotes": "1889"
        }, 
        {
            "champName": "Vayne", 
            "downvotes": "1829", 
            "upvotes": "3523"
        }, 
        {
            "champName": "Kog'Maw", 
            "downvotes": "666", 
            "upvotes": "1274"
        }, 
        {
            "champName": "Ashe", 
            "downvotes": "420", 
            "upvotes": "614"
        }, 
        {
            "champName": "Twitch", 
            "downvotes": "378", 
            "upvotes": "552"
        }, 
        {
            "champName": "Miss Fortune", 
            "downvotes": "388", 
            "upvotes": "417"
        }, 
        {
            "champName": "Lucian", 
            "downvotes": "214", 
            "upvotes": "229"
        }, 
        {
            "champName": "Ashe", 
            "downvotes": "281", 
            "upvotes": "289"
        }, 
        {
            "champName": "Twitch", 
            "downvotes": "190", 
            "upvotes": "201"
        }
    ], 
    "ChampionImageLocation": "http://www.solomid.net/guide/champ/jinx.png", 
    "GoodWith": [
        {
            "champName": "Soraka", 
            "downvotes": "20", 
            "upvotes": "206"
        }, 
        {
            "champName": "Leona", 
            "downvotes": "178", 
            "upvotes": "1013"
        }, 
        {
            "champName": "Taric", 
            "downvotes": "20", 
            "upvotes": "200"
        }, 
        {
            "champName": "Thresh", 
            "downvotes": "192", 
            "upvotes": "928"
        }, 
        {
            "champName": "Janna", 
            "downvotes": "14", 
            "upvotes": "148"
        }, 
        {
            "champName": "Morgana", 
            "downvotes": "11", 
            "upvotes": "132"
        }, 
        {
            "champName": "Blitzcrank", 
            "downvotes": "152", 
            "upvotes": "713"
        }, 
        {
            "champName": "Alistar", 
            "downvotes": "11", 
            "upvotes": "122"
        }, 
        {
            "champName": "Nidalee", 
            "downvotes": "18", 
            "upvotes": "136"
        }, 
        {
            "champName": "Nami", 
            "downvotes": "326", 
            "upvotes": "1227"
        }
    ]
}