{
    "ChampionName": {
        "lower": "jinx", 
        "pretty": "Jinx"
    }, 
    "WeakAgainst": [
        {
            "champName": "Corki", 
            "downvotes": "1085", 
            "upvotes": "3644"
        }, 
        {
            "champName": "Sivir", 
            "downvotes": "803", 
            "upvotes": "2617"
        }, 
        {
            "champName": "Ezreal", 
            "downvotes": "2812", 
            "upvotes": "7787"
        }, 
        {
            "champName": "Quinn", 
            "downvotes": "523", 
            "upvotes": "1210"
        }, 
        {
            "champName": "Lucian", 
            "downvotes": "1059", 
            "upvotes": "2360"
        }, 
        {
            "champName": "Varus", 
            "downvotes": "1211", 
            "upvotes": "2686"
        }, 
        {
            "champName": "Tristana", 
            "downvotes": "42", 
            "upvotes": "176"
        }, 
        {
            "champName": "Draven", 
            "downvotes": "935", 
            "upvotes": "2043"
        }, 
        {
            "champName": "Aatrox", 
            "downvotes": "128", 
            "upvotes": "347"
        }, 
        {
            "champName": "Vayne", 
            "downvotes": "2010", 
            "upvotes": "4051"
        }
    ], 
    "StrongAgainst": [
        {
            "champName": "Caitlyn", 
            "downvotes": "3268", 
            "upvotes": "8760"
        }, 
        {
            "champName": "Caitlyn", 
            "downvotes": "933", 
            "upvotes": "1883"
        }, 
        {
            "champName": "Vayne", 
            "downvotes": "1823", 
            "upvotes": "3508"
        }, 
        {
            "champName": "Kog'Maw", 
            "downvotes": "663", 
            "upvotes": "1272"
        }, 
        {
            "champName": "Ashe", 
            "downvotes": "418", 
            "upvotes": "613"
        }, 
        {
            "champName": "Twitch", 
            "downvotes": "375", 
            "upvotes": "550"
        }, 
        {
            "champName": "Miss Fortune", 
            "downvotes": "385", 
            "upvotes": "416"
        }, 
        {
            "champName": "Ashe", 
            "downvotes": "281", 
            "upvotes": "289"
        }, 
        {
            "champName": "Lucian", 
            "downvotes": "213", 
            "upvotes": "227"
        }, 
        {
            "champName": "Draven", 
            "downvotes": "251", 
            "upvotes": "256"
        }
    ], 
    "ChampionImageLocation": "http://www.solomid.net/guide/champ/jinx.png", 
    "GoodWith": [
        {
            "champName": "Leona", 
            "downvotes": "176", 
            "upvotes": "1009"
        }, 
        {
            "champName": "Soraka", 
            "downvotes": "21", 
            "upvotes": "205"
        }, 
        {
            "champName": "Taric", 
            "downvotes": "22", 
            "upvotes": "197"
        }, 
        {
            "champName": "Thresh", 
            "downvotes": "190", 
            "upvotes": "925"
        }, 
        {
            "champName": "Janna", 
            "downvotes": "14", 
            "upvotes": "148"
        }, 
        {
            "champName": "Blitzcrank", 
            "downvotes": "149", 
            "upvotes": "711"
        }, 
        {
            "champName": "Morgana", 
            "downvotes": "12", 
            "upvotes": "130"
        }, 
        {
            "champName": "Alistar", 
            "downvotes": "11", 
            "upvotes": "122"
        }, 
        {
            "champName": "Nidalee", 
            "downvotes": "18", 
            "upvotes": "136"
        }, 
        {
            "champName": "Nami", 
            "downvotes": "325", 
            "upvotes": "1221"
        }
    ]
}