{
    "ChampionName": {
        "lower": "jinx", 
        "pretty": "Jinx"
    }, 
    "WeakAgainst": [
        {
            "champName": "Corki", 
            "downvotes": "1091", 
            "upvotes": "3652"
        }, 
        {
            "champName": "Sivir", 
            "downvotes": "808", 
            "upvotes": "2641"
        }, 
        {
            "champName": "Ezreal", 
            "downvotes": "2826", 
            "upvotes": "7834"
        }, 
        {
            "champName": "Tristana", 
            "downvotes": "45", 
            "upvotes": "186"
        }, 
        {
            "champName": "Quinn", 
            "downvotes": "523", 
            "upvotes": "1216"
        }, 
        {
            "champName": "Varus", 
            "downvotes": "1216", 
            "upvotes": "2710"
        }, 
        {
            "champName": "Lucian", 
            "downvotes": "1072", 
            "upvotes": "2394"
        }, 
        {
            "champName": "Draven", 
            "downvotes": "940", 
            "upvotes": "2060"
        }, 
        {
            "champName": "Aatrox", 
            "downvotes": "129", 
            "upvotes": "350"
        }, 
        {
            "champName": "Vayne", 
            "downvotes": "2016", 
            "upvotes": "4089"
        }
    ], 
    "StrongAgainst": [
        {
            "champName": "Caitlyn", 
            "downvotes": "3293", 
            "upvotes": "8826"
        }, 
        {
            "champName": "Caitlyn", 
            "downvotes": "938", 
            "upvotes": "1896"
        }, 
        {
            "champName": "Vayne", 
            "downvotes": "1837", 
            "upvotes": "3539"
        }, 
        {
            "champName": "Kog'Maw", 
            "downvotes": "669", 
            "upvotes": "1277"
        }, 
        {
            "champName": "Ashe", 
            "downvotes": "421", 
            "upvotes": "616"
        }, 
        {
            "champName": "Twitch", 
            "downvotes": "382", 
            "upvotes": "558"
        }, 
        {
            "champName": "Miss Fortune", 
            "downvotes": "387", 
            "upvotes": "419"
        }, 
        {
            "champName": "Lucian", 
            "downvotes": "215", 
            "upvotes": "232"
        }, 
        {
            "champName": "Ashe", 
            "downvotes": "281", 
            "upvotes": "289"
        }, 
        {
            "champName": "Twitch", 
            "downvotes": "190", 
            "upvotes": "202"
        }
    ], 
    "ChampionImageLocation": "http://www.solomid.net/guide/champ/jinx.png", 
    "GoodWith": [
        {
            "champName": "Soraka", 
            "downvotes": "20", 
            "upvotes": "207"
        }, 
        {
            "champName": "Leona", 
            "downvotes": "180", 
            "upvotes": "1014"
        }, 
        {
            "champName": "Taric", 
            "downvotes": "20", 
            "upvotes": "202"
        }, 
        {
            "champName": "Thresh", 
            "downvotes": "192", 
            "upvotes": "930"
        }, 
        {
            "champName": "Morgana", 
            "downvotes": "11", 
            "upvotes": "132"
        }, 
        {
            "champName": "Janna", 
            "downvotes": "15", 
            "upvotes": "147"
        }, 
        {
            "champName": "Blitzcrank", 
            "downvotes": "152", 
            "upvotes": "718"
        }, 
        {
            "champName": "Alistar", 
            "downvotes": "10", 
            "upvotes": "123"
        }, 
        {
            "champName": "Nami", 
            "downvotes": "327", 
            "upvotes": "1230"
        }, 
        {
            "champName": "Nidalee", 
            "downvotes": "19", 
            "upvotes": "135"
        }
    ]
}