{
    "ChampionName": {
        "lower": "karma", 
        "pretty": "Karma"
    }, 
    "WeakAgainst": [
        {
            "champName": "Veigar", 
            "downvotes": "575", 
            "upvotes": "808"
        }, 
        {
            "champName": "Nami", 
            "downvotes": "289", 
            "upvotes": "365"
        }, 
        {
            "champName": "Malzahar", 
            "downvotes": "91", 
            "upvotes": "125"
        }, 
        {
            "champName": "Talon", 
            "downvotes": "167", 
            "upvotes": "195"
        }, 
        {
            "champName": "LeBlanc", 
            "downvotes": "224", 
            "upvotes": "236"
        }, 
        {
            "champName": "Lux", 
            "downvotes": "185", 
            "upvotes": "180"
        }, 
        {
            "champName": "Caitlyn", 
            "downvotes": "114", 
            "upvotes": "122"
        }, 
        {
            "champName": "Ahri", 
            "downvotes": "131", 
            "upvotes": "132"
        }, 
        {
            "champName": "Xerath", 
            "downvotes": "76", 
            "upvotes": "89"
        }, 
        {
            "champName": "Cassiopeia", 
            "downvotes": "110", 
            "upvotes": "115"
        }
    ], 
    "StrongAgainst": [
        {
            "champName": "Vi", 
            "downvotes": "464", 
            "upvotes": "779"
        }, 
        {
            "champName": "Fizz", 
            "downvotes": "229", 
            "upvotes": "398"
        }, 
        {
            "champName": "Leona", 
            "downvotes": "103", 
            "upvotes": "205"
        }, 
        {
            "champName": "Diana", 
            "downvotes": "166", 
            "upvotes": "293"
        }, 
        {
            "champName": "Akali", 
            "downvotes": "132", 
            "upvotes": "236"
        }, 
        {
            "champName": "Karthus", 
            "downvotes": "203", 
            "upvotes": "331"
        }, 
        {
            "champName": "Katarina", 
            "downvotes": "172", 
            "upvotes": "252"
        }, 
        {
            "champName": "Kassadin", 
            "downvotes": "77", 
            "upvotes": "136"
        }, 
        {
            "champName": "Zilean", 
            "downvotes": "259", 
            "upvotes": "339"
        }, 
        {
            "champName": "Ahri", 
            "downvotes": "15", 
            "upvotes": "59"
        }
    ], 
    "ChampionImageLocation": "http://www.solomid.net/guide/champ/karma.png", 
    "GoodWith": [
        {
            "champName": "Jinx", 
            "downvotes": "66", 
            "upvotes": "188"
        }, 
        {
            "champName": "Ezreal", 
            "downvotes": "265", 
            "upvotes": "493"
        }, 
        {
            "champName": "Sivir", 
            "downvotes": "28", 
            "upvotes": "81"
        }, 
        {
            "champName": "Caitlyn", 
            "downvotes": "119", 
            "upvotes": "227"
        }, 
        {
            "champName": "Lucian", 
            "downvotes": "157", 
            "upvotes": "276"
        }, 
        {
            "champName": "Vayne", 
            "downvotes": "55", 
            "upvotes": "110"
        }, 
        {
            "champName": "Ashe", 
            "downvotes": "114", 
            "upvotes": "191"
        }, 
        {
            "champName": "Varus", 
            "downvotes": "74", 
            "upvotes": "122"
        }, 
        {
            "champName": "Miss Fortune", 
            "downvotes": "92", 
            "upvotes": "138"
        }, 
        {
            "champName": "Draven", 
            "downvotes": "73", 
            "upvotes": "114"
        }
    ]
}