{
    "ChampionName": {
        "lower": "karma", 
        "pretty": "Karma"
    }, 
    "WeakAgainst": [
        {
            "champName": "Veigar", 
            "downvotes": "575", 
            "upvotes": "807"
        }, 
        {
            "champName": "Nami", 
            "downvotes": "288", 
            "upvotes": "365"
        }, 
        {
            "champName": "Malzahar", 
            "downvotes": "91", 
            "upvotes": "123"
        }, 
        {
            "champName": "Talon", 
            "downvotes": "168", 
            "upvotes": "192"
        }, 
        {
            "champName": "LeBlanc", 
            "downvotes": "224", 
            "upvotes": "235"
        }, 
        {
            "champName": "Lux", 
            "downvotes": "185", 
            "upvotes": "180"
        }, 
        {
            "champName": "Caitlyn", 
            "downvotes": "114", 
            "upvotes": "122"
        }, 
        {
            "champName": "Xerath", 
            "downvotes": "75", 
            "upvotes": "90"
        }, 
        {
            "champName": "Ahri", 
            "downvotes": "131", 
            "upvotes": "132"
        }, 
        {
            "champName": "Cassiopeia", 
            "downvotes": "110", 
            "upvotes": "115"
        }
    ], 
    "StrongAgainst": [
        {
            "champName": "Vi", 
            "downvotes": "462", 
            "upvotes": "779"
        }, 
        {
            "champName": "Fizz", 
            "downvotes": "228", 
            "upvotes": "399"
        }, 
        {
            "champName": "Diana", 
            "downvotes": "166", 
            "upvotes": "293"
        }, 
        {
            "champName": "Leona", 
            "downvotes": "102", 
            "upvotes": "200"
        }, 
        {
            "champName": "Akali", 
            "downvotes": "131", 
            "upvotes": "237"
        }, 
        {
            "champName": "Karthus", 
            "downvotes": "203", 
            "upvotes": "331"
        }, 
        {
            "champName": "Katarina", 
            "downvotes": "171", 
            "upvotes": "251"
        }, 
        {
            "champName": "Kassadin", 
            "downvotes": "77", 
            "upvotes": "135"
        }, 
        {
            "champName": "Zilean", 
            "downvotes": "256", 
            "upvotes": "341"
        }, 
        {
            "champName": "Ahri", 
            "downvotes": "15", 
            "upvotes": "59"
        }
    ], 
    "ChampionImageLocation": "http://www.solomid.net/guide/champ/karma.png", 
    "GoodWith": [
        {
            "champName": "Jinx", 
            "downvotes": "65", 
            "upvotes": "188"
        }, 
        {
            "champName": "Ezreal", 
            "downvotes": "266", 
            "upvotes": "492"
        }, 
        {
            "champName": "Sivir", 
            "downvotes": "28", 
            "upvotes": "81"
        }, 
        {
            "champName": "Caitlyn", 
            "downvotes": "120", 
            "upvotes": "226"
        }, 
        {
            "champName": "Lucian", 
            "downvotes": "157", 
            "upvotes": "275"
        }, 
        {
            "champName": "Vayne", 
            "downvotes": "55", 
            "upvotes": "110"
        }, 
        {
            "champName": "Ashe", 
            "downvotes": "115", 
            "upvotes": "190"
        }, 
        {
            "champName": "Varus", 
            "downvotes": "75", 
            "upvotes": "121"
        }, 
        {
            "champName": "Miss Fortune", 
            "downvotes": "92", 
            "upvotes": "138"
        }, 
        {
            "champName": "Draven", 
            "downvotes": "73", 
            "upvotes": "113"
        }
    ]
}