{
    "ChampionName": {
        "lower": "karma", 
        "pretty": "Karma"
    }, 
    "WeakAgainst": [
        {
            "champName": "Veigar", 
            "downvotes": "577", 
            "upvotes": "806"
        }, 
        {
            "champName": "Nami", 
            "downvotes": "290", 
            "upvotes": "365"
        }, 
        {
            "champName": "Malzahar", 
            "downvotes": "92", 
            "upvotes": "124"
        }, 
        {
            "champName": "Talon", 
            "downvotes": "168", 
            "upvotes": "194"
        }, 
        {
            "champName": "LeBlanc", 
            "downvotes": "225", 
            "upvotes": "236"
        }, 
        {
            "champName": "Lux", 
            "downvotes": "185", 
            "upvotes": "180"
        }, 
        {
            "champName": "Caitlyn", 
            "downvotes": "114", 
            "upvotes": "122"
        }, 
        {
            "champName": "Xerath", 
            "downvotes": "76", 
            "upvotes": "91"
        }, 
        {
            "champName": "Ahri", 
            "downvotes": "131", 
            "upvotes": "132"
        }, 
        {
            "champName": "Cassiopeia", 
            "downvotes": "110", 
            "upvotes": "115"
        }
    ], 
    "StrongAgainst": [
        {
            "champName": "Vi", 
            "downvotes": "465", 
            "upvotes": "779"
        }, 
        {
            "champName": "Fizz", 
            "downvotes": "229", 
            "upvotes": "399"
        }, 
        {
            "champName": "Diana", 
            "downvotes": "166", 
            "upvotes": "293"
        }, 
        {
            "champName": "Leona", 
            "downvotes": "105", 
            "upvotes": "206"
        }, 
        {
            "champName": "Akali", 
            "downvotes": "132", 
            "upvotes": "236"
        }, 
        {
            "champName": "Karthus", 
            "downvotes": "202", 
            "upvotes": "332"
        }, 
        {
            "champName": "Katarina", 
            "downvotes": "172", 
            "upvotes": "252"
        }, 
        {
            "champName": "Kassadin", 
            "downvotes": "76", 
            "upvotes": "137"
        }, 
        {
            "champName": "Zilean", 
            "downvotes": "258", 
            "upvotes": "340"
        }, 
        {
            "champName": "Ahri", 
            "downvotes": "15", 
            "upvotes": "62"
        }
    ], 
    "ChampionImageLocation": "http://www.solomid.net/guide/champ/karma.png", 
    "GoodWith": [
        {
            "champName": "Jinx", 
            "downvotes": "66", 
            "upvotes": "188"
        }, 
        {
            "champName": "Sivir", 
            "downvotes": "28", 
            "upvotes": "82"
        }, 
        {
            "champName": "Ezreal", 
            "downvotes": "268", 
            "upvotes": "491"
        }, 
        {
            "champName": "Caitlyn", 
            "downvotes": "121", 
            "upvotes": "227"
        }, 
        {
            "champName": "Lucian", 
            "downvotes": "157", 
            "upvotes": "277"
        }, 
        {
            "champName": "Vayne", 
            "downvotes": "55", 
            "upvotes": "110"
        }, 
        {
            "champName": "Ashe", 
            "downvotes": "115", 
            "upvotes": "190"
        }, 
        {
            "champName": "Varus", 
            "downvotes": "74", 
            "upvotes": "122"
        }, 
        {
            "champName": "Draven", 
            "downvotes": "73", 
            "upvotes": "115"
        }, 
        {
            "champName": "Miss Fortune", 
            "downvotes": "92", 
            "upvotes": "138"
        }
    ]
}