{
    "ChampionName": {
        "lower": "karthus", 
        "pretty": "Karthus"
    }, 
    "WeakAgainst": [
        {
            "champName": "Soraka", 
            "downvotes": "437", 
            "upvotes": "2455"
        }, 
        {
            "champName": "Kassadin", 
            "downvotes": "1056", 
            "upvotes": "4587"
        }, 
        {
            "champName": "Fizz", 
            "downvotes": "848", 
            "upvotes": "3242"
        }, 
        {
            "champName": "Katarina", 
            "downvotes": "1171", 
            "upvotes": "3646"
        }, 
        {
            "champName": "Lux", 
            "downvotes": "716", 
            "upvotes": "2258"
        }, 
        {
            "champName": "LeBlanc", 
            "downvotes": "508", 
            "upvotes": "1634"
        }, 
        {
            "champName": "Veigar", 
            "downvotes": "543", 
            "upvotes": "1716"
        }, 
        {
            "champName": "Ahri", 
            "downvotes": "704", 
            "upvotes": "1949"
        }, 
        {
            "champName": "Akali", 
            "downvotes": "823", 
            "upvotes": "2121"
        }, 
        {
            "champName": "Gragas", 
            "downvotes": "329", 
            "upvotes": "876"
        }
    ], 
    "StrongAgainst": [
        {
            "champName": "Yasuo", 
            "downvotes": "361", 
            "upvotes": "439"
        }, 
        {
            "champName": "Vel'Koz", 
            "downvotes": "76", 
            "upvotes": "114"
        }, 
        {
            "champName": "Heimerdinger", 
            "downvotes": "350", 
            "upvotes": "362"
        }, 
        {
            "champName": "Quinn", 
            "downvotes": "633", 
            "upvotes": "624"
        }, 
        {
            "champName": "Teemo", 
            "downvotes": "275", 
            "upvotes": "284"
        }, 
        {
            "champName": "Lucian", 
            "downvotes": "250", 
            "upvotes": "245"
        }, 
        {
            "champName": "Teemo", 
            "downvotes": "204", 
            "upvotes": "199"
        }, 
        {
            "champName": "Tryndamere", 
            "downvotes": "201", 
            "upvotes": "196"
        }, 
        {
            "champName": "Nami", 
            "downvotes": "338", 
            "upvotes": "306"
        }, 
        {
            "champName": "Ryze", 
            "downvotes": "246", 
            "upvotes": "231"
        }
    ], 
    "ChampionImageLocation": "http://www.solomid.net/guide/champ/karthus.png", 
    "GoodWith": [
        {
            "champName": "Amumu", 
            "downvotes": "149", 
            "upvotes": "269"
        }, 
        {
            "champName": "Kayle", 
            "downvotes": "510", 
            "upvotes": "783"
        }, 
        {
            "champName": "Yorick", 
            "downvotes": "340", 
            "upvotes": "473"
        }, 
        {
            "champName": "Shen", 
            "downvotes": "20", 
            "upvotes": "49"
        }, 
        {
            "champName": "Soraka", 
            "downvotes": "194", 
            "upvotes": "242"
        }, 
        {
            "champName": "Vladimir", 
            "downvotes": "430", 
            "upvotes": "494"
        }, 
        {
            "champName": "Zilean", 
            "downvotes": "28", 
            "upvotes": "50"
        }, 
        {
            "champName": "Aatrox", 
            "downvotes": "3", 
            "upvotes": "23"
        }, 
        {
            "champName": "Nunu", 
            "downvotes": "34", 
            "upvotes": "53"
        }, 
        {
            "champName": "Nocturne", 
            "downvotes": "156", 
            "upvotes": "172"
        }
    ]
}