{
    "ChampionName": {
        "lower": "karthus", 
        "pretty": "Karthus"
    }, 
    "WeakAgainst": [
        {
            "champName": "Soraka", 
            "downvotes": "439", 
            "upvotes": "2458"
        }, 
        {
            "champName": "Kassadin", 
            "downvotes": "1059", 
            "upvotes": "4590"
        }, 
        {
            "champName": "Fizz", 
            "downvotes": "851", 
            "upvotes": "3248"
        }, 
        {
            "champName": "Katarina", 
            "downvotes": "1176", 
            "upvotes": "3656"
        }, 
        {
            "champName": "LeBlanc", 
            "downvotes": "509", 
            "upvotes": "1637"
        }, 
        {
            "champName": "Lux", 
            "downvotes": "720", 
            "upvotes": "2260"
        }, 
        {
            "champName": "Veigar", 
            "downvotes": "547", 
            "upvotes": "1720"
        }, 
        {
            "champName": "Ahri", 
            "downvotes": "704", 
            "upvotes": "1950"
        }, 
        {
            "champName": "Akali", 
            "downvotes": "826", 
            "upvotes": "2124"
        }, 
        {
            "champName": "Gragas", 
            "downvotes": "330", 
            "upvotes": "876"
        }
    ], 
    "StrongAgainst": [
        {
            "champName": "Yasuo", 
            "downvotes": "362", 
            "upvotes": "441"
        }, 
        {
            "champName": "Vel'Koz", 
            "downvotes": "77", 
            "upvotes": "115"
        }, 
        {
            "champName": "Quinn", 
            "downvotes": "633", 
            "upvotes": "624"
        }, 
        {
            "champName": "Heimerdinger", 
            "downvotes": "353", 
            "upvotes": "361"
        }, 
        {
            "champName": "Teemo", 
            "downvotes": "275", 
            "upvotes": "284"
        }, 
        {
            "champName": "Lucian", 
            "downvotes": "250", 
            "upvotes": "247"
        }, 
        {
            "champName": "Teemo", 
            "downvotes": "204", 
            "upvotes": "199"
        }, 
        {
            "champName": "Tryndamere", 
            "downvotes": "201", 
            "upvotes": "196"
        }, 
        {
            "champName": "Ryze", 
            "downvotes": "247", 
            "upvotes": "232"
        }, 
        {
            "champName": "Nami", 
            "downvotes": "339", 
            "upvotes": "305"
        }
    ], 
    "ChampionImageLocation": "http://www.solomid.net/guide/champ/karthus.png", 
    "GoodWith": [
        {
            "champName": "Amumu", 
            "downvotes": "148", 
            "upvotes": "272"
        }, 
        {
            "champName": "Kayle", 
            "downvotes": "513", 
            "upvotes": "783"
        }, 
        {
            "champName": "Yorick", 
            "downvotes": "340", 
            "upvotes": "473"
        }, 
        {
            "champName": "Shen", 
            "downvotes": "20", 
            "upvotes": "49"
        }, 
        {
            "champName": "Soraka", 
            "downvotes": "194", 
            "upvotes": "243"
        }, 
        {
            "champName": "Vladimir", 
            "downvotes": "431", 
            "upvotes": "494"
        }, 
        {
            "champName": "Zilean", 
            "downvotes": "27", 
            "upvotes": "51"
        }, 
        {
            "champName": "Nocturne", 
            "downvotes": "156", 
            "upvotes": "172"
        }, 
        {
            "champName": "Nunu", 
            "downvotes": "35", 
            "upvotes": "52"
        }, 
        {
            "champName": "Aatrox", 
            "downvotes": "4", 
            "upvotes": "22"
        }
    ]
}