{
    "ChampionName": {
        "lower": "kassadin", 
        "pretty": "Kassadin"
    }, 
    "WeakAgainst": [
        {
            "champName": "Talon", 
            "downvotes": "2555", 
            "upvotes": "11650"
        }, 
        {
            "champName": "Pantheon", 
            "downvotes": "773", 
            "upvotes": "2533"
        }, 
        {
            "champName": "Heimerdinger", 
            "downvotes": "747", 
            "upvotes": "1825"
        }, 
        {
            "champName": "Kha'Zix", 
            "downvotes": "982", 
            "upvotes": "2185"
        }, 
        {
            "champName": "Mordekaiser", 
            "downvotes": "1261", 
            "upvotes": "2771"
        }, 
        {
            "champName": "LeBlanc", 
            "downvotes": "156", 
            "upvotes": "417"
        }, 
        {
            "champName": "Kayle", 
            "downvotes": "244", 
            "upvotes": "582"
        }, 
        {
            "champName": "Gangplank", 
            "downvotes": "562", 
            "upvotes": "1204"
        }, 
        {
            "champName": "Sion", 
            "downvotes": "641", 
            "upvotes": "1358"
        }, 
        {
            "champName": "Yasuo", 
            "downvotes": "188", 
            "upvotes": "449"
        }
    ], 
    "StrongAgainst": [
        {
            "champName": "Karthus", 
            "downvotes": "1056", 
            "upvotes": "4587"
        }, 
        {
            "champName": "Lissandra", 
            "downvotes": "894", 
            "upvotes": "2898"
        }, 
        {
            "champName": "Brand", 
            "downvotes": "1315", 
            "upvotes": "3420"
        }, 
        {
            "champName": "Katarina", 
            "downvotes": "1986", 
            "upvotes": "4243"
        }, 
        {
            "champName": "Vel'Koz", 
            "downvotes": "130", 
            "upvotes": "356"
        }, 
        {
            "champName": "Elise", 
            "downvotes": "927", 
            "upvotes": "1964"
        }, 
        {
            "champName": "Lux", 
            "downvotes": "1547", 
            "upvotes": "3152"
        }, 
        {
            "champName": "Ahri", 
            "downvotes": "1728", 
            "upvotes": "3407"
        }, 
        {
            "champName": "Veigar", 
            "downvotes": "656", 
            "upvotes": "1331"
        }, 
        {
            "champName": "Twisted Fate", 
            "downvotes": "528", 
            "upvotes": "1072"
        }
    ], 
    "ChampionImageLocation": "http://www.solomid.net/guide/champ/kassadin.png", 
    "GoodWith": [
        {
            "champName": "Diana", 
            "downvotes": "654", 
            "upvotes": "1054"
        }, 
        {
            "champName": "Aatrox", 
            "downvotes": "152", 
            "upvotes": "260"
        }, 
        {
            "champName": "Lee Sin", 
            "downvotes": "315", 
            "upvotes": "440"
        }, 
        {
            "champName": "Ahri", 
            "downvotes": "53", 
            "upvotes": "91"
        }, 
        {
            "champName": "Akali", 
            "downvotes": "40", 
            "upvotes": "72"
        }, 
        {
            "champName": "Amumu", 
            "downvotes": "150", 
            "upvotes": "202"
        }, 
        {
            "champName": "Cho'Gath", 
            "downvotes": "129", 
            "upvotes": "174"
        }, 
        {
            "champName": "Kha'Zix", 
            "downvotes": "323", 
            "upvotes": "392"
        }, 
        {
            "champName": "Maokai", 
            "downvotes": "213", 
            "upvotes": "251"
        }, 
        {
            "champName": "Ashe", 
            "downvotes": "106", 
            "upvotes": "114"
        }
    ]
}