{
    "ChampionName": {
        "lower": "kassadin", 
        "pretty": "Kassadin"
    }, 
    "WeakAgainst": [
        {
            "champName": "Talon", 
            "downvotes": "2561", 
            "upvotes": "11659"
        }, 
        {
            "champName": "Pantheon", 
            "downvotes": "775", 
            "upvotes": "2538"
        }, 
        {
            "champName": "Heimerdinger", 
            "downvotes": "748", 
            "upvotes": "1829"
        }, 
        {
            "champName": "Kha'Zix", 
            "downvotes": "981", 
            "upvotes": "2189"
        }, 
        {
            "champName": "Mordekaiser", 
            "downvotes": "1259", 
            "upvotes": "2779"
        }, 
        {
            "champName": "LeBlanc", 
            "downvotes": "158", 
            "upvotes": "417"
        }, 
        {
            "champName": "Kayle", 
            "downvotes": "245", 
            "upvotes": "582"
        }, 
        {
            "champName": "Sion", 
            "downvotes": "641", 
            "upvotes": "1359"
        }, 
        {
            "champName": "Gangplank", 
            "downvotes": "564", 
            "upvotes": "1202"
        }, 
        {
            "champName": "Yasuo", 
            "downvotes": "190", 
            "upvotes": "451"
        }
    ], 
    "StrongAgainst": [
        {
            "champName": "Karthus", 
            "downvotes": "1058", 
            "upvotes": "4588"
        }, 
        {
            "champName": "Lissandra", 
            "downvotes": "901", 
            "upvotes": "2897"
        }, 
        {
            "champName": "Brand", 
            "downvotes": "1320", 
            "upvotes": "3425"
        }, 
        {
            "champName": "Vel'Koz", 
            "downvotes": "130", 
            "upvotes": "358"
        }, 
        {
            "champName": "Katarina", 
            "downvotes": "1994", 
            "upvotes": "4247"
        }, 
        {
            "champName": "Elise", 
            "downvotes": "929", 
            "upvotes": "1965"
        }, 
        {
            "champName": "Lux", 
            "downvotes": "1551", 
            "upvotes": "3151"
        }, 
        {
            "champName": "Ahri", 
            "downvotes": "1732", 
            "upvotes": "3410"
        }, 
        {
            "champName": "Veigar", 
            "downvotes": "656", 
            "upvotes": "1336"
        }, 
        {
            "champName": "Twisted Fate", 
            "downvotes": "528", 
            "upvotes": "1072"
        }
    ], 
    "ChampionImageLocation": "http://www.solomid.net/guide/champ/kassadin.png", 
    "GoodWith": [
        {
            "champName": "Diana", 
            "downvotes": "652", 
            "upvotes": "1057"
        }, 
        {
            "champName": "Aatrox", 
            "downvotes": "154", 
            "upvotes": "259"
        }, 
        {
            "champName": "Lee Sin", 
            "downvotes": "317", 
            "upvotes": "440"
        }, 
        {
            "champName": "Ahri", 
            "downvotes": "52", 
            "upvotes": "92"
        }, 
        {
            "champName": "Amumu", 
            "downvotes": "150", 
            "upvotes": "204"
        }, 
        {
            "champName": "Akali", 
            "downvotes": "40", 
            "upvotes": "72"
        }, 
        {
            "champName": "Cho'Gath", 
            "downvotes": "130", 
            "upvotes": "173"
        }, 
        {
            "champName": "Kha'Zix", 
            "downvotes": "323", 
            "upvotes": "394"
        }, 
        {
            "champName": "Maokai", 
            "downvotes": "213", 
            "upvotes": "251"
        }, 
        {
            "champName": "Ashe", 
            "downvotes": "106", 
            "upvotes": "114"
        }
    ]
}