{
    "ChampionName": {
        "lower": "kassadin", 
        "pretty": "Kassadin"
    }, 
    "WeakAgainst": [
        {
            "champName": "Talon", 
            "downvotes": "2561", 
            "upvotes": "11670"
        }, 
        {
            "champName": "Pantheon", 
            "downvotes": "775", 
            "upvotes": "2539"
        }, 
        {
            "champName": "Heimerdinger", 
            "downvotes": "749", 
            "upvotes": "1835"
        }, 
        {
            "champName": "Kha'Zix", 
            "downvotes": "981", 
            "upvotes": "2192"
        }, 
        {
            "champName": "Mordekaiser", 
            "downvotes": "1260", 
            "upvotes": "2778"
        }, 
        {
            "champName": "LeBlanc", 
            "downvotes": "159", 
            "upvotes": "417"
        }, 
        {
            "champName": "Kayle", 
            "downvotes": "244", 
            "upvotes": "584"
        }, 
        {
            "champName": "Sion", 
            "downvotes": "641", 
            "upvotes": "1363"
        }, 
        {
            "champName": "Gangplank", 
            "downvotes": "564", 
            "upvotes": "1202"
        }, 
        {
            "champName": "Yasuo", 
            "downvotes": "190", 
            "upvotes": "452"
        }
    ], 
    "StrongAgainst": [
        {
            "champName": "Karthus", 
            "downvotes": "1059", 
            "upvotes": "4590"
        }, 
        {
            "champName": "Lissandra", 
            "downvotes": "902", 
            "upvotes": "2902"
        }, 
        {
            "champName": "Brand", 
            "downvotes": "1326", 
            "upvotes": "3428"
        }, 
        {
            "champName": "Vel'Koz", 
            "downvotes": "130", 
            "upvotes": "358"
        }, 
        {
            "champName": "Katarina", 
            "downvotes": "1998", 
            "upvotes": "4251"
        }, 
        {
            "champName": "Elise", 
            "downvotes": "932", 
            "upvotes": "1965"
        }, 
        {
            "champName": "Lux", 
            "downvotes": "1552", 
            "upvotes": "3156"
        }, 
        {
            "champName": "Ahri", 
            "downvotes": "1736", 
            "upvotes": "3412"
        }, 
        {
            "champName": "Veigar", 
            "downvotes": "659", 
            "upvotes": "1338"
        }, 
        {
            "champName": "Twisted Fate", 
            "downvotes": "528", 
            "upvotes": "1073"
        }
    ], 
    "ChampionImageLocation": "http://www.solomid.net/guide/champ/kassadin.png", 
    "GoodWith": [
        {
            "champName": "Diana", 
            "downvotes": "655", 
            "upvotes": "1056"
        }, 
        {
            "champName": "Aatrox", 
            "downvotes": "154", 
            "upvotes": "259"
        }, 
        {
            "champName": "Lee Sin", 
            "downvotes": "315", 
            "upvotes": "442"
        }, 
        {
            "champName": "Ahri", 
            "downvotes": "52", 
            "upvotes": "92"
        }, 
        {
            "champName": "Amumu", 
            "downvotes": "150", 
            "upvotes": "206"
        }, 
        {
            "champName": "Akali", 
            "downvotes": "40", 
            "upvotes": "72"
        }, 
        {
            "champName": "Cho'Gath", 
            "downvotes": "130", 
            "upvotes": "173"
        }, 
        {
            "champName": "Kha'Zix", 
            "downvotes": "324", 
            "upvotes": "393"
        }, 
        {
            "champName": "Maokai", 
            "downvotes": "214", 
            "upvotes": "250"
        }, 
        {
            "champName": "Soraka", 
            "downvotes": "8", 
            "upvotes": "25"
        }
    ]
}