{
    "ChampionName": {
        "lower": "katarina", 
        "pretty": "Katarina"
    }, 
    "WeakAgainst": [
        {
            "champName": "Diana", 
            "downvotes": "2911", 
            "upvotes": "12041"
        }, 
        {
            "champName": "Fiddlesticks", 
            "downvotes": "911", 
            "upvotes": "3342"
        }, 
        {
            "champName": "Lissandra", 
            "downvotes": "813", 
            "upvotes": "2670"
        }, 
        {
            "champName": "Malzahar", 
            "downvotes": "1507", 
            "upvotes": "3825"
        }, 
        {
            "champName": "Cho'Gath", 
            "downvotes": "611", 
            "upvotes": "1596"
        }, 
        {
            "champName": "Alistar", 
            "downvotes": "445", 
            "upvotes": "1137"
        }, 
        {
            "champName": "Vi", 
            "downvotes": "321", 
            "upvotes": "843"
        }, 
        {
            "champName": "Heimerdinger", 
            "downvotes": "439", 
            "upvotes": "1108"
        }, 
        {
            "champName": "Kayle", 
            "downvotes": "385", 
            "upvotes": "978"
        }, 
        {
            "champName": "Talon", 
            "downvotes": "619", 
            "upvotes": "1476"
        }
    ], 
    "StrongAgainst": [
        {
            "champName": "Karthus", 
            "downvotes": "1171", 
            "upvotes": "3646"
        }, 
        {
            "champName": "Vel'Koz", 
            "downvotes": "321", 
            "upvotes": "844"
        }, 
        {
            "champName": "Vel'Koz", 
            "downvotes": "44", 
            "upvotes": "180"
        }, 
        {
            "champName": "Teemo", 
            "downvotes": "531", 
            "upvotes": "924"
        }, 
        {
            "champName": "Lux", 
            "downvotes": "3485", 
            "upvotes": "5397"
        }, 
        {
            "champName": "Aatrox", 
            "downvotes": "72", 
            "upvotes": "171"
        }, 
        {
            "champName": "Akali", 
            "downvotes": "1242", 
            "upvotes": "1913"
        }, 
        {
            "champName": "Yasuo", 
            "downvotes": "229", 
            "upvotes": "394"
        }, 
        {
            "champName": "Zyra", 
            "downvotes": "1078", 
            "upvotes": "1626"
        }, 
        {
            "champName": "Zed", 
            "downvotes": "87", 
            "upvotes": "184"
        }
    ], 
    "ChampionImageLocation": "http://www.solomid.net/guide/champ/katarina.png", 
    "GoodWith": [
        {
            "champName": "Sona", 
            "downvotes": "22", 
            "upvotes": "170"
        }, 
        {
            "champName": "Amumu", 
            "downvotes": "591", 
            "upvotes": "2459"
        }, 
        {
            "champName": "Leona", 
            "downvotes": "26", 
            "upvotes": "148"
        }, 
        {
            "champName": "Orianna", 
            "downvotes": "26", 
            "upvotes": "126"
        }, 
        {
            "champName": "Aatrox", 
            "downvotes": "24", 
            "upvotes": "99"
        }, 
        {
            "champName": "Nunu", 
            "downvotes": "27", 
            "upvotes": "99"
        }, 
        {
            "champName": "Galio", 
            "downvotes": "466", 
            "upvotes": "990"
        }, 
        {
            "champName": "Darius", 
            "downvotes": "28", 
            "upvotes": "96"
        }, 
        {
            "champName": "Wukong", 
            "downvotes": "202", 
            "upvotes": "427"
        }, 
        {
            "champName": "Ahri", 
            "downvotes": "31", 
            "upvotes": "98"
        }
    ]
}