{
    "ChampionName": {
        "lower": "katarina", 
        "pretty": "Katarina"
    }, 
    "WeakAgainst": [
        {
            "champName": "Diana", 
            "downvotes": "2920", 
            "upvotes": "12089"
        }, 
        {
            "champName": "Fiddlesticks", 
            "downvotes": "917", 
            "upvotes": "3359"
        }, 
        {
            "champName": "Lissandra", 
            "downvotes": "817", 
            "upvotes": "2687"
        }, 
        {
            "champName": "Malzahar", 
            "downvotes": "1513", 
            "upvotes": "3836"
        }, 
        {
            "champName": "Cho'Gath", 
            "downvotes": "611", 
            "upvotes": "1599"
        }, 
        {
            "champName": "Alistar", 
            "downvotes": "445", 
            "upvotes": "1141"
        }, 
        {
            "champName": "Vi", 
            "downvotes": "321", 
            "upvotes": "846"
        }, 
        {
            "champName": "Heimerdinger", 
            "downvotes": "441", 
            "upvotes": "1122"
        }, 
        {
            "champName": "Kayle", 
            "downvotes": "385", 
            "upvotes": "983"
        }, 
        {
            "champName": "Talon", 
            "downvotes": "623", 
            "upvotes": "1482"
        }
    ], 
    "StrongAgainst": [
        {
            "champName": "Karthus", 
            "downvotes": "1176", 
            "upvotes": "3656"
        }, 
        {
            "champName": "Vel'Koz", 
            "downvotes": "324", 
            "upvotes": "857"
        }, 
        {
            "champName": "Vel'Koz", 
            "downvotes": "45", 
            "upvotes": "181"
        }, 
        {
            "champName": "Teemo", 
            "downvotes": "540", 
            "upvotes": "934"
        }, 
        {
            "champName": "Aatrox", 
            "downvotes": "72", 
            "upvotes": "173"
        }, 
        {
            "champName": "Lux", 
            "downvotes": "3496", 
            "upvotes": "5410"
        }, 
        {
            "champName": "Akali", 
            "downvotes": "1263", 
            "upvotes": "1921"
        }, 
        {
            "champName": "Yasuo", 
            "downvotes": "230", 
            "upvotes": "397"
        }, 
        {
            "champName": "Zed", 
            "downvotes": "88", 
            "upvotes": "188"
        }, 
        {
            "champName": "Zyra", 
            "downvotes": "1078", 
            "upvotes": "1631"
        }
    ], 
    "ChampionImageLocation": "http://www.solomid.net/guide/champ/katarina.png", 
    "GoodWith": [
        {
            "champName": "Sona", 
            "downvotes": "21", 
            "upvotes": "171"
        }, 
        {
            "champName": "Amumu", 
            "downvotes": "591", 
            "upvotes": "2463"
        }, 
        {
            "champName": "Leona", 
            "downvotes": "27", 
            "upvotes": "147"
        }, 
        {
            "champName": "Orianna", 
            "downvotes": "26", 
            "upvotes": "126"
        }, 
        {
            "champName": "Aatrox", 
            "downvotes": "24", 
            "upvotes": "99"
        }, 
        {
            "champName": "Nunu", 
            "downvotes": "28", 
            "upvotes": "98"
        }, 
        {
            "champName": "Galio", 
            "downvotes": "467", 
            "upvotes": "992"
        }, 
        {
            "champName": "Ahri", 
            "downvotes": "30", 
            "upvotes": "100"
        }, 
        {
            "champName": "Darius", 
            "downvotes": "29", 
            "upvotes": "95"
        }, 
        {
            "champName": "Wukong", 
            "downvotes": "204", 
            "upvotes": "429"
        }
    ]
}