{
    "ChampionName": {
        "lower": "kayle", 
        "pretty": "Kayle"
    }, 
    "WeakAgainst": [
        {
            "champName": "Pantheon", 
            "downvotes": "982", 
            "upvotes": "2103"
        }, 
        {
            "champName": "Anivia", 
            "downvotes": "643", 
            "upvotes": "1208"
        }, 
        {
            "champName": "Gragas", 
            "downvotes": "528", 
            "upvotes": "972"
        }, 
        {
            "champName": "Xin Zhao", 
            "downvotes": "530", 
            "upvotes": "907"
        }, 
        {
            "champName": "Ziggs", 
            "downvotes": "240", 
            "upvotes": "417"
        }, 
        {
            "champName": "Annie", 
            "downvotes": "385", 
            "upvotes": "622"
        }, 
        {
            "champName": "Malzahar", 
            "downvotes": "287", 
            "upvotes": "477"
        }, 
        {
            "champName": "LeBlanc", 
            "downvotes": "143", 
            "upvotes": "266"
        }, 
        {
            "champName": "Jarvan IV", 
            "downvotes": "607", 
            "upvotes": "914"
        }, 
        {
            "champName": "Aatrox", 
            "downvotes": "128", 
            "upvotes": "229"
        }
    ], 
    "StrongAgainst": [
        {
            "champName": "Zed", 
            "downvotes": "1212", 
            "upvotes": "5364"
        }, 
        {
            "champName": "Darius", 
            "downvotes": "1579", 
            "upvotes": "5856"
        }, 
        {
            "champName": "Yasuo", 
            "downvotes": "446", 
            "upvotes": "1430"
        }, 
        {
            "champName": "Zed", 
            "downvotes": "868", 
            "upvotes": "2524"
        }, 
        {
            "champName": "Singed", 
            "downvotes": "534", 
            "upvotes": "1523"
        }, 
        {
            "champName": "Yasuo", 
            "downvotes": "96", 
            "upvotes": "340"
        }, 
        {
            "champName": "Katarina", 
            "downvotes": "384", 
            "upvotes": "981"
        }, 
        {
            "champName": "Olaf", 
            "downvotes": "617", 
            "upvotes": "1478"
        }, 
        {
            "champName": "Fizz", 
            "downvotes": "815", 
            "upvotes": "1863"
        }, 
        {
            "champName": "Kassadin", 
            "downvotes": "245", 
            "upvotes": "582"
        }
    ], 
    "ChampionImageLocation": "http://www.solomid.net/guide/champ/kayle.png", 
    "GoodWith": [
        {
            "champName": "Aatrox", 
            "downvotes": "55", 
            "upvotes": "127"
        }, 
        {
            "champName": "Ezreal", 
            "downvotes": "225", 
            "upvotes": "403"
        }, 
        {
            "champName": "Draven", 
            "downvotes": "26", 
            "upvotes": "74"
        }, 
        {
            "champName": "Vayne", 
            "downvotes": "53", 
            "upvotes": "117"
        }, 
        {
            "champName": "Jinx", 
            "downvotes": "6", 
            "upvotes": "40"
        }, 
        {
            "champName": "Katarina", 
            "downvotes": "292", 
            "upvotes": "468"
        }, 
        {
            "champName": "Caitlyn", 
            "downvotes": "49", 
            "upvotes": "103"
        }, 
        {
            "champName": "Karthus", 
            "downvotes": "514", 
            "upvotes": "781"
        }, 
        {
            "champName": "Quinn", 
            "downvotes": "0", 
            "upvotes": "28"
        }, 
        {
            "champName": "Tryndamere", 
            "downvotes": "333", 
            "upvotes": "493"
        }
    ]
}