{
    "ChampionName": {
        "lower": "kayle", 
        "pretty": "Kayle"
    }, 
    "WeakAgainst": [
        {
            "champName": "Pantheon", 
            "downvotes": "984", 
            "upvotes": "2111"
        }, 
        {
            "champName": "Anivia", 
            "downvotes": "647", 
            "upvotes": "1210"
        }, 
        {
            "champName": "Gragas", 
            "downvotes": "527", 
            "upvotes": "975"
        }, 
        {
            "champName": "Xin Zhao", 
            "downvotes": "531", 
            "upvotes": "910"
        }, 
        {
            "champName": "Ziggs", 
            "downvotes": "245", 
            "upvotes": "419"
        }, 
        {
            "champName": "Annie", 
            "downvotes": "385", 
            "upvotes": "624"
        }, 
        {
            "champName": "Malzahar", 
            "downvotes": "287", 
            "upvotes": "480"
        }, 
        {
            "champName": "LeBlanc", 
            "downvotes": "144", 
            "upvotes": "268"
        }, 
        {
            "champName": "Jarvan IV", 
            "downvotes": "608", 
            "upvotes": "913"
        }, 
        {
            "champName": "Aatrox", 
            "downvotes": "127", 
            "upvotes": "230"
        }
    ], 
    "StrongAgainst": [
        {
            "champName": "Zed", 
            "downvotes": "1214", 
            "upvotes": "5386"
        }, 
        {
            "champName": "Darius", 
            "downvotes": "1582", 
            "upvotes": "5861"
        }, 
        {
            "champName": "Yasuo", 
            "downvotes": "446", 
            "upvotes": "1438"
        }, 
        {
            "champName": "Zed", 
            "downvotes": "869", 
            "upvotes": "2539"
        }, 
        {
            "champName": "Singed", 
            "downvotes": "534", 
            "upvotes": "1525"
        }, 
        {
            "champName": "Yasuo", 
            "downvotes": "97", 
            "upvotes": "343"
        }, 
        {
            "champName": "Katarina", 
            "downvotes": "385", 
            "upvotes": "983"
        }, 
        {
            "champName": "Olaf", 
            "downvotes": "618", 
            "upvotes": "1479"
        }, 
        {
            "champName": "Fizz", 
            "downvotes": "816", 
            "upvotes": "1870"
        }, 
        {
            "champName": "Kassadin", 
            "downvotes": "244", 
            "upvotes": "584"
        }
    ], 
    "ChampionImageLocation": "http://www.solomid.net/guide/champ/kayle.png", 
    "GoodWith": [
        {
            "champName": "Aatrox", 
            "downvotes": "55", 
            "upvotes": "127"
        }, 
        {
            "champName": "Ezreal", 
            "downvotes": "225", 
            "upvotes": "403"
        }, 
        {
            "champName": "Vayne", 
            "downvotes": "53", 
            "upvotes": "117"
        }, 
        {
            "champName": "Draven", 
            "downvotes": "27", 
            "upvotes": "73"
        }, 
        {
            "champName": "Katarina", 
            "downvotes": "293", 
            "upvotes": "468"
        }, 
        {
            "champName": "Karthus", 
            "downvotes": "513", 
            "upvotes": "783"
        }, 
        {
            "champName": "Caitlyn", 
            "downvotes": "50", 
            "upvotes": "102"
        }, 
        {
            "champName": "Jinx", 
            "downvotes": "7", 
            "upvotes": "39"
        }, 
        {
            "champName": "Tryndamere", 
            "downvotes": "334", 
            "upvotes": "492"
        }, 
        {
            "champName": "Quinn", 
            "downvotes": "1", 
            "upvotes": "28"
        }
    ]
}