{
    "ChampionName": {
        "lower": "kayle", 
        "pretty": "Kayle"
    }, 
    "WeakAgainst": [
        {
            "champName": "Pantheon", 
            "downvotes": "975", 
            "upvotes": "2103"
        }, 
        {
            "champName": "Anivia", 
            "downvotes": "641", 
            "upvotes": "1206"
        }, 
        {
            "champName": "Gragas", 
            "downvotes": "524", 
            "upvotes": "967"
        }, 
        {
            "champName": "Xin Zhao", 
            "downvotes": "530", 
            "upvotes": "906"
        }, 
        {
            "champName": "LeBlanc", 
            "downvotes": "138", 
            "upvotes": "266"
        }, 
        {
            "champName": "Ziggs", 
            "downvotes": "240", 
            "upvotes": "414"
        }, 
        {
            "champName": "Annie", 
            "downvotes": "385", 
            "upvotes": "621"
        }, 
        {
            "champName": "Malzahar", 
            "downvotes": "287", 
            "upvotes": "477"
        }, 
        {
            "champName": "Jarvan IV", 
            "downvotes": "607", 
            "upvotes": "913"
        }, 
        {
            "champName": "Aatrox", 
            "downvotes": "127", 
            "upvotes": "230"
        }
    ], 
    "StrongAgainst": [
        {
            "champName": "Zed", 
            "downvotes": "1208", 
            "upvotes": "5329"
        }, 
        {
            "champName": "Darius", 
            "downvotes": "1577", 
            "upvotes": "5839"
        }, 
        {
            "champName": "Yasuo", 
            "downvotes": "444", 
            "upvotes": "1421"
        }, 
        {
            "champName": "Zed", 
            "downvotes": "864", 
            "upvotes": "2508"
        }, 
        {
            "champName": "Singed", 
            "downvotes": "535", 
            "upvotes": "1522"
        }, 
        {
            "champName": "Yasuo", 
            "downvotes": "96", 
            "upvotes": "337"
        }, 
        {
            "champName": "Katarina", 
            "downvotes": "385", 
            "upvotes": "978"
        }, 
        {
            "champName": "Olaf", 
            "downvotes": "614", 
            "upvotes": "1474"
        }, 
        {
            "champName": "Fizz", 
            "downvotes": "815", 
            "upvotes": "1854"
        }, 
        {
            "champName": "Kassadin", 
            "downvotes": "244", 
            "upvotes": "582"
        }
    ], 
    "ChampionImageLocation": "http://www.solomid.net/guide/champ/kayle.png", 
    "GoodWith": [
        {
            "champName": "Aatrox", 
            "downvotes": "55", 
            "upvotes": "127"
        }, 
        {
            "champName": "Ezreal", 
            "downvotes": "224", 
            "upvotes": "402"
        }, 
        {
            "champName": "Jinx", 
            "downvotes": "5", 
            "upvotes": "41"
        }, 
        {
            "champName": "Draven", 
            "downvotes": "26", 
            "upvotes": "74"
        }, 
        {
            "champName": "Vayne", 
            "downvotes": "53", 
            "upvotes": "117"
        }, 
        {
            "champName": "Caitlyn", 
            "downvotes": "48", 
            "upvotes": "103"
        }, 
        {
            "champName": "Katarina", 
            "downvotes": "290", 
            "upvotes": "468"
        }, 
        {
            "champName": "Karthus", 
            "downvotes": "510", 
            "upvotes": "783"
        }, 
        {
            "champName": "Tryndamere", 
            "downvotes": "332", 
            "upvotes": "493"
        }, 
        {
            "champName": "Varus", 
            "downvotes": "28", 
            "upvotes": "63"
        }
    ]
}