{
    "ChampionName": {
        "lower": "kennen", 
        "pretty": "Kennen"
    }, 
    "WeakAgainst": [
        {
            "champName": "Janna", 
            "downvotes": "549", 
            "upvotes": "1586"
        }, 
        {
            "champName": "Yorick", 
            "downvotes": "438", 
            "upvotes": "935"
        }, 
        {
            "champName": "Ryze", 
            "downvotes": "1367", 
            "upvotes": "2533"
        }, 
        {
            "champName": "Swain", 
            "downvotes": "578", 
            "upvotes": "1065"
        }, 
        {
            "champName": "Aatrox", 
            "downvotes": "109", 
            "upvotes": "229"
        }, 
        {
            "champName": "Pantheon", 
            "downvotes": "71", 
            "upvotes": "159"
        }, 
        {
            "champName": "LeBlanc", 
            "downvotes": "298", 
            "upvotes": "465"
        }, 
        {
            "champName": "Elise", 
            "downvotes": "95", 
            "upvotes": "183"
        }, 
        {
            "champName": "Lux", 
            "downvotes": "194", 
            "upvotes": "315"
        }, 
        {
            "champName": "Diana", 
            "downvotes": "106", 
            "upvotes": "194"
        }
    ], 
    "StrongAgainst": [
        {
            "champName": "Riven", 
            "downvotes": "1347", 
            "upvotes": "3045"
        }, 
        {
            "champName": "Olaf", 
            "downvotes": "1197", 
            "upvotes": "2592"
        }, 
        {
            "champName": "Singed", 
            "downvotes": "568", 
            "upvotes": "1259"
        }, 
        {
            "champName": "Darius", 
            "downvotes": "721", 
            "upvotes": "1425"
        }, 
        {
            "champName": "Nasus", 
            "downvotes": "163", 
            "upvotes": "353"
        }, 
        {
            "champName": "Katarina", 
            "downvotes": "451", 
            "upvotes": "813"
        }, 
        {
            "champName": "Akali", 
            "downvotes": "181", 
            "upvotes": "365"
        }, 
        {
            "champName": "Tryndamere", 
            "downvotes": "76", 
            "upvotes": "185"
        }, 
        {
            "champName": "Jax", 
            "downvotes": "284", 
            "upvotes": "516"
        }, 
        {
            "champName": "Renekton", 
            "downvotes": "638", 
            "upvotes": "1078"
        }
    ], 
    "ChampionImageLocation": "http://www.solomid.net/guide/champ/kennen.png", 
    "GoodWith": [
        {
            "champName": "Amumu", 
            "downvotes": "403", 
            "upvotes": "826"
        }, 
        {
            "champName": "Jarvan IV", 
            "downvotes": "78", 
            "upvotes": "184"
        }, 
        {
            "champName": "Malphite", 
            "downvotes": "58", 
            "upvotes": "140"
        }, 
        {
            "champName": "Katarina", 
            "downvotes": "31", 
            "upvotes": "91"
        }, 
        {
            "champName": "Orianna", 
            "downvotes": "21", 
            "upvotes": "67"
        }, 
        {
            "champName": "Vladimir", 
            "downvotes": "527", 
            "upvotes": "874"
        }, 
        {
            "champName": "Leona", 
            "downvotes": "63", 
            "upvotes": "124"
        }, 
        {
            "champName": "Blitzcrank", 
            "downvotes": "5", 
            "upvotes": "37"
        }, 
        {
            "champName": "Fiddlesticks", 
            "downvotes": "212", 
            "upvotes": "341"
        }, 
        {
            "champName": "Galio", 
            "downvotes": "162", 
            "upvotes": "262"
        }
    ]
}