{
    "ChampionName": {
        "lower": "kennen", 
        "pretty": "Kennen"
    }, 
    "WeakAgainst": [
        {
            "champName": "Janna", 
            "downvotes": "548", 
            "upvotes": "1590"
        }, 
        {
            "champName": "Yorick", 
            "downvotes": "438", 
            "upvotes": "938"
        }, 
        {
            "champName": "Ryze", 
            "downvotes": "1373", 
            "upvotes": "2536"
        }, 
        {
            "champName": "Swain", 
            "downvotes": "578", 
            "upvotes": "1066"
        }, 
        {
            "champName": "Aatrox", 
            "downvotes": "110", 
            "upvotes": "228"
        }, 
        {
            "champName": "Pantheon", 
            "downvotes": "73", 
            "upvotes": "158"
        }, 
        {
            "champName": "LeBlanc", 
            "downvotes": "300", 
            "upvotes": "465"
        }, 
        {
            "champName": "Lux", 
            "downvotes": "195", 
            "upvotes": "315"
        }, 
        {
            "champName": "Elise", 
            "downvotes": "96", 
            "upvotes": "182"
        }, 
        {
            "champName": "Diana", 
            "downvotes": "106", 
            "upvotes": "194"
        }
    ], 
    "StrongAgainst": [
        {
            "champName": "Riven", 
            "downvotes": "1350", 
            "upvotes": "3046"
        }, 
        {
            "champName": "Olaf", 
            "downvotes": "1198", 
            "upvotes": "2595"
        }, 
        {
            "champName": "Singed", 
            "downvotes": "569", 
            "upvotes": "1261"
        }, 
        {
            "champName": "Darius", 
            "downvotes": "724", 
            "upvotes": "1425"
        }, 
        {
            "champName": "Nasus", 
            "downvotes": "163", 
            "upvotes": "353"
        }, 
        {
            "champName": "Katarina", 
            "downvotes": "451", 
            "upvotes": "813"
        }, 
        {
            "champName": "Akali", 
            "downvotes": "182", 
            "upvotes": "365"
        }, 
        {
            "champName": "Jax", 
            "downvotes": "283", 
            "upvotes": "522"
        }, 
        {
            "champName": "Tryndamere", 
            "downvotes": "76", 
            "upvotes": "186"
        }, 
        {
            "champName": "Renekton", 
            "downvotes": "638", 
            "upvotes": "1085"
        }
    ], 
    "ChampionImageLocation": "http://www.solomid.net/guide/champ/kennen.png", 
    "GoodWith": [
        {
            "champName": "Amumu", 
            "downvotes": "404", 
            "upvotes": "826"
        }, 
        {
            "champName": "Jarvan IV", 
            "downvotes": "77", 
            "upvotes": "186"
        }, 
        {
            "champName": "Malphite", 
            "downvotes": "57", 
            "upvotes": "141"
        }, 
        {
            "champName": "Katarina", 
            "downvotes": "32", 
            "upvotes": "90"
        }, 
        {
            "champName": "Vladimir", 
            "downvotes": "525", 
            "upvotes": "877"
        }, 
        {
            "champName": "Orianna", 
            "downvotes": "22", 
            "upvotes": "66"
        }, 
        {
            "champName": "Leona", 
            "downvotes": "63", 
            "upvotes": "124"
        }, 
        {
            "champName": "Fiddlesticks", 
            "downvotes": "210", 
            "upvotes": "343"
        }, 
        {
            "champName": "Galio", 
            "downvotes": "163", 
            "upvotes": "261"
        }, 
        {
            "champName": "Akali", 
            "downvotes": "50", 
            "upvotes": "97"
        }
    ]
}