{
    "ChampionName": {
        "lower": "kennen", 
        "pretty": "Kennen"
    }, 
    "WeakAgainst": [
        {
            "champName": "Janna", 
            "downvotes": "549", 
            "upvotes": "1585"
        }, 
        {
            "champName": "Yorick", 
            "downvotes": "437", 
            "upvotes": "936"
        }, 
        {
            "champName": "Ryze", 
            "downvotes": "1366", 
            "upvotes": "2530"
        }, 
        {
            "champName": "Swain", 
            "downvotes": "578", 
            "upvotes": "1064"
        }, 
        {
            "champName": "Aatrox", 
            "downvotes": "109", 
            "upvotes": "228"
        }, 
        {
            "champName": "Pantheon", 
            "downvotes": "71", 
            "upvotes": "158"
        }, 
        {
            "champName": "LeBlanc", 
            "downvotes": "300", 
            "upvotes": "463"
        }, 
        {
            "champName": "Elise", 
            "downvotes": "95", 
            "upvotes": "183"
        }, 
        {
            "champName": "Lux", 
            "downvotes": "194", 
            "upvotes": "315"
        }, 
        {
            "champName": "Irelia", 
            "downvotes": "371", 
            "upvotes": "540"
        }
    ], 
    "StrongAgainst": [
        {
            "champName": "Riven", 
            "downvotes": "1347", 
            "upvotes": "3042"
        }, 
        {
            "champName": "Olaf", 
            "downvotes": "1198", 
            "upvotes": "2584"
        }, 
        {
            "champName": "Singed", 
            "downvotes": "565", 
            "upvotes": "1259"
        }, 
        {
            "champName": "Darius", 
            "downvotes": "718", 
            "upvotes": "1423"
        }, 
        {
            "champName": "Nasus", 
            "downvotes": "163", 
            "upvotes": "353"
        }, 
        {
            "champName": "Katarina", 
            "downvotes": "452", 
            "upvotes": "812"
        }, 
        {
            "champName": "Akali", 
            "downvotes": "182", 
            "upvotes": "363"
        }, 
        {
            "champName": "Jax", 
            "downvotes": "284", 
            "upvotes": "516"
        }, 
        {
            "champName": "Tryndamere", 
            "downvotes": "76", 
            "upvotes": "184"
        }, 
        {
            "champName": "Renekton", 
            "downvotes": "638", 
            "upvotes": "1074"
        }
    ], 
    "ChampionImageLocation": "http://www.solomid.net/guide/champ/kennen.png", 
    "GoodWith": [
        {
            "champName": "Amumu", 
            "downvotes": "404", 
            "upvotes": "825"
        }, 
        {
            "champName": "Jarvan IV", 
            "downvotes": "76", 
            "upvotes": "185"
        }, 
        {
            "champName": "Malphite", 
            "downvotes": "58", 
            "upvotes": "140"
        }, 
        {
            "champName": "Katarina", 
            "downvotes": "32", 
            "upvotes": "90"
        }, 
        {
            "champName": "Orianna", 
            "downvotes": "21", 
            "upvotes": "67"
        }, 
        {
            "champName": "Vladimir", 
            "downvotes": "525", 
            "upvotes": "874"
        }, 
        {
            "champName": "Leona", 
            "downvotes": "62", 
            "upvotes": "125"
        }, 
        {
            "champName": "Blitzcrank", 
            "downvotes": "5", 
            "upvotes": "37"
        }, 
        {
            "champName": "Fiddlesticks", 
            "downvotes": "212", 
            "upvotes": "341"
        }, 
        {
            "champName": "Galio", 
            "downvotes": "163", 
            "upvotes": "261"
        }
    ]
}