{
    "ChampionName": {
        "lower": "khazix", 
        "pretty": "Kha'Zix"
    }, 
    "WeakAgainst": [
        {
            "champName": "Lee Sin", 
            "downvotes": "2121", 
            "upvotes": "5942"
        }, 
        {
            "champName": "Yorick", 
            "downvotes": "482", 
            "upvotes": "1197"
        }, 
        {
            "champName": "Pantheon", 
            "downvotes": "551", 
            "upvotes": "1161"
        }, 
        {
            "champName": "Jax", 
            "downvotes": "932", 
            "upvotes": "1786"
        }, 
        {
            "champName": "Jayce", 
            "downvotes": "932", 
            "upvotes": "1780"
        }, 
        {
            "champName": "Rengar", 
            "downvotes": "1327", 
            "upvotes": "2503"
        }, 
        {
            "champName": "Aatrox", 
            "downvotes": "131", 
            "upvotes": "310"
        }, 
        {
            "champName": "LeBlanc", 
            "downvotes": "124", 
            "upvotes": "296"
        }, 
        {
            "champName": "Kayle", 
            "downvotes": "162", 
            "upvotes": "361"
        }, 
        {
            "champName": "Fiora", 
            "downvotes": "94", 
            "upvotes": "227"
        }
    ], 
    "StrongAgainst": [
        {
            "champName": "Kassadin", 
            "downvotes": "981", 
            "upvotes": "2192"
        }, 
        {
            "champName": "Ashe", 
            "downvotes": "714", 
            "upvotes": "1547"
        }, 
        {
            "champName": "Yasuo", 
            "downvotes": "405", 
            "upvotes": "754"
        }, 
        {
            "champName": "Fizz", 
            "downvotes": "18", 
            "upvotes": "95"
        }, 
        {
            "champName": "Gragas", 
            "downvotes": "144", 
            "upvotes": "301"
        }, 
        {
            "champName": "Nidalee", 
            "downvotes": "110", 
            "upvotes": "239"
        }, 
        {
            "champName": "Zed", 
            "downvotes": "32", 
            "upvotes": "114"
        }, 
        {
            "champName": "Twisted Fate", 
            "downvotes": "493", 
            "upvotes": "843"
        }, 
        {
            "champName": "Nasus", 
            "downvotes": "94", 
            "upvotes": "206"
        }, 
        {
            "champName": "Zed", 
            "downvotes": "10", 
            "upvotes": "76"
        }
    ], 
    "ChampionImageLocation": "http://www.solomid.net/guide/champ/khazix.png", 
    "GoodWith": [
        {
            "champName": "Rengar", 
            "downvotes": "926", 
            "upvotes": "3002"
        }, 
        {
            "champName": "Aatrox", 
            "downvotes": "68", 
            "upvotes": "148"
        }, 
        {
            "champName": "Zed", 
            "downvotes": "19", 
            "upvotes": "63"
        }, 
        {
            "champName": "Lux", 
            "downvotes": "15", 
            "upvotes": "50"
        }, 
        {
            "champName": "Jarvan IV", 
            "downvotes": "24", 
            "upvotes": "62"
        }, 
        {
            "champName": "Xin Zhao", 
            "downvotes": "378", 
            "upvotes": "536"
        }, 
        {
            "champName": "Ahri", 
            "downvotes": "90", 
            "upvotes": "138"
        }, 
        {
            "champName": "Thresh", 
            "downvotes": "17", 
            "upvotes": "46"
        }, 
        {
            "champName": "Blitzcrank", 
            "downvotes": "266", 
            "upvotes": "350"
        }, 
        {
            "champName": "Gragas", 
            "downvotes": "117", 
            "upvotes": "164"
        }
    ]
}