{
    "ChampionName": {
        "lower": "khazix", 
        "pretty": "Kha'Zix"
    }, 
    "WeakAgainst": [
        {
            "champName": "Lee Sin", 
            "downvotes": "2117", 
            "upvotes": "5919"
        }, 
        {
            "champName": "Yorick", 
            "downvotes": "482", 
            "upvotes": "1193"
        }, 
        {
            "champName": "Pantheon", 
            "downvotes": "550", 
            "upvotes": "1156"
        }, 
        {
            "champName": "Jayce", 
            "downvotes": "926", 
            "upvotes": "1776"
        }, 
        {
            "champName": "Jax", 
            "downvotes": "930", 
            "upvotes": "1781"
        }, 
        {
            "champName": "Rengar", 
            "downvotes": "1321", 
            "upvotes": "2491"
        }, 
        {
            "champName": "Kayle", 
            "downvotes": "158", 
            "upvotes": "362"
        }, 
        {
            "champName": "LeBlanc", 
            "downvotes": "124", 
            "upvotes": "296"
        }, 
        {
            "champName": "Aatrox", 
            "downvotes": "130", 
            "upvotes": "306"
        }, 
        {
            "champName": "Swain", 
            "downvotes": "187", 
            "upvotes": "384"
        }
    ], 
    "StrongAgainst": [
        {
            "champName": "Kassadin", 
            "downvotes": "982", 
            "upvotes": "2185"
        }, 
        {
            "champName": "Ashe", 
            "downvotes": "711", 
            "upvotes": "1545"
        }, 
        {
            "champName": "Yasuo", 
            "downvotes": "403", 
            "upvotes": "753"
        }, 
        {
            "champName": "Gragas", 
            "downvotes": "141", 
            "upvotes": "300"
        }, 
        {
            "champName": "Fizz", 
            "downvotes": "18", 
            "upvotes": "93"
        }, 
        {
            "champName": "Twisted Fate", 
            "downvotes": "489", 
            "upvotes": "843"
        }, 
        {
            "champName": "Nidalee", 
            "downvotes": "110", 
            "upvotes": "238"
        }, 
        {
            "champName": "Nasus", 
            "downvotes": "92", 
            "upvotes": "207"
        }, 
        {
            "champName": "Ziggs", 
            "downvotes": "153", 
            "upvotes": "298"
        }, 
        {
            "champName": "Zed", 
            "downvotes": "33", 
            "upvotes": "112"
        }
    ], 
    "ChampionImageLocation": "http://www.solomid.net/guide/champ/khazix.png", 
    "GoodWith": [
        {
            "champName": "Rengar", 
            "downvotes": "924", 
            "upvotes": "3003"
        }, 
        {
            "champName": "Aatrox", 
            "downvotes": "68", 
            "upvotes": "146"
        }, 
        {
            "champName": "Zed", 
            "downvotes": "19", 
            "upvotes": "63"
        }, 
        {
            "champName": "Lux", 
            "downvotes": "15", 
            "upvotes": "50"
        }, 
        {
            "champName": "Jarvan IV", 
            "downvotes": "24", 
            "upvotes": "62"
        }, 
        {
            "champName": "Xin Zhao", 
            "downvotes": "378", 
            "upvotes": "535"
        }, 
        {
            "champName": "Ahri", 
            "downvotes": "90", 
            "upvotes": "138"
        }, 
        {
            "champName": "Thresh", 
            "downvotes": "17", 
            "upvotes": "46"
        }, 
        {
            "champName": "Blitzcrank", 
            "downvotes": "267", 
            "upvotes": "349"
        }, 
        {
            "champName": "Gragas", 
            "downvotes": "117", 
            "upvotes": "164"
        }
    ]
}