{
    "ChampionName": {
        "lower": "kogmaw", 
        "pretty": "Kog'Maw"
    }, 
    "WeakAgainst": [
        {
            "champName": "Jinx", 
            "downvotes": "669", 
            "upvotes": "1277"
        }, 
        {
            "champName": "Blitzcrank", 
            "downvotes": "424", 
            "upvotes": "825"
        }, 
        {
            "champName": "Akali", 
            "downvotes": "217", 
            "upvotes": "335"
        }, 
        {
            "champName": "Sivir", 
            "downvotes": "353", 
            "upvotes": "479"
        }, 
        {
            "champName": "LeBlanc", 
            "downvotes": "234", 
            "upvotes": "329"
        }, 
        {
            "champName": "Draven", 
            "downvotes": "337", 
            "upvotes": "376"
        }, 
        {
            "champName": "Miss Fortune", 
            "downvotes": "351", 
            "upvotes": "378"
        }, 
        {
            "champName": "Thresh", 
            "downvotes": "150", 
            "upvotes": "182"
        }, 
        {
            "champName": "Ahri", 
            "downvotes": "147", 
            "upvotes": "176"
        }, 
        {
            "champName": "Tristana", 
            "downvotes": "150", 
            "upvotes": "177"
        }
    ], 
    "StrongAgainst": [
        {
            "champName": "Dr. Mundo", 
            "downvotes": "524", 
            "upvotes": "1305"
        }, 
        {
            "champName": "Cho'Gath", 
            "downvotes": "404", 
            "upvotes": "790"
        }, 
        {
            "champName": "Caitlyn", 
            "downvotes": "1304", 
            "upvotes": "2370"
        }, 
        {
            "champName": "Ashe", 
            "downvotes": "522", 
            "upvotes": "842"
        }, 
        {
            "champName": "Vayne", 
            "downvotes": "397", 
            "upvotes": "589"
        }, 
        {
            "champName": "Draven", 
            "downvotes": "615", 
            "upvotes": "839"
        }, 
        {
            "champName": "Ezreal", 
            "downvotes": "358", 
            "upvotes": "435"
        }, 
        {
            "champName": "Varus", 
            "downvotes": "453", 
            "upvotes": "532"
        }, 
        {
            "champName": "Tristana", 
            "downvotes": "202", 
            "upvotes": "260"
        }, 
        {
            "champName": "Quinn", 
            "downvotes": "192", 
            "upvotes": "246"
        }
    ], 
    "ChampionImageLocation": "http://www.solomid.net/guide/champ/kogmaw.png", 
    "GoodWith": [
        {
            "champName": "Nunu", 
            "downvotes": "672", 
            "upvotes": "2674"
        }, 
        {
            "champName": "Sona", 
            "downvotes": "21", 
            "upvotes": "156"
        }, 
        {
            "champName": "Thresh", 
            "downvotes": "17", 
            "upvotes": "130"
        }, 
        {
            "champName": "Nami", 
            "downvotes": "27", 
            "upvotes": "152"
        }, 
        {
            "champName": "Leona", 
            "downvotes": "49", 
            "upvotes": "197"
        }, 
        {
            "champName": "Blitzcrank", 
            "downvotes": "33", 
            "upvotes": "120"
        }, 
        {
            "champName": "Alistar", 
            "downvotes": "43", 
            "upvotes": "113"
        }, 
        {
            "champName": "Soraka", 
            "downvotes": "311", 
            "upvotes": "563"
        }, 
        {
            "champName": "Taric", 
            "downvotes": "229", 
            "upvotes": "421"
        }, 
        {
            "champName": "Lulu", 
            "downvotes": "353", 
            "upvotes": "625"
        }
    ]
}