{
    "ChampionName": {
        "lower": "leblanc", 
        "pretty": "LeBlanc"
    }, 
    "WeakAgainst": [
        {
            "champName": "Galio", 
            "downvotes": "1076", 
            "upvotes": "4620"
        }, 
        {
            "champName": "Sion", 
            "downvotes": "639", 
            "upvotes": "1599"
        }, 
        {
            "champName": "Syndra", 
            "downvotes": "183", 
            "upvotes": "407"
        }, 
        {
            "champName": "Mordekaiser", 
            "downvotes": "1277", 
            "upvotes": "2207"
        }, 
        {
            "champName": "Akali", 
            "downvotes": "79", 
            "upvotes": "199"
        }, 
        {
            "champName": "Annie", 
            "downvotes": "107", 
            "upvotes": "240"
        }, 
        {
            "champName": "Yasuo", 
            "downvotes": "62", 
            "upvotes": "166"
        }, 
        {
            "champName": "Aatrox", 
            "downvotes": "176", 
            "upvotes": "345"
        }, 
        {
            "champName": "Kayle", 
            "downvotes": "170", 
            "upvotes": "329"
        }, 
        {
            "champName": "Yasuo", 
            "downvotes": "298", 
            "upvotes": "525"
        }
    ], 
    "StrongAgainst": [
        {
            "champName": "Vel'Koz", 
            "downvotes": "402", 
            "upvotes": "1914"
        }, 
        {
            "champName": "Ahri", 
            "downvotes": "3495", 
            "upvotes": "11004"
        }, 
        {
            "champName": "Karthus", 
            "downvotes": "508", 
            "upvotes": "1634"
        }, 
        {
            "champName": "Ziggs", 
            "downvotes": "1736", 
            "upvotes": "4593"
        }, 
        {
            "champName": "Yasuo", 
            "downvotes": "158", 
            "upvotes": "463"
        }, 
        {
            "champName": "Aatrox", 
            "downvotes": "27", 
            "upvotes": "149"
        }, 
        {
            "champName": "Yasuo", 
            "downvotes": "110", 
            "upvotes": "333"
        }, 
        {
            "champName": "Orianna", 
            "downvotes": "1787", 
            "upvotes": "3954"
        }, 
        {
            "champName": "Kassadin", 
            "downvotes": "156", 
            "upvotes": "417"
        }, 
        {
            "champName": "Akali", 
            "downvotes": "379", 
            "upvotes": "886"
        }
    ], 
    "ChampionImageLocation": "http://www.solomid.net/guide/champ/leblanc.png", 
    "GoodWith": [
        {
            "champName": "Akali", 
            "downvotes": "389", 
            "upvotes": "692"
        }, 
        {
            "champName": "Udyr", 
            "downvotes": "373", 
            "upvotes": "524"
        }, 
        {
            "champName": "Amumu", 
            "downvotes": "172", 
            "upvotes": "236"
        }, 
        {
            "champName": "Maokai", 
            "downvotes": "190", 
            "upvotes": "238"
        }, 
        {
            "champName": "Aatrox", 
            "downvotes": "103", 
            "upvotes": "128"
        }, 
        {
            "champName": "Veigar", 
            "downvotes": "106", 
            "upvotes": "131"
        }, 
        {
            "champName": "Ahri", 
            "downvotes": "16", 
            "upvotes": "35"
        }, 
        {
            "champName": "Rammus", 
            "downvotes": "149", 
            "upvotes": "162"
        }, 
        {
            "champName": "Lee Sin", 
            "downvotes": "17", 
            "upvotes": "35"
        }, 
        {
            "champName": "Leona", 
            "downvotes": "152", 
            "upvotes": "159"
        }
    ]
}