{
    "ChampionName": {
        "lower": "leblanc", 
        "pretty": "LeBlanc"
    }, 
    "WeakAgainst": [
        {
            "champName": "Galio", 
            "downvotes": "1081", 
            "upvotes": "4660"
        }, 
        {
            "champName": "Sion", 
            "downvotes": "640", 
            "upvotes": "1610"
        }, 
        {
            "champName": "Syndra", 
            "downvotes": "187", 
            "upvotes": "420"
        }, 
        {
            "champName": "Akali", 
            "downvotes": "81", 
            "upvotes": "208"
        }, 
        {
            "champName": "Mordekaiser", 
            "downvotes": "1283", 
            "upvotes": "2223"
        }, 
        {
            "champName": "Annie", 
            "downvotes": "107", 
            "upvotes": "244"
        }, 
        {
            "champName": "Yasuo", 
            "downvotes": "62", 
            "upvotes": "169"
        }, 
        {
            "champName": "Aatrox", 
            "downvotes": "175", 
            "upvotes": "351"
        }, 
        {
            "champName": "Kayle", 
            "downvotes": "173", 
            "upvotes": "334"
        }, 
        {
            "champName": "Fizz", 
            "downvotes": "1664", 
            "upvotes": "2635"
        }
    ], 
    "StrongAgainst": [
        {
            "champName": "Vel'Koz", 
            "downvotes": "407", 
            "upvotes": "1925"
        }, 
        {
            "champName": "Ahri", 
            "downvotes": "3506", 
            "upvotes": "11055"
        }, 
        {
            "champName": "Karthus", 
            "downvotes": "509", 
            "upvotes": "1637"
        }, 
        {
            "champName": "Ziggs", 
            "downvotes": "1752", 
            "upvotes": "4626"
        }, 
        {
            "champName": "Yasuo", 
            "downvotes": "162", 
            "upvotes": "469"
        }, 
        {
            "champName": "Aatrox", 
            "downvotes": "27", 
            "upvotes": "153"
        }, 
        {
            "champName": "Yasuo", 
            "downvotes": "110", 
            "upvotes": "333"
        }, 
        {
            "champName": "Orianna", 
            "downvotes": "1800", 
            "upvotes": "3974"
        }, 
        {
            "champName": "Katarina", 
            "downvotes": "905", 
            "upvotes": "2009"
        }, 
        {
            "champName": "Akali", 
            "downvotes": "384", 
            "upvotes": "892"
        }
    ], 
    "ChampionImageLocation": "http://www.solomid.net/guide/champ/leblanc.png", 
    "GoodWith": [
        {
            "champName": "Akali", 
            "downvotes": "390", 
            "upvotes": "698"
        }, 
        {
            "champName": "Udyr", 
            "downvotes": "375", 
            "upvotes": "526"
        }, 
        {
            "champName": "Amumu", 
            "downvotes": "174", 
            "upvotes": "235"
        }, 
        {
            "champName": "Maokai", 
            "downvotes": "190", 
            "upvotes": "239"
        }, 
        {
            "champName": "Aatrox", 
            "downvotes": "104", 
            "upvotes": "129"
        }, 
        {
            "champName": "Veigar", 
            "downvotes": "108", 
            "upvotes": "130"
        }, 
        {
            "champName": "Ahri", 
            "downvotes": "16", 
            "upvotes": "35"
        }, 
        {
            "champName": "Rammus", 
            "downvotes": "149", 
            "upvotes": "162"
        }, 
        {
            "champName": "Lee Sin", 
            "downvotes": "17", 
            "upvotes": "35"
        }, 
        {
            "champName": "Leona", 
            "downvotes": "153", 
            "upvotes": "158"
        }
    ]
}