{
    "ChampionName": {
        "lower": "leesin", 
        "pretty": "Lee Sin"
    }, 
    "WeakAgainst": [
        {
            "champName": "Trundle", 
            "downvotes": "1252", 
            "upvotes": "3987"
        }, 
        {
            "champName": "Udyr", 
            "downvotes": "817", 
            "upvotes": "2328"
        }, 
        {
            "champName": "Udyr", 
            "downvotes": "690", 
            "upvotes": "1888"
        }, 
        {
            "champName": "Garen", 
            "downvotes": "665", 
            "upvotes": "1182"
        }, 
        {
            "champName": "Renekton", 
            "downvotes": "1705", 
            "upvotes": "2901"
        }, 
        {
            "champName": "Aatrox", 
            "downvotes": "187", 
            "upvotes": "374"
        }, 
        {
            "champName": "Fiora", 
            "downvotes": "64", 
            "upvotes": "169"
        }, 
        {
            "champName": "Jax", 
            "downvotes": "404", 
            "upvotes": "706"
        }, 
        {
            "champName": "Pantheon", 
            "downvotes": "429", 
            "upvotes": "735"
        }, 
        {
            "champName": "Elise", 
            "downvotes": "243", 
            "upvotes": "425"
        }
    ], 
    "StrongAgainst": [
        {
            "champName": "Akali", 
            "downvotes": "2973", 
            "upvotes": "18575"
        }, 
        {
            "champName": "Shaco", 
            "downvotes": "714", 
            "upvotes": "2821"
        }, 
        {
            "champName": "Wukong", 
            "downvotes": "1886", 
            "upvotes": "5516"
        }, 
        {
            "champName": "Kha'Zix", 
            "downvotes": "2121", 
            "upvotes": "5942"
        }, 
        {
            "champName": "Talon", 
            "downvotes": "940", 
            "upvotes": "2629"
        }, 
        {
            "champName": "Twitch", 
            "downvotes": "450", 
            "upvotes": "1173"
        }, 
        {
            "champName": "Yasuo", 
            "downvotes": "70", 
            "upvotes": "245"
        }, 
        {
            "champName": "Akali", 
            "downvotes": "624", 
            "upvotes": "1363"
        }, 
        {
            "champName": "Aatrox", 
            "downvotes": "53", 
            "upvotes": "174"
        }, 
        {
            "champName": "Vi", 
            "downvotes": "231", 
            "upvotes": "490"
        }
    ], 
    "ChampionImageLocation": "http://www.solomid.net/guide/champ/leesin.png", 
    "GoodWith": [
        {
            "champName": "Yasuo", 
            "downvotes": "12", 
            "upvotes": "125"
        }, 
        {
            "champName": "Jarvan IV", 
            "downvotes": "26", 
            "upvotes": "86"
        }, 
        {
            "champName": "Teemo", 
            "downvotes": "944", 
            "upvotes": "1733"
        }, 
        {
            "champName": "Aatrox", 
            "downvotes": "283", 
            "upvotes": "505"
        }, 
        {
            "champName": "Ahri", 
            "downvotes": "47", 
            "upvotes": "111"
        }, 
        {
            "champName": "Thresh", 
            "downvotes": "27", 
            "upvotes": "77"
        }, 
        {
            "champName": "Darius", 
            "downvotes": "10", 
            "upvotes": "48"
        }, 
        {
            "champName": "Diana", 
            "downvotes": "29", 
            "upvotes": "77"
        }, 
        {
            "champName": "Orianna", 
            "downvotes": "126", 
            "upvotes": "226"
        }, 
        {
            "champName": "Alistar", 
            "downvotes": "34", 
            "upvotes": "83"
        }
    ]
}