{
    "ChampionName": {
        "lower": "leesin", 
        "pretty": "Lee Sin"
    }, 
    "WeakAgainst": [
        {
            "champName": "Trundle", 
            "downvotes": "1245", 
            "upvotes": "3973"
        }, 
        {
            "champName": "Udyr", 
            "downvotes": "814", 
            "upvotes": "2318"
        }, 
        {
            "champName": "Udyr", 
            "downvotes": "689", 
            "upvotes": "1877"
        }, 
        {
            "champName": "Renekton", 
            "downvotes": "1698", 
            "upvotes": "2888"
        }, 
        {
            "champName": "Aatrox", 
            "downvotes": "185", 
            "upvotes": "373"
        }, 
        {
            "champName": "Garen", 
            "downvotes": "667", 
            "upvotes": "1170"
        }, 
        {
            "champName": "Fiora", 
            "downvotes": "63", 
            "upvotes": "167"
        }, 
        {
            "champName": "Jax", 
            "downvotes": "401", 
            "upvotes": "701"
        }, 
        {
            "champName": "Pantheon", 
            "downvotes": "428", 
            "upvotes": "733"
        }, 
        {
            "champName": "Elise", 
            "downvotes": "243", 
            "upvotes": "424"
        }
    ], 
    "StrongAgainst": [
        {
            "champName": "Akali", 
            "downvotes": "2961", 
            "upvotes": "18527"
        }, 
        {
            "champName": "Shaco", 
            "downvotes": "709", 
            "upvotes": "2807"
        }, 
        {
            "champName": "Wukong", 
            "downvotes": "1879", 
            "upvotes": "5496"
        }, 
        {
            "champName": "Kha'Zix", 
            "downvotes": "2117", 
            "upvotes": "5919"
        }, 
        {
            "champName": "Talon", 
            "downvotes": "937", 
            "upvotes": "2624"
        }, 
        {
            "champName": "Twitch", 
            "downvotes": "448", 
            "upvotes": "1172"
        }, 
        {
            "champName": "Yasuo", 
            "downvotes": "70", 
            "upvotes": "242"
        }, 
        {
            "champName": "Akali", 
            "downvotes": "624", 
            "upvotes": "1357"
        }, 
        {
            "champName": "Aatrox", 
            "downvotes": "51", 
            "upvotes": "173"
        }, 
        {
            "champName": "Vi", 
            "downvotes": "222", 
            "upvotes": "484"
        }
    ], 
    "ChampionImageLocation": "http://www.solomid.net/guide/champ/leesin.png", 
    "GoodWith": [
        {
            "champName": "Yasuo", 
            "downvotes": "11", 
            "upvotes": "126"
        }, 
        {
            "champName": "Jarvan IV", 
            "downvotes": "25", 
            "upvotes": "87"
        }, 
        {
            "champName": "Teemo", 
            "downvotes": "944", 
            "upvotes": "1729"
        }, 
        {
            "champName": "Aatrox", 
            "downvotes": "281", 
            "upvotes": "505"
        }, 
        {
            "champName": "Ahri", 
            "downvotes": "48", 
            "upvotes": "110"
        }, 
        {
            "champName": "Thresh", 
            "downvotes": "27", 
            "upvotes": "76"
        }, 
        {
            "champName": "Darius", 
            "downvotes": "10", 
            "upvotes": "48"
        }, 
        {
            "champName": "Alistar", 
            "downvotes": "33", 
            "upvotes": "84"
        }, 
        {
            "champName": "Orianna", 
            "downvotes": "126", 
            "upvotes": "226"
        }, 
        {
            "champName": "Diana", 
            "downvotes": "30", 
            "upvotes": "76"
        }
    ]
}