{
    "ChampionName": {
        "lower": "leona", 
        "pretty": "Leona"
    }, 
    "WeakAgainst": [
        {
            "champName": "Morgana", 
            "downvotes": "582", 
            "upvotes": "1917"
        }, 
        {
            "champName": "Alistar", 
            "downvotes": "893", 
            "upvotes": "2682"
        }, 
        {
            "champName": "Lulu", 
            "downvotes": "620", 
            "upvotes": "1443"
        }, 
        {
            "champName": "Janna", 
            "downvotes": "919", 
            "upvotes": "1741"
        }, 
        {
            "champName": "Thresh", 
            "downvotes": "776", 
            "upvotes": "1193"
        }, 
        {
            "champName": "Karma", 
            "downvotes": "103", 
            "upvotes": "205"
        }, 
        {
            "champName": "Annie", 
            "downvotes": "169", 
            "upvotes": "294"
        }, 
        {
            "champName": "Zyra", 
            "downvotes": "279", 
            "upvotes": "433"
        }, 
        {
            "champName": "Sivir", 
            "downvotes": "225", 
            "upvotes": "335"
        }, 
        {
            "champName": "Lux", 
            "downvotes": "132", 
            "upvotes": "192"
        }
    ], 
    "StrongAgainst": [
        {
            "champName": "Blitzcrank", 
            "downvotes": "739", 
            "upvotes": "2560"
        }, 
        {
            "champName": "Sona", 
            "downvotes": "775", 
            "upvotes": "1365"
        }, 
        {
            "champName": "Varus", 
            "downvotes": "455", 
            "upvotes": "797"
        }, 
        {
            "champName": "Caitlyn", 
            "downvotes": "497", 
            "upvotes": "857"
        }, 
        {
            "champName": "Draven", 
            "downvotes": "431", 
            "upvotes": "689"
        }, 
        {
            "champName": "Jinx", 
            "downvotes": "11", 
            "upvotes": "65"
        }, 
        {
            "champName": "Ashe", 
            "downvotes": "201", 
            "upvotes": "298"
        }, 
        {
            "champName": "Annie", 
            "downvotes": "45", 
            "upvotes": "104"
        }, 
        {
            "champName": "Thresh", 
            "downvotes": "1723", 
            "upvotes": "2144"
        }, 
        {
            "champName": "Miss Fortune", 
            "downvotes": "321", 
            "upvotes": "438"
        }
    ], 
    "ChampionImageLocation": "http://www.solomid.net/guide/champ/leona.png", 
    "GoodWith": [
        {
            "champName": "Caitlyn", 
            "downvotes": "98", 
            "upvotes": "1169"
        }, 
        {
            "champName": "Jinx", 
            "downvotes": "178", 
            "upvotes": "1013"
        }, 
        {
            "champName": "Quinn", 
            "downvotes": "211", 
            "upvotes": "866"
        }, 
        {
            "champName": "Lucian", 
            "downvotes": "192", 
            "upvotes": "739"
        }, 
        {
            "champName": "Draven", 
            "downvotes": "475", 
            "upvotes": "1634"
        }, 
        {
            "champName": "Miss Fortune", 
            "downvotes": "351", 
            "upvotes": "1224"
        }, 
        {
            "champName": "Vayne", 
            "downvotes": "498", 
            "upvotes": "1675"
        }, 
        {
            "champName": "Tristana", 
            "downvotes": "402", 
            "upvotes": "1347"
        }, 
        {
            "champName": "Corki", 
            "downvotes": "784", 
            "upvotes": "2448"
        }, 
        {
            "champName": "Katarina", 
            "downvotes": "28", 
            "upvotes": "146"
        }
    ]
}