{
    "ChampionName": {
        "lower": "leona", 
        "pretty": "Leona"
    }, 
    "WeakAgainst": [
        {
            "champName": "Morgana", 
            "downvotes": "584", 
            "upvotes": "1925"
        }, 
        {
            "champName": "Alistar", 
            "downvotes": "895", 
            "upvotes": "2684"
        }, 
        {
            "champName": "Lulu", 
            "downvotes": "621", 
            "upvotes": "1446"
        }, 
        {
            "champName": "Janna", 
            "downvotes": "919", 
            "upvotes": "1745"
        }, 
        {
            "champName": "Thresh", 
            "downvotes": "783", 
            "upvotes": "1197"
        }, 
        {
            "champName": "Karma", 
            "downvotes": "105", 
            "upvotes": "206"
        }, 
        {
            "champName": "Annie", 
            "downvotes": "170", 
            "upvotes": "297"
        }, 
        {
            "champName": "Zyra", 
            "downvotes": "279", 
            "upvotes": "433"
        }, 
        {
            "champName": "Sivir", 
            "downvotes": "225", 
            "upvotes": "335"
        }, 
        {
            "champName": "Lux", 
            "downvotes": "131", 
            "upvotes": "194"
        }
    ], 
    "StrongAgainst": [
        {
            "champName": "Blitzcrank", 
            "downvotes": "742", 
            "upvotes": "2565"
        }, 
        {
            "champName": "Sona", 
            "downvotes": "775", 
            "upvotes": "1370"
        }, 
        {
            "champName": "Varus", 
            "downvotes": "455", 
            "upvotes": "798"
        }, 
        {
            "champName": "Caitlyn", 
            "downvotes": "499", 
            "upvotes": "858"
        }, 
        {
            "champName": "Draven", 
            "downvotes": "432", 
            "upvotes": "689"
        }, 
        {
            "champName": "Ashe", 
            "downvotes": "201", 
            "upvotes": "299"
        }, 
        {
            "champName": "Jinx", 
            "downvotes": "13", 
            "upvotes": "65"
        }, 
        {
            "champName": "Annie", 
            "downvotes": "46", 
            "upvotes": "105"
        }, 
        {
            "champName": "Thresh", 
            "downvotes": "1727", 
            "upvotes": "2151"
        }, 
        {
            "champName": "Miss Fortune", 
            "downvotes": "322", 
            "upvotes": "437"
        }
    ], 
    "ChampionImageLocation": "http://www.solomid.net/guide/champ/leona.png", 
    "GoodWith": [
        {
            "champName": "Caitlyn", 
            "downvotes": "98", 
            "upvotes": "1171"
        }, 
        {
            "champName": "Jinx", 
            "downvotes": "180", 
            "upvotes": "1014"
        }, 
        {
            "champName": "Quinn", 
            "downvotes": "209", 
            "upvotes": "868"
        }, 
        {
            "champName": "Lucian", 
            "downvotes": "193", 
            "upvotes": "740"
        }, 
        {
            "champName": "Miss Fortune", 
            "downvotes": "350", 
            "upvotes": "1226"
        }, 
        {
            "champName": "Draven", 
            "downvotes": "476", 
            "upvotes": "1635"
        }, 
        {
            "champName": "Vayne", 
            "downvotes": "500", 
            "upvotes": "1674"
        }, 
        {
            "champName": "Tristana", 
            "downvotes": "404", 
            "upvotes": "1347"
        }, 
        {
            "champName": "Katarina", 
            "downvotes": "27", 
            "upvotes": "147"
        }, 
        {
            "champName": "Corki", 
            "downvotes": "784", 
            "upvotes": "2448"
        }
    ]
}