{
    "ChampionName": {
        "lower": "leona", 
        "pretty": "Leona"
    }, 
    "WeakAgainst": [
        {
            "champName": "Morgana", 
            "downvotes": "577", 
            "upvotes": "1908"
        }, 
        {
            "champName": "Alistar", 
            "downvotes": "890", 
            "upvotes": "2672"
        }, 
        {
            "champName": "Lulu", 
            "downvotes": "618", 
            "upvotes": "1442"
        }, 
        {
            "champName": "Janna", 
            "downvotes": "918", 
            "upvotes": "1735"
        }, 
        {
            "champName": "Thresh", 
            "downvotes": "774", 
            "upvotes": "1187"
        }, 
        {
            "champName": "Annie", 
            "downvotes": "168", 
            "upvotes": "294"
        }, 
        {
            "champName": "Karma", 
            "downvotes": "102", 
            "upvotes": "200"
        }, 
        {
            "champName": "Zyra", 
            "downvotes": "278", 
            "upvotes": "429"
        }, 
        {
            "champName": "Sivir", 
            "downvotes": "225", 
            "upvotes": "335"
        }, 
        {
            "champName": "Lux", 
            "downvotes": "132", 
            "upvotes": "190"
        }
    ], 
    "StrongAgainst": [
        {
            "champName": "Blitzcrank", 
            "downvotes": "736", 
            "upvotes": "2557"
        }, 
        {
            "champName": "Sona", 
            "downvotes": "773", 
            "upvotes": "1365"
        }, 
        {
            "champName": "Varus", 
            "downvotes": "454", 
            "upvotes": "797"
        }, 
        {
            "champName": "Caitlyn", 
            "downvotes": "493", 
            "upvotes": "857"
        }, 
        {
            "champName": "Draven", 
            "downvotes": "433", 
            "upvotes": "685"
        }, 
        {
            "champName": "Jinx", 
            "downvotes": "11", 
            "upvotes": "64"
        }, 
        {
            "champName": "Ashe", 
            "downvotes": "200", 
            "upvotes": "298"
        }, 
        {
            "champName": "Annie", 
            "downvotes": "44", 
            "upvotes": "103"
        }, 
        {
            "champName": "Thresh", 
            "downvotes": "1717", 
            "upvotes": "2137"
        }, 
        {
            "champName": "Miss Fortune", 
            "downvotes": "320", 
            "upvotes": "437"
        }
    ], 
    "ChampionImageLocation": "http://www.solomid.net/guide/champ/leona.png", 
    "GoodWith": [
        {
            "champName": "Caitlyn", 
            "downvotes": "97", 
            "upvotes": "1167"
        }, 
        {
            "champName": "Jinx", 
            "downvotes": "176", 
            "upvotes": "1009"
        }, 
        {
            "champName": "Quinn", 
            "downvotes": "210", 
            "upvotes": "865"
        }, 
        {
            "champName": "Lucian", 
            "downvotes": "192", 
            "upvotes": "733"
        }, 
        {
            "champName": "Draven", 
            "downvotes": "470", 
            "upvotes": "1633"
        }, 
        {
            "champName": "Miss Fortune", 
            "downvotes": "351", 
            "upvotes": "1222"
        }, 
        {
            "champName": "Vayne", 
            "downvotes": "498", 
            "upvotes": "1671"
        }, 
        {
            "champName": "Katarina", 
            "downvotes": "26", 
            "upvotes": "148"
        }, 
        {
            "champName": "Tristana", 
            "downvotes": "402", 
            "upvotes": "1344"
        }, 
        {
            "champName": "Corki", 
            "downvotes": "783", 
            "upvotes": "2447"
        }
    ]
}