{
    "ChampionName": {
        "lower": "lissandra", 
        "pretty": "Lissandra"
    }, 
    "WeakAgainst": [
        {
            "champName": "Kassadin", 
            "downvotes": "894", 
            "upvotes": "2898"
        }, 
        {
            "champName": "LeBlanc", 
            "downvotes": "368", 
            "upvotes": "717"
        }, 
        {
            "champName": "Anivia", 
            "downvotes": "531", 
            "upvotes": "986"
        }, 
        {
            "champName": "Lux", 
            "downvotes": "1115", 
            "upvotes": "1945"
        }, 
        {
            "champName": "Diana", 
            "downvotes": "561", 
            "upvotes": "1012"
        }, 
        {
            "champName": "Gragas", 
            "downvotes": "38", 
            "upvotes": "121"
        }, 
        {
            "champName": "Swain", 
            "downvotes": "102", 
            "upvotes": "215"
        }, 
        {
            "champName": "Ahri", 
            "downvotes": "292", 
            "upvotes": "501"
        }, 
        {
            "champName": "Aatrox", 
            "downvotes": "9", 
            "upvotes": "73"
        }, 
        {
            "champName": "Malzahar", 
            "downvotes": "79", 
            "upvotes": "176"
        }
    ], 
    "StrongAgainst": [
        {
            "champName": "Katarina", 
            "downvotes": "813", 
            "upvotes": "2670"
        }, 
        {
            "champName": "Fizz", 
            "downvotes": "978", 
            "upvotes": "2030"
        }, 
        {
            "champName": "Zed", 
            "downvotes": "637", 
            "upvotes": "1331"
        }, 
        {
            "champName": "Katarina", 
            "downvotes": "308", 
            "upvotes": "648"
        }, 
        {
            "champName": "Yasuo", 
            "downvotes": "84", 
            "upvotes": "207"
        }, 
        {
            "champName": "Akali", 
            "downvotes": "181", 
            "upvotes": "351"
        }, 
        {
            "champName": "Yasuo", 
            "downvotes": "20", 
            "upvotes": "77"
        }, 
        {
            "champName": "Ahri", 
            "downvotes": "224", 
            "upvotes": "336"
        }, 
        {
            "champName": "Riven", 
            "downvotes": "83", 
            "upvotes": "154"
        }, 
        {
            "champName": "LeBlanc", 
            "downvotes": "10", 
            "upvotes": "62"
        }
    ], 
    "ChampionImageLocation": "http://www.solomid.net/guide/champ/lissandra.png", 
    "GoodWith": [
        {
            "champName": "Sejuani", 
            "downvotes": "234", 
            "upvotes": "446"
        }, 
        {
            "champName": "Trundle", 
            "downvotes": "240", 
            "upvotes": "335"
        }, 
        {
            "champName": "Amumu", 
            "downvotes": "138", 
            "upvotes": "203"
        }, 
        {
            "champName": "Ashe", 
            "downvotes": "137", 
            "upvotes": "195"
        }, 
        {
            "champName": "Malphite", 
            "downvotes": "18", 
            "upvotes": "44"
        }, 
        {
            "champName": "Jarvan IV", 
            "downvotes": "68", 
            "upvotes": "97"
        }, 
        {
            "champName": "Nunu", 
            "downvotes": "86", 
            "upvotes": "114"
        }, 
        {
            "champName": "Fiddlesticks", 
            "downvotes": "16", 
            "upvotes": "38"
        }, 
        {
            "champName": "Aatrox", 
            "downvotes": "9", 
            "upvotes": "29"
        }, 
        {
            "champName": "Anivia", 
            "downvotes": "23", 
            "upvotes": "38"
        }
    ]
}