{
    "ChampionName": {
        "lower": "lissandra", 
        "pretty": "Lissandra"
    }, 
    "WeakAgainst": [
        {
            "champName": "Kassadin", 
            "downvotes": "902", 
            "upvotes": "2902"
        }, 
        {
            "champName": "LeBlanc", 
            "downvotes": "371", 
            "upvotes": "725"
        }, 
        {
            "champName": "Anivia", 
            "downvotes": "538", 
            "upvotes": "989"
        }, 
        {
            "champName": "Lux", 
            "downvotes": "1118", 
            "upvotes": "1950"
        }, 
        {
            "champName": "Diana", 
            "downvotes": "563", 
            "upvotes": "1013"
        }, 
        {
            "champName": "Swain", 
            "downvotes": "102", 
            "upvotes": "220"
        }, 
        {
            "champName": "Gragas", 
            "downvotes": "39", 
            "upvotes": "121"
        }, 
        {
            "champName": "Ahri", 
            "downvotes": "293", 
            "upvotes": "503"
        }, 
        {
            "champName": "Aatrox", 
            "downvotes": "10", 
            "upvotes": "74"
        }, 
        {
            "champName": "Annie", 
            "downvotes": "129", 
            "upvotes": "250"
        }
    ], 
    "StrongAgainst": [
        {
            "champName": "Katarina", 
            "downvotes": "817", 
            "upvotes": "2687"
        }, 
        {
            "champName": "Fizz", 
            "downvotes": "983", 
            "upvotes": "2041"
        }, 
        {
            "champName": "Zed", 
            "downvotes": "640", 
            "upvotes": "1343"
        }, 
        {
            "champName": "Katarina", 
            "downvotes": "311", 
            "upvotes": "651"
        }, 
        {
            "champName": "Yasuo", 
            "downvotes": "85", 
            "upvotes": "210"
        }, 
        {
            "champName": "Akali", 
            "downvotes": "184", 
            "upvotes": "352"
        }, 
        {
            "champName": "Yasuo", 
            "downvotes": "21", 
            "upvotes": "80"
        }, 
        {
            "champName": "LeBlanc", 
            "downvotes": "10", 
            "upvotes": "65"
        }, 
        {
            "champName": "Ahri", 
            "downvotes": "224", 
            "upvotes": "338"
        }, 
        {
            "champName": "Riven", 
            "downvotes": "87", 
            "upvotes": "155"
        }
    ], 
    "ChampionImageLocation": "http://www.solomid.net/guide/champ/lissandra.png", 
    "GoodWith": [
        {
            "champName": "Sejuani", 
            "downvotes": "236", 
            "upvotes": "446"
        }, 
        {
            "champName": "Trundle", 
            "downvotes": "242", 
            "upvotes": "336"
        }, 
        {
            "champName": "Amumu", 
            "downvotes": "142", 
            "upvotes": "201"
        }, 
        {
            "champName": "Ashe", 
            "downvotes": "138", 
            "upvotes": "195"
        }, 
        {
            "champName": "Malphite", 
            "downvotes": "19", 
            "upvotes": "44"
        }, 
        {
            "champName": "Nunu", 
            "downvotes": "87", 
            "upvotes": "113"
        }, 
        {
            "champName": "Jarvan IV", 
            "downvotes": "71", 
            "upvotes": "96"
        }, 
        {
            "champName": "Fiddlesticks", 
            "downvotes": "17", 
            "upvotes": "37"
        }, 
        {
            "champName": "Aatrox", 
            "downvotes": "9", 
            "upvotes": "29"
        }, 
        {
            "champName": "Anivia", 
            "downvotes": "23", 
            "upvotes": "38"
        }
    ]
}