{
    "ChampionName": {
        "lower": "lucian", 
        "pretty": "Lucian"
    }, 
    "WeakAgainst": [
        {
            "champName": "Vayne", 
            "downvotes": "2813", 
            "upvotes": "9470"
        }, 
        {
            "champName": "Draven", 
            "downvotes": "906", 
            "upvotes": "2050"
        }, 
        {
            "champName": "Vayne", 
            "downvotes": "1240", 
            "upvotes": "2653"
        }, 
        {
            "champName": "Ezreal", 
            "downvotes": "1708", 
            "upvotes": "2783"
        }, 
        {
            "champName": "Graves", 
            "downvotes": "361", 
            "upvotes": "620"
        }, 
        {
            "champName": "Aatrox", 
            "downvotes": "130", 
            "upvotes": "262"
        }, 
        {
            "champName": "Caitlyn", 
            "downvotes": "670", 
            "upvotes": "1086"
        }, 
        {
            "champName": "Quinn", 
            "downvotes": "449", 
            "upvotes": "746"
        }, 
        {
            "champName": "Yasuo", 
            "downvotes": "143", 
            "upvotes": "275"
        }, 
        {
            "champName": "Tristana", 
            "downvotes": "402", 
            "upvotes": "651"
        }
    ], 
    "StrongAgainst": [
        {
            "champName": "Varus", 
            "downvotes": "905", 
            "upvotes": "2705"
        }, 
        {
            "champName": "Jinx", 
            "downvotes": "1059", 
            "upvotes": "2360"
        }, 
        {
            "champName": "Caitlyn", 
            "downvotes": "1064", 
            "upvotes": "1996"
        }, 
        {
            "champName": "Thresh", 
            "downvotes": "588", 
            "upvotes": "1127"
        }, 
        {
            "champName": "Nasus", 
            "downvotes": "316", 
            "upvotes": "619"
        }, 
        {
            "champName": "Ashe", 
            "downvotes": "367", 
            "upvotes": "635"
        }, 
        {
            "champName": "Varus", 
            "downvotes": "408", 
            "upvotes": "618"
        }, 
        {
            "champName": "Aatrox", 
            "downvotes": "107", 
            "upvotes": "169"
        }, 
        {
            "champName": "Ezreal", 
            "downvotes": "374", 
            "upvotes": "468"
        }, 
        {
            "champName": "Sivir", 
            "downvotes": "181", 
            "upvotes": "249"
        }
    ], 
    "ChampionImageLocation": "http://www.solomid.net/guide/champ/lucian.png", 
    "GoodWith": [
        {
            "champName": "Taric", 
            "downvotes": "16", 
            "upvotes": "143"
        }, 
        {
            "champName": "Thresh", 
            "downvotes": "292", 
            "upvotes": "1196"
        }, 
        {
            "champName": "Leona", 
            "downvotes": "192", 
            "upvotes": "733"
        }, 
        {
            "champName": "Lulu", 
            "downvotes": "15", 
            "upvotes": "109"
        }, 
        {
            "champName": "Annie", 
            "downvotes": "46", 
            "upvotes": "185"
        }, 
        {
            "champName": "Nami", 
            "downvotes": "158", 
            "upvotes": "467"
        }, 
        {
            "champName": "Janna", 
            "downvotes": "19", 
            "upvotes": "101"
        }, 
        {
            "champName": "Soraka", 
            "downvotes": "150", 
            "upvotes": "427"
        }, 
        {
            "champName": "Morgana", 
            "downvotes": "1", 
            "upvotes": "48"
        }, 
        {
            "champName": "Blitzcrank", 
            "downvotes": "87", 
            "upvotes": "243"
        }
    ]
}