{
    "ChampionName": {
        "lower": "lucian", 
        "pretty": "Lucian"
    }, 
    "WeakAgainst": [
        {
            "champName": "Vayne", 
            "downvotes": "2835", 
            "upvotes": "9548"
        }, 
        {
            "champName": "Draven", 
            "downvotes": "914", 
            "upvotes": "2074"
        }, 
        {
            "champName": "Vayne", 
            "downvotes": "1247", 
            "upvotes": "2672"
        }, 
        {
            "champName": "Ezreal", 
            "downvotes": "1726", 
            "upvotes": "2805"
        }, 
        {
            "champName": "Graves", 
            "downvotes": "366", 
            "upvotes": "628"
        }, 
        {
            "champName": "Aatrox", 
            "downvotes": "131", 
            "upvotes": "263"
        }, 
        {
            "champName": "Quinn", 
            "downvotes": "450", 
            "upvotes": "751"
        }, 
        {
            "champName": "Caitlyn", 
            "downvotes": "675", 
            "upvotes": "1094"
        }, 
        {
            "champName": "Yasuo", 
            "downvotes": "145", 
            "upvotes": "275"
        }, 
        {
            "champName": "Tristana", 
            "downvotes": "402", 
            "upvotes": "656"
        }
    ], 
    "StrongAgainst": [
        {
            "champName": "Varus", 
            "downvotes": "908", 
            "upvotes": "2738"
        }, 
        {
            "champName": "Jinx", 
            "downvotes": "1072", 
            "upvotes": "2394"
        }, 
        {
            "champName": "Caitlyn", 
            "downvotes": "1072", 
            "upvotes": "2022"
        }, 
        {
            "champName": "Thresh", 
            "downvotes": "592", 
            "upvotes": "1143"
        }, 
        {
            "champName": "Nasus", 
            "downvotes": "315", 
            "upvotes": "621"
        }, 
        {
            "champName": "Ashe", 
            "downvotes": "368", 
            "upvotes": "643"
        }, 
        {
            "champName": "Varus", 
            "downvotes": "409", 
            "upvotes": "622"
        }, 
        {
            "champName": "Aatrox", 
            "downvotes": "109", 
            "upvotes": "173"
        }, 
        {
            "champName": "Ezreal", 
            "downvotes": "376", 
            "upvotes": "475"
        }, 
        {
            "champName": "Sivir", 
            "downvotes": "185", 
            "upvotes": "252"
        }
    ], 
    "ChampionImageLocation": "http://www.solomid.net/guide/champ/lucian.png", 
    "GoodWith": [
        {
            "champName": "Taric", 
            "downvotes": "16", 
            "upvotes": "143"
        }, 
        {
            "champName": "Thresh", 
            "downvotes": "296", 
            "upvotes": "1205"
        }, 
        {
            "champName": "Leona", 
            "downvotes": "193", 
            "upvotes": "740"
        }, 
        {
            "champName": "Lulu", 
            "downvotes": "16", 
            "upvotes": "108"
        }, 
        {
            "champName": "Annie", 
            "downvotes": "46", 
            "upvotes": "189"
        }, 
        {
            "champName": "Janna", 
            "downvotes": "18", 
            "upvotes": "104"
        }, 
        {
            "champName": "Nami", 
            "downvotes": "158", 
            "upvotes": "471"
        }, 
        {
            "champName": "Morgana", 
            "downvotes": "0", 
            "upvotes": "52"
        }, 
        {
            "champName": "Soraka", 
            "downvotes": "151", 
            "upvotes": "430"
        }, 
        {
            "champName": "Blitzcrank", 
            "downvotes": "88", 
            "upvotes": "246"
        }
    ]
}