{
    "ChampionName": {
        "lower": "lulu", 
        "pretty": "Lulu"
    }, 
    "WeakAgainst": [
        {
            "champName": "Soraka", 
            "downvotes": "499", 
            "upvotes": "869"
        }, 
        {
            "champName": "Syndra", 
            "downvotes": "93", 
            "upvotes": "213"
        }, 
        {
            "champName": "Sona", 
            "downvotes": "341", 
            "upvotes": "543"
        }, 
        {
            "champName": "Sivir", 
            "downvotes": "313", 
            "upvotes": "376"
        }, 
        {
            "champName": "Caitlyn", 
            "downvotes": "210", 
            "upvotes": "242"
        }, 
        {
            "champName": "Ziggs", 
            "downvotes": "98", 
            "upvotes": "123"
        }, 
        {
            "champName": "Morgana", 
            "downvotes": "27", 
            "upvotes": "53"
        }, 
        {
            "champName": "Viktor", 
            "downvotes": "44", 
            "upvotes": "65"
        }, 
        {
            "champName": "Lucian", 
            "downvotes": "118", 
            "upvotes": "122"
        }, 
        {
            "champName": "Blitzcrank", 
            "downvotes": "130", 
            "upvotes": "129"
        }
    ], 
    "StrongAgainst": [
        {
            "champName": "Thresh", 
            "downvotes": "534", 
            "upvotes": "1592"
        }, 
        {
            "champName": "Leona", 
            "downvotes": "618", 
            "upvotes": "1442"
        }, 
        {
            "champName": "Akali", 
            "downvotes": "62", 
            "upvotes": "191"
        }, 
        {
            "champName": "Katarina", 
            "downvotes": "181", 
            "upvotes": "407"
        }, 
        {
            "champName": "Nami", 
            "downvotes": "495", 
            "upvotes": "949"
        }, 
        {
            "champName": "Taric", 
            "downvotes": "316", 
            "upvotes": "600"
        }, 
        {
            "champName": "Fizz", 
            "downvotes": "54", 
            "upvotes": "136"
        }, 
        {
            "champName": "LeBlanc", 
            "downvotes": "83", 
            "upvotes": "172"
        }, 
        {
            "champName": "Akali", 
            "downvotes": "27", 
            "upvotes": "88"
        }, 
        {
            "champName": "Zed", 
            "downvotes": "30", 
            "upvotes": "91"
        }
    ], 
    "ChampionImageLocation": "http://www.solomid.net/guide/champ/lulu.png", 
    "GoodWith": [
        {
            "champName": "Draven", 
            "downvotes": "35", 
            "upvotes": "280"
        }, 
        {
            "champName": "Miss Fortune", 
            "downvotes": "28", 
            "upvotes": "220"
        }, 
        {
            "champName": "Yasuo", 
            "downvotes": "2", 
            "upvotes": "94"
        }, 
        {
            "champName": "Vayne", 
            "downvotes": "197", 
            "upvotes": "913"
        }, 
        {
            "champName": "Varus", 
            "downvotes": "54", 
            "upvotes": "287"
        }, 
        {
            "champName": "Jinx", 
            "downvotes": "30", 
            "upvotes": "173"
        }, 
        {
            "champName": "Caitlyn", 
            "downvotes": "169", 
            "upvotes": "611"
        }, 
        {
            "champName": "Lucian", 
            "downvotes": "15", 
            "upvotes": "109"
        }, 
        {
            "champName": "Tristana", 
            "downvotes": "102", 
            "upvotes": "358"
        }, 
        {
            "champName": "Twitch", 
            "downvotes": "24", 
            "upvotes": "125"
        }
    ]
}