{
    "ChampionName": {
        "lower": "lulu", 
        "pretty": "Lulu"
    }, 
    "WeakAgainst": [
        {
            "champName": "Soraka", 
            "downvotes": "500", 
            "upvotes": "875"
        }, 
        {
            "champName": "Syndra", 
            "downvotes": "95", 
            "upvotes": "213"
        }, 
        {
            "champName": "Sona", 
            "downvotes": "342", 
            "upvotes": "545"
        }, 
        {
            "champName": "Sivir", 
            "downvotes": "315", 
            "upvotes": "374"
        }, 
        {
            "champName": "Caitlyn", 
            "downvotes": "211", 
            "upvotes": "242"
        }, 
        {
            "champName": "Ziggs", 
            "downvotes": "99", 
            "upvotes": "125"
        }, 
        {
            "champName": "Morgana", 
            "downvotes": "29", 
            "upvotes": "58"
        }, 
        {
            "champName": "Lucian", 
            "downvotes": "118", 
            "upvotes": "124"
        }, 
        {
            "champName": "Viktor", 
            "downvotes": "45", 
            "upvotes": "65"
        }, 
        {
            "champName": "Brand", 
            "downvotes": "58", 
            "upvotes": "74"
        }
    ], 
    "StrongAgainst": [
        {
            "champName": "Thresh", 
            "downvotes": "543", 
            "upvotes": "1602"
        }, 
        {
            "champName": "Leona", 
            "downvotes": "621", 
            "upvotes": "1446"
        }, 
        {
            "champName": "Katarina", 
            "downvotes": "181", 
            "upvotes": "411"
        }, 
        {
            "champName": "Akali", 
            "downvotes": "66", 
            "upvotes": "197"
        }, 
        {
            "champName": "Nami", 
            "downvotes": "499", 
            "upvotes": "949"
        }, 
        {
            "champName": "Taric", 
            "downvotes": "318", 
            "upvotes": "600"
        }, 
        {
            "champName": "Fizz", 
            "downvotes": "54", 
            "upvotes": "138"
        }, 
        {
            "champName": "LeBlanc", 
            "downvotes": "83", 
            "upvotes": "176"
        }, 
        {
            "champName": "Akali", 
            "downvotes": "27", 
            "upvotes": "88"
        }, 
        {
            "champName": "Zed", 
            "downvotes": "32", 
            "upvotes": "93"
        }
    ], 
    "ChampionImageLocation": "http://www.solomid.net/guide/champ/lulu.png", 
    "GoodWith": [
        {
            "champName": "Draven", 
            "downvotes": "33", 
            "upvotes": "283"
        }, 
        {
            "champName": "Miss Fortune", 
            "downvotes": "29", 
            "upvotes": "220"
        }, 
        {
            "champName": "Yasuo", 
            "downvotes": "2", 
            "upvotes": "94"
        }, 
        {
            "champName": "Vayne", 
            "downvotes": "197", 
            "upvotes": "915"
        }, 
        {
            "champName": "Varus", 
            "downvotes": "55", 
            "upvotes": "287"
        }, 
        {
            "champName": "Jinx", 
            "downvotes": "30", 
            "upvotes": "173"
        }, 
        {
            "champName": "Caitlyn", 
            "downvotes": "170", 
            "upvotes": "611"
        }, 
        {
            "champName": "Lucian", 
            "downvotes": "16", 
            "upvotes": "108"
        }, 
        {
            "champName": "Tristana", 
            "downvotes": "103", 
            "upvotes": "358"
        }, 
        {
            "champName": "Twitch", 
            "downvotes": "25", 
            "upvotes": "124"
        }
    ]
}