{
    "ChampionName": {
        "lower": "lux", 
        "pretty": "Lux"
    }, 
    "WeakAgainst": [
        {
            "champName": "Talon", 
            "downvotes": "1446", 
            "upvotes": "5165"
        }, 
        {
            "champName": "Yasuo", 
            "downvotes": "581", 
            "upvotes": "1587"
        }, 
        {
            "champName": "Fizz", 
            "downvotes": "1923", 
            "upvotes": "4384"
        }, 
        {
            "champName": "Kassadin", 
            "downvotes": "1552", 
            "upvotes": "3156"
        }, 
        {
            "champName": "Gragas", 
            "downvotes": "1085", 
            "upvotes": "2213"
        }, 
        {
            "champName": "Aatrox", 
            "downvotes": "180", 
            "upvotes": "392"
        }, 
        {
            "champName": "Zed", 
            "downvotes": "1315", 
            "upvotes": "2412"
        }, 
        {
            "champName": "Kayle", 
            "downvotes": "177", 
            "upvotes": "383"
        }, 
        {
            "champName": "Yasuo", 
            "downvotes": "22", 
            "upvotes": "108"
        }, 
        {
            "champName": "LeBlanc", 
            "downvotes": "808", 
            "upvotes": "1445"
        }
    ], 
    "StrongAgainst": [
        {
            "champName": "Karthus", 
            "downvotes": "720", 
            "upvotes": "2260"
        }, 
        {
            "champName": "Ryze", 
            "downvotes": "1142", 
            "upvotes": "2116"
        }, 
        {
            "champName": "Karthus", 
            "downvotes": "578", 
            "upvotes": "1071"
        }, 
        {
            "champName": "Heimerdinger", 
            "downvotes": "395", 
            "upvotes": "741"
        }, 
        {
            "champName": "Lissandra", 
            "downvotes": "1118", 
            "upvotes": "1950"
        }, 
        {
            "champName": "Aatrox", 
            "downvotes": "40", 
            "upvotes": "120"
        }, 
        {
            "champName": "Teemo", 
            "downvotes": "131", 
            "upvotes": "256"
        }, 
        {
            "champName": "Twisted Fate", 
            "downvotes": "593", 
            "upvotes": "916"
        }, 
        {
            "champName": "Akali", 
            "downvotes": "231", 
            "upvotes": "388"
        }, 
        {
            "champName": "Annie", 
            "downvotes": "779", 
            "upvotes": "1162"
        }
    ], 
    "ChampionImageLocation": "http://www.solomid.net/guide/champ/lux.png", 
    "GoodWith": [
        {
            "champName": "Jinx", 
            "downvotes": "33", 
            "upvotes": "172"
        }, 
        {
            "champName": "Ezreal", 
            "downvotes": "560", 
            "upvotes": "1473"
        }, 
        {
            "champName": "Varus", 
            "downvotes": "74", 
            "upvotes": "209"
        }, 
        {
            "champName": "Morgana", 
            "downvotes": "42", 
            "upvotes": "132"
        }, 
        {
            "champName": "Nidalee", 
            "downvotes": "33", 
            "upvotes": "110"
        }, 
        {
            "champName": "Vayne", 
            "downvotes": "62", 
            "upvotes": "166"
        }, 
        {
            "champName": "Jarvan IV", 
            "downvotes": "81", 
            "upvotes": "202"
        }, 
        {
            "champName": "Sivir", 
            "downvotes": "29", 
            "upvotes": "94"
        }, 
        {
            "champName": "Garen", 
            "downvotes": "1041", 
            "upvotes": "1943"
        }, 
        {
            "champName": "Miss Fortune", 
            "downvotes": "62", 
            "upvotes": "148"
        }
    ]
}