{
    "ChampionName": {
        "lower": "lux", 
        "pretty": "Lux"
    }, 
    "WeakAgainst": [
        {
            "champName": "Talon", 
            "downvotes": "1440", 
            "upvotes": "5157"
        }, 
        {
            "champName": "Yasuo", 
            "downvotes": "577", 
            "upvotes": "1579"
        }, 
        {
            "champName": "Fizz", 
            "downvotes": "1914", 
            "upvotes": "4371"
        }, 
        {
            "champName": "Kassadin", 
            "downvotes": "1547", 
            "upvotes": "3152"
        }, 
        {
            "champName": "Gragas", 
            "downvotes": "1086", 
            "upvotes": "2206"
        }, 
        {
            "champName": "Zed", 
            "downvotes": "1308", 
            "upvotes": "2406"
        }, 
        {
            "champName": "Aatrox", 
            "downvotes": "181", 
            "upvotes": "390"
        }, 
        {
            "champName": "Kayle", 
            "downvotes": "176", 
            "upvotes": "381"
        }, 
        {
            "champName": "Yasuo", 
            "downvotes": "22", 
            "upvotes": "107"
        }, 
        {
            "champName": "LeBlanc", 
            "downvotes": "802", 
            "upvotes": "1443"
        }
    ], 
    "StrongAgainst": [
        {
            "champName": "Karthus", 
            "downvotes": "716", 
            "upvotes": "2258"
        }, 
        {
            "champName": "Ryze", 
            "downvotes": "1139", 
            "upvotes": "2113"
        }, 
        {
            "champName": "Karthus", 
            "downvotes": "578", 
            "upvotes": "1069"
        }, 
        {
            "champName": "Heimerdinger", 
            "downvotes": "391", 
            "upvotes": "734"
        }, 
        {
            "champName": "Lissandra", 
            "downvotes": "1115", 
            "upvotes": "1945"
        }, 
        {
            "champName": "Teemo", 
            "downvotes": "131", 
            "upvotes": "256"
        }, 
        {
            "champName": "Aatrox", 
            "downvotes": "41", 
            "upvotes": "119"
        }, 
        {
            "champName": "Twisted Fate", 
            "downvotes": "594", 
            "upvotes": "912"
        }, 
        {
            "champName": "Akali", 
            "downvotes": "230", 
            "upvotes": "387"
        }, 
        {
            "champName": "Annie", 
            "downvotes": "778", 
            "upvotes": "1158"
        }
    ], 
    "ChampionImageLocation": "http://www.solomid.net/guide/champ/lux.png", 
    "GoodWith": [
        {
            "champName": "Jinx", 
            "downvotes": "32", 
            "upvotes": "171"
        }, 
        {
            "champName": "Ezreal", 
            "downvotes": "558", 
            "upvotes": "1473"
        }, 
        {
            "champName": "Varus", 
            "downvotes": "73", 
            "upvotes": "208"
        }, 
        {
            "champName": "Nidalee", 
            "downvotes": "31", 
            "upvotes": "112"
        }, 
        {
            "champName": "Morgana", 
            "downvotes": "41", 
            "upvotes": "133"
        }, 
        {
            "champName": "Vayne", 
            "downvotes": "61", 
            "upvotes": "167"
        }, 
        {
            "champName": "Jarvan IV", 
            "downvotes": "81", 
            "upvotes": "202"
        }, 
        {
            "champName": "Sivir", 
            "downvotes": "30", 
            "upvotes": "93"
        }, 
        {
            "champName": "Miss Fortune", 
            "downvotes": "61", 
            "upvotes": "149"
        }, 
        {
            "champName": "Garen", 
            "downvotes": "1040", 
            "upvotes": "1942"
        }
    ]
}