{
    "ChampionName": {
        "lower": "malphite", 
        "pretty": "Malphite"
    }, 
    "WeakAgainst": [
        {
            "champName": "Rumble", 
            "downvotes": "935", 
            "upvotes": "2798"
        }, 
        {
            "champName": "Yorick", 
            "downvotes": "528", 
            "upvotes": "1275"
        }, 
        {
            "champName": "Cho'Gath", 
            "downvotes": "787", 
            "upvotes": "1686"
        }, 
        {
            "champName": "Darius", 
            "downvotes": "108", 
            "upvotes": "230"
        }, 
        {
            "champName": "Vladimir", 
            "downvotes": "1310", 
            "upvotes": "2061"
        }, 
        {
            "champName": "Garen", 
            "downvotes": "176", 
            "upvotes": "322"
        }, 
        {
            "champName": "Zac", 
            "downvotes": "210", 
            "upvotes": "370"
        }, 
        {
            "champName": "Riven", 
            "downvotes": "371", 
            "upvotes": "605"
        }, 
        {
            "champName": "Aatrox", 
            "downvotes": "50", 
            "upvotes": "128"
        }, 
        {
            "champName": "Nasus", 
            "downvotes": "335", 
            "upvotes": "533"
        }
    ], 
    "StrongAgainst": [
        {
            "champName": "Jax", 
            "downvotes": "2839", 
            "upvotes": "10136"
        }, 
        {
            "champName": "Fiora", 
            "downvotes": "711", 
            "upvotes": "1925"
        }, 
        {
            "champName": "Xin Zhao", 
            "downvotes": "537", 
            "upvotes": "1417"
        }, 
        {
            "champName": "Tryndamere", 
            "downvotes": "1137", 
            "upvotes": "2099"
        }, 
        {
            "champName": "Yasuo", 
            "downvotes": "61", 
            "upvotes": "163"
        }, 
        {
            "champName": "Xin Zhao", 
            "downvotes": "492", 
            "upvotes": "807"
        }, 
        {
            "champName": "Aatrox", 
            "downvotes": "223", 
            "upvotes": "390"
        }, 
        {
            "champName": "Riven", 
            "downvotes": "318", 
            "upvotes": "529"
        }, 
        {
            "champName": "Kha'Zix", 
            "downvotes": "83", 
            "upvotes": "179"
        }, 
        {
            "champName": "Wukong", 
            "downvotes": "161", 
            "upvotes": "289"
        }
    ], 
    "ChampionImageLocation": "http://www.solomid.net/guide/champ/malphite.png", 
    "GoodWith": [
        {
            "champName": "Yasuo", 
            "downvotes": "148", 
            "upvotes": "838"
        }, 
        {
            "champName": "Orianna", 
            "downvotes": "523", 
            "upvotes": "1872"
        }, 
        {
            "champName": "Lulu", 
            "downvotes": "57", 
            "upvotes": "156"
        }, 
        {
            "champName": "Amumu", 
            "downvotes": "178", 
            "upvotes": "377"
        }, 
        {
            "champName": "Katarina", 
            "downvotes": "382", 
            "upvotes": "737"
        }, 
        {
            "champName": "Kennen", 
            "downvotes": "57", 
            "upvotes": "141"
        }, 
        {
            "champName": "Jarvan IV", 
            "downvotes": "24", 
            "upvotes": "77"
        }, 
        {
            "champName": "Ashe", 
            "downvotes": "18", 
            "upvotes": "61"
        }, 
        {
            "champName": "Aatrox", 
            "downvotes": "26", 
            "upvotes": "71"
        }, 
        {
            "champName": "Zyra", 
            "downvotes": "205", 
            "upvotes": "339"
        }
    ]
}