{
    "ChampionName": {
        "lower": "malphite", 
        "pretty": "Malphite"
    }, 
    "WeakAgainst": [
        {
            "champName": "Rumble", 
            "downvotes": "933", 
            "upvotes": "2786"
        }, 
        {
            "champName": "Yorick", 
            "downvotes": "528", 
            "upvotes": "1268"
        }, 
        {
            "champName": "Cho'Gath", 
            "downvotes": "785", 
            "upvotes": "1680"
        }, 
        {
            "champName": "Darius", 
            "downvotes": "108", 
            "upvotes": "226"
        }, 
        {
            "champName": "Vladimir", 
            "downvotes": "1309", 
            "upvotes": "2058"
        }, 
        {
            "champName": "Garen", 
            "downvotes": "175", 
            "upvotes": "320"
        }, 
        {
            "champName": "Zac", 
            "downvotes": "209", 
            "upvotes": "369"
        }, 
        {
            "champName": "Riven", 
            "downvotes": "371", 
            "upvotes": "602"
        }, 
        {
            "champName": "Renekton", 
            "downvotes": "13", 
            "upvotes": "76"
        }, 
        {
            "champName": "Nasus", 
            "downvotes": "335", 
            "upvotes": "531"
        }
    ], 
    "StrongAgainst": [
        {
            "champName": "Jax", 
            "downvotes": "2821", 
            "upvotes": "10041"
        }, 
        {
            "champName": "Fiora", 
            "downvotes": "707", 
            "upvotes": "1915"
        }, 
        {
            "champName": "Xin Zhao", 
            "downvotes": "533", 
            "upvotes": "1414"
        }, 
        {
            "champName": "Tryndamere", 
            "downvotes": "1130", 
            "upvotes": "2091"
        }, 
        {
            "champName": "Yasuo", 
            "downvotes": "61", 
            "upvotes": "162"
        }, 
        {
            "champName": "Xin Zhao", 
            "downvotes": "492", 
            "upvotes": "805"
        }, 
        {
            "champName": "Riven", 
            "downvotes": "317", 
            "upvotes": "523"
        }, 
        {
            "champName": "Aatrox", 
            "downvotes": "223", 
            "upvotes": "385"
        }, 
        {
            "champName": "Wukong", 
            "downvotes": "160", 
            "upvotes": "287"
        }, 
        {
            "champName": "Kha'Zix", 
            "downvotes": "84", 
            "upvotes": "177"
        }
    ], 
    "ChampionImageLocation": "http://www.solomid.net/guide/champ/malphite.png", 
    "GoodWith": [
        {
            "champName": "Yasuo", 
            "downvotes": "146", 
            "upvotes": "832"
        }, 
        {
            "champName": "Orianna", 
            "downvotes": "518", 
            "upvotes": "1873"
        }, 
        {
            "champName": "Lulu", 
            "downvotes": "57", 
            "upvotes": "156"
        }, 
        {
            "champName": "Amumu", 
            "downvotes": "179", 
            "upvotes": "375"
        }, 
        {
            "champName": "Katarina", 
            "downvotes": "381", 
            "upvotes": "736"
        }, 
        {
            "champName": "Kennen", 
            "downvotes": "58", 
            "upvotes": "140"
        }, 
        {
            "champName": "Jarvan IV", 
            "downvotes": "24", 
            "upvotes": "77"
        }, 
        {
            "champName": "Ashe", 
            "downvotes": "18", 
            "upvotes": "61"
        }, 
        {
            "champName": "Aatrox", 
            "downvotes": "26", 
            "upvotes": "71"
        }, 
        {
            "champName": "Wukong", 
            "downvotes": "67", 
            "upvotes": "131"
        }
    ]
}