{
    "ChampionName": {
        "lower": "malzahar", 
        "pretty": "Malzahar"
    }, 
    "WeakAgainst": [
        {
            "champName": "Gangplank", 
            "downvotes": "689", 
            "upvotes": "1972"
        }, 
        {
            "champName": "Galio", 
            "downvotes": "476", 
            "upvotes": "1028"
        }, 
        {
            "champName": "LeBlanc", 
            "downvotes": "645", 
            "upvotes": "1210"
        }, 
        {
            "champName": "Syndra", 
            "downvotes": "161", 
            "upvotes": "290"
        }, 
        {
            "champName": "Ziggs", 
            "downvotes": "225", 
            "upvotes": "375"
        }, 
        {
            "champName": "Morgana", 
            "downvotes": "267", 
            "upvotes": "434"
        }, 
        {
            "champName": "Talon", 
            "downvotes": "334", 
            "upvotes": "522"
        }, 
        {
            "champName": "Aatrox", 
            "downvotes": "40", 
            "upvotes": "109"
        }, 
        {
            "champName": "Lux", 
            "downvotes": "2349", 
            "upvotes": "3225"
        }, 
        {
            "champName": "Annie", 
            "downvotes": "48", 
            "upvotes": "116"
        }
    ], 
    "StrongAgainst": [
        {
            "champName": "Katarina", 
            "downvotes": "1507", 
            "upvotes": "3825"
        }, 
        {
            "champName": "Yasuo", 
            "downvotes": "113", 
            "upvotes": "375"
        }, 
        {
            "champName": "Yasuo", 
            "downvotes": "149", 
            "upvotes": "459"
        }, 
        {
            "champName": "Vladimir", 
            "downvotes": "651", 
            "upvotes": "1540"
        }, 
        {
            "champName": "Heimerdinger", 
            "downvotes": "65", 
            "upvotes": "203"
        }, 
        {
            "champName": "Zed", 
            "downvotes": "252", 
            "upvotes": "549"
        }, 
        {
            "champName": "Ahri", 
            "downvotes": "705", 
            "upvotes": "1370"
        }, 
        {
            "champName": "Akali", 
            "downvotes": "571", 
            "upvotes": "1118"
        }, 
        {
            "champName": "Fizz", 
            "downvotes": "574", 
            "upvotes": "1108"
        }, 
        {
            "champName": "Kha'Zix", 
            "downvotes": "120", 
            "upvotes": "268"
        }
    ], 
    "ChampionImageLocation": "http://www.solomid.net/guide/champ/malzahar.png", 
    "GoodWith": [
        {
            "champName": "Warwick", 
            "downvotes": "345", 
            "upvotes": "595"
        }, 
        {
            "champName": "Jarvan IV", 
            "downvotes": "156", 
            "upvotes": "227"
        }, 
        {
            "champName": "Amumu", 
            "downvotes": "153", 
            "upvotes": "187"
        }, 
        {
            "champName": "Maokai", 
            "downvotes": "168", 
            "upvotes": "200"
        }, 
        {
            "champName": "Skarner", 
            "downvotes": "167", 
            "upvotes": "192"
        }, 
        {
            "champName": "Nocturne", 
            "downvotes": "99", 
            "upvotes": "116"
        }, 
        {
            "champName": "Anivia", 
            "downvotes": "21", 
            "upvotes": "36"
        }, 
        {
            "champName": "Viktor", 
            "downvotes": "64", 
            "upvotes": "72"
        }, 
        {
            "champName": "Aatrox", 
            "downvotes": "18", 
            "upvotes": "32"
        }, 
        {
            "champName": "Syndra", 
            "downvotes": "92", 
            "upvotes": "91"
        }
    ]
}