{
    "ChampionName": {
        "lower": "malzahar", 
        "pretty": "Malzahar"
    }, 
    "WeakAgainst": [
        {
            "champName": "Gangplank", 
            "downvotes": "690", 
            "upvotes": "1978"
        }, 
        {
            "champName": "Galio", 
            "downvotes": "475", 
            "upvotes": "1033"
        }, 
        {
            "champName": "LeBlanc", 
            "downvotes": "646", 
            "upvotes": "1215"
        }, 
        {
            "champName": "Syndra", 
            "downvotes": "162", 
            "upvotes": "293"
        }, 
        {
            "champName": "Morgana", 
            "downvotes": "267", 
            "upvotes": "435"
        }, 
        {
            "champName": "Ziggs", 
            "downvotes": "227", 
            "upvotes": "377"
        }, 
        {
            "champName": "Talon", 
            "downvotes": "334", 
            "upvotes": "522"
        }, 
        {
            "champName": "Lux", 
            "downvotes": "2356", 
            "upvotes": "3231"
        }, 
        {
            "champName": "Aatrox", 
            "downvotes": "41", 
            "upvotes": "109"
        }, 
        {
            "champName": "Annie", 
            "downvotes": "48", 
            "upvotes": "118"
        }
    ], 
    "StrongAgainst": [
        {
            "champName": "Katarina", 
            "downvotes": "1513", 
            "upvotes": "3836"
        }, 
        {
            "champName": "Yasuo", 
            "downvotes": "150", 
            "upvotes": "463"
        }, 
        {
            "champName": "Yasuo", 
            "downvotes": "116", 
            "upvotes": "375"
        }, 
        {
            "champName": "Vladimir", 
            "downvotes": "650", 
            "upvotes": "1547"
        }, 
        {
            "champName": "Heimerdinger", 
            "downvotes": "65", 
            "upvotes": "205"
        }, 
        {
            "champName": "Zed", 
            "downvotes": "252", 
            "upvotes": "552"
        }, 
        {
            "champName": "Ahri", 
            "downvotes": "706", 
            "upvotes": "1374"
        }, 
        {
            "champName": "Akali", 
            "downvotes": "572", 
            "upvotes": "1122"
        }, 
        {
            "champName": "Fizz", 
            "downvotes": "579", 
            "upvotes": "1111"
        }, 
        {
            "champName": "Kha'Zix", 
            "downvotes": "120", 
            "upvotes": "270"
        }
    ], 
    "ChampionImageLocation": "http://www.solomid.net/guide/champ/malzahar.png", 
    "GoodWith": [
        {
            "champName": "Warwick", 
            "downvotes": "344", 
            "upvotes": "599"
        }, 
        {
            "champName": "Jarvan IV", 
            "downvotes": "157", 
            "upvotes": "228"
        }, 
        {
            "champName": "Amumu", 
            "downvotes": "152", 
            "upvotes": "190"
        }, 
        {
            "champName": "Maokai", 
            "downvotes": "169", 
            "upvotes": "201"
        }, 
        {
            "champName": "Skarner", 
            "downvotes": "168", 
            "upvotes": "195"
        }, 
        {
            "champName": "Nocturne", 
            "downvotes": "99", 
            "upvotes": "116"
        }, 
        {
            "champName": "Anivia", 
            "downvotes": "21", 
            "upvotes": "36"
        }, 
        {
            "champName": "Aatrox", 
            "downvotes": "18", 
            "upvotes": "32"
        }, 
        {
            "champName": "Viktor", 
            "downvotes": "65", 
            "upvotes": "71"
        }, 
        {
            "champName": "Syndra", 
            "downvotes": "92", 
            "upvotes": "91"
        }
    ]
}