{
    "ChampionName": {
        "lower": "maokai", 
        "pretty": "Maokai"
    }, 
    "WeakAgainst": [
        {
            "champName": "Shyvana", 
            "downvotes": "314", 
            "upvotes": "706"
        }, 
        {
            "champName": "Shyvana", 
            "downvotes": "185", 
            "upvotes": "273"
        }, 
        {
            "champName": "Dr. Mundo", 
            "downvotes": "266", 
            "upvotes": "353"
        }, 
        {
            "champName": "Shyvana", 
            "downvotes": "300", 
            "upvotes": "373"
        }, 
        {
            "champName": "Lee Sin", 
            "downvotes": "169", 
            "upvotes": "213"
        }, 
        {
            "champName": "Shaco", 
            "downvotes": "224", 
            "upvotes": "254"
        }, 
        {
            "champName": "Xin Zhao", 
            "downvotes": "119", 
            "upvotes": "123"
        }, 
        {
            "champName": "Singed", 
            "downvotes": "106", 
            "upvotes": "111"
        }, 
        {
            "champName": "Cho'Gath", 
            "downvotes": "35", 
            "upvotes": "57"
        }, 
        {
            "champName": "Nocturne", 
            "downvotes": "110", 
            "upvotes": "107"
        }
    ], 
    "StrongAgainst": [
        {
            "champName": "Karthus", 
            "downvotes": "179", 
            "upvotes": "243"
        }, 
        {
            "champName": "Katarina", 
            "downvotes": "119", 
            "upvotes": "169"
        }, 
        {
            "champName": "Vladimir", 
            "downvotes": "147", 
            "upvotes": "183"
        }, 
        {
            "champName": "Elise", 
            "downvotes": "176", 
            "upvotes": "203"
        }, 
        {
            "champName": "Ezreal", 
            "downvotes": "134", 
            "upvotes": "146"
        }, 
        {
            "champName": "Hecarim", 
            "downvotes": "97", 
            "upvotes": "112"
        }, 
        {
            "champName": "Rengar", 
            "downvotes": "126", 
            "upvotes": "135"
        }, 
        {
            "champName": "Blitzcrank", 
            "downvotes": "137", 
            "upvotes": "138"
        }, 
        {
            "champName": "Janna", 
            "downvotes": "135", 
            "upvotes": "131"
        }, 
        {
            "champName": "Nunu", 
            "downvotes": "93", 
            "upvotes": "98"
        }
    ], 
    "ChampionImageLocation": "http://www.solomid.net/guide/champ/maokai.png", 
    "GoodWith": [
        {
            "champName": "Orianna", 
            "downvotes": "156", 
            "upvotes": "278"
        }, 
        {
            "champName": "Swain", 
            "downvotes": "279", 
            "upvotes": "464"
        }, 
        {
            "champName": "Ryze", 
            "downvotes": "503", 
            "upvotes": "794"
        }, 
        {
            "champName": "Zyra", 
            "downvotes": "179", 
            "upvotes": "237"
        }, 
        {
            "champName": "LeBlanc", 
            "downvotes": "190", 
            "upvotes": "239"
        }, 
        {
            "champName": "Rumble", 
            "downvotes": "49", 
            "upvotes": "77"
        }, 
        {
            "champName": "Veigar", 
            "downvotes": "156", 
            "upvotes": "195"
        }, 
        {
            "champName": "Anivia", 
            "downvotes": "303", 
            "upvotes": "352"
        }, 
        {
            "champName": "Lux", 
            "downvotes": "40", 
            "upvotes": "65"
        }, 
        {
            "champName": "Kassadin", 
            "downvotes": "214", 
            "upvotes": "250"
        }
    ]
}