{
    "ChampionName": {
        "lower": "maokai", 
        "pretty": "Maokai"
    }, 
    "WeakAgainst": [
        {
            "champName": "Shyvana", 
            "downvotes": "313", 
            "upvotes": "701"
        }, 
        {
            "champName": "Shyvana", 
            "downvotes": "186", 
            "upvotes": "271"
        }, 
        {
            "champName": "Dr. Mundo", 
            "downvotes": "264", 
            "upvotes": "354"
        }, 
        {
            "champName": "Shyvana", 
            "downvotes": "298", 
            "upvotes": "371"
        }, 
        {
            "champName": "Lee Sin", 
            "downvotes": "168", 
            "upvotes": "213"
        }, 
        {
            "champName": "Shaco", 
            "downvotes": "225", 
            "upvotes": "250"
        }, 
        {
            "champName": "Xin Zhao", 
            "downvotes": "118", 
            "upvotes": "122"
        }, 
        {
            "champName": "Singed", 
            "downvotes": "105", 
            "upvotes": "111"
        }, 
        {
            "champName": "Cho'Gath", 
            "downvotes": "35", 
            "upvotes": "55"
        }, 
        {
            "champName": "Nocturne", 
            "downvotes": "110", 
            "upvotes": "107"
        }
    ], 
    "StrongAgainst": [
        {
            "champName": "Karthus", 
            "downvotes": "180", 
            "upvotes": "241"
        }, 
        {
            "champName": "Katarina", 
            "downvotes": "118", 
            "upvotes": "170"
        }, 
        {
            "champName": "Vladimir", 
            "downvotes": "147", 
            "upvotes": "183"
        }, 
        {
            "champName": "Elise", 
            "downvotes": "174", 
            "upvotes": "202"
        }, 
        {
            "champName": "Ezreal", 
            "downvotes": "132", 
            "upvotes": "148"
        }, 
        {
            "champName": "Hecarim", 
            "downvotes": "95", 
            "upvotes": "113"
        }, 
        {
            "champName": "Rengar", 
            "downvotes": "124", 
            "upvotes": "136"
        }, 
        {
            "champName": "Blitzcrank", 
            "downvotes": "138", 
            "upvotes": "137"
        }, 
        {
            "champName": "Janna", 
            "downvotes": "134", 
            "upvotes": "132"
        }, 
        {
            "champName": "Nunu", 
            "downvotes": "92", 
            "upvotes": "98"
        }
    ], 
    "ChampionImageLocation": "http://www.solomid.net/guide/champ/maokai.png", 
    "GoodWith": [
        {
            "champName": "Orianna", 
            "downvotes": "155", 
            "upvotes": "278"
        }, 
        {
            "champName": "Swain", 
            "downvotes": "278", 
            "upvotes": "463"
        }, 
        {
            "champName": "Ryze", 
            "downvotes": "502", 
            "upvotes": "790"
        }, 
        {
            "champName": "Zyra", 
            "downvotes": "179", 
            "upvotes": "236"
        }, 
        {
            "champName": "LeBlanc", 
            "downvotes": "190", 
            "upvotes": "238"
        }, 
        {
            "champName": "Rumble", 
            "downvotes": "49", 
            "upvotes": "77"
        }, 
        {
            "champName": "Brand", 
            "downvotes": "63", 
            "upvotes": "92"
        }, 
        {
            "champName": "Anivia", 
            "downvotes": "302", 
            "upvotes": "353"
        }, 
        {
            "champName": "Veigar", 
            "downvotes": "157", 
            "upvotes": "193"
        }, 
        {
            "champName": "Lux", 
            "downvotes": "40", 
            "upvotes": "65"
        }
    ]
}