{
    "ChampionName": {
        "lower": "masteryi", 
        "pretty": "Master Yi"
    }, 
    "WeakAgainst": [
        {
            "champName": "Jax", 
            "downvotes": "1490", 
            "upvotes": "4599"
        }, 
        {
            "champName": "Pantheon", 
            "downvotes": "281", 
            "upvotes": "685"
        }, 
        {
            "champName": "Teemo", 
            "downvotes": "687", 
            "upvotes": "1356"
        }, 
        {
            "champName": "Rammus", 
            "downvotes": "478", 
            "upvotes": "948"
        }, 
        {
            "champName": "Aatrox", 
            "downvotes": "525", 
            "upvotes": "1010"
        }, 
        {
            "champName": "Riven", 
            "downvotes": "162", 
            "upvotes": "357"
        }, 
        {
            "champName": "Renekton", 
            "downvotes": "118", 
            "upvotes": "276"
        }, 
        {
            "champName": "Fiora", 
            "downvotes": "322", 
            "upvotes": "621"
        }, 
        {
            "champName": "Darius", 
            "downvotes": "118", 
            "upvotes": "252"
        }, 
        {
            "champName": "Lee Sin", 
            "downvotes": "56", 
            "upvotes": "152"
        }
    ], 
    "StrongAgainst": [
        {
            "champName": "Karthus", 
            "downvotes": "293", 
            "upvotes": "609"
        }, 
        {
            "champName": "Ashe", 
            "downvotes": "272", 
            "upvotes": "530"
        }, 
        {
            "champName": "Lux", 
            "downvotes": "806", 
            "upvotes": "1336"
        }, 
        {
            "champName": "Yasuo", 
            "downvotes": "185", 
            "upvotes": "340"
        }, 
        {
            "champName": "Katarina", 
            "downvotes": "460", 
            "upvotes": "662"
        }, 
        {
            "champName": "Heimerdinger", 
            "downvotes": "471", 
            "upvotes": "631"
        }, 
        {
            "champName": "Twisted Fate", 
            "downvotes": "213", 
            "upvotes": "298"
        }, 
        {
            "champName": "Aatrox", 
            "downvotes": "53", 
            "upvotes": "109"
        }, 
        {
            "champName": "Aatrox", 
            "downvotes": "35", 
            "upvotes": "87"
        }, 
        {
            "champName": "Nasus", 
            "downvotes": "110", 
            "upvotes": "167"
        }
    ], 
    "ChampionImageLocation": "http://www.solomid.net/guide/champ/masteryi.png", 
    "GoodWith": [
        {
            "champName": "Aatrox", 
            "downvotes": "27", 
            "upvotes": "71"
        }, 
        {
            "champName": "Ashe", 
            "downvotes": "374", 
            "upvotes": "587"
        }, 
        {
            "champName": "Amumu", 
            "downvotes": "192", 
            "upvotes": "293"
        }, 
        {
            "champName": "Lux", 
            "downvotes": "149", 
            "upvotes": "226"
        }, 
        {
            "champName": "Darius", 
            "downvotes": "31", 
            "upvotes": "68"
        }, 
        {
            "champName": "Blitzcrank", 
            "downvotes": "112", 
            "upvotes": "157"
        }, 
        {
            "champName": "Ahri", 
            "downvotes": "132", 
            "upvotes": "180"
        }, 
        {
            "champName": "Morgana", 
            "downvotes": "238", 
            "upvotes": "299"
        }, 
        {
            "champName": "Teemo", 
            "downvotes": "50", 
            "upvotes": "80"
        }, 
        {
            "champName": "Jax", 
            "downvotes": "110", 
            "upvotes": "141"
        }
    ]
}