{
    "ChampionName": {
        "lower": "masteryi", 
        "pretty": "Master Yi"
    }, 
    "WeakAgainst": [
        {
            "champName": "Jax", 
            "downvotes": "1499", 
            "upvotes": "4637"
        }, 
        {
            "champName": "Pantheon", 
            "downvotes": "282", 
            "upvotes": "688"
        }, 
        {
            "champName": "Teemo", 
            "downvotes": "693", 
            "upvotes": "1363"
        }, 
        {
            "champName": "Rammus", 
            "downvotes": "481", 
            "upvotes": "950"
        }, 
        {
            "champName": "Aatrox", 
            "downvotes": "529", 
            "upvotes": "1013"
        }, 
        {
            "champName": "Riven", 
            "downvotes": "164", 
            "upvotes": "358"
        }, 
        {
            "champName": "Renekton", 
            "downvotes": "120", 
            "upvotes": "278"
        }, 
        {
            "champName": "Fiora", 
            "downvotes": "324", 
            "upvotes": "622"
        }, 
        {
            "champName": "Lee Sin", 
            "downvotes": "58", 
            "upvotes": "159"
        }, 
        {
            "champName": "Darius", 
            "downvotes": "117", 
            "upvotes": "254"
        }
    ], 
    "StrongAgainst": [
        {
            "champName": "Karthus", 
            "downvotes": "296", 
            "upvotes": "611"
        }, 
        {
            "champName": "Ashe", 
            "downvotes": "271", 
            "upvotes": "531"
        }, 
        {
            "champName": "Lux", 
            "downvotes": "806", 
            "upvotes": "1342"
        }, 
        {
            "champName": "Yasuo", 
            "downvotes": "187", 
            "upvotes": "345"
        }, 
        {
            "champName": "Katarina", 
            "downvotes": "462", 
            "upvotes": "660"
        }, 
        {
            "champName": "Heimerdinger", 
            "downvotes": "474", 
            "upvotes": "633"
        }, 
        {
            "champName": "Aatrox", 
            "downvotes": "34", 
            "upvotes": "90"
        }, 
        {
            "champName": "Aatrox", 
            "downvotes": "53", 
            "upvotes": "111"
        }, 
        {
            "champName": "Twisted Fate", 
            "downvotes": "213", 
            "upvotes": "299"
        }, 
        {
            "champName": "Nasus", 
            "downvotes": "111", 
            "upvotes": "169"
        }
    ], 
    "ChampionImageLocation": "http://www.solomid.net/guide/champ/masteryi.png", 
    "GoodWith": [
        {
            "champName": "Aatrox", 
            "downvotes": "27", 
            "upvotes": "72"
        }, 
        {
            "champName": "Ashe", 
            "downvotes": "373", 
            "upvotes": "590"
        }, 
        {
            "champName": "Amumu", 
            "downvotes": "193", 
            "upvotes": "294"
        }, 
        {
            "champName": "Lux", 
            "downvotes": "150", 
            "upvotes": "227"
        }, 
        {
            "champName": "Darius", 
            "downvotes": "32", 
            "upvotes": "68"
        }, 
        {
            "champName": "Blitzcrank", 
            "downvotes": "112", 
            "upvotes": "158"
        }, 
        {
            "champName": "Ahri", 
            "downvotes": "133", 
            "upvotes": "179"
        }, 
        {
            "champName": "Morgana", 
            "downvotes": "238", 
            "upvotes": "300"
        }, 
        {
            "champName": "Teemo", 
            "downvotes": "50", 
            "upvotes": "80"
        }, 
        {
            "champName": "Jax", 
            "downvotes": "110", 
            "upvotes": "142"
        }
    ]
}