{
    "ChampionName": {
        "lower": "missfortune", 
        "pretty": "Miss Fortune"
    }, 
    "WeakAgainst": [
        {
            "champName": "Tristana", 
            "downvotes": "1857", 
            "upvotes": "5275"
        }, 
        {
            "champName": "Taric", 
            "downvotes": "465", 
            "upvotes": "1031"
        }, 
        {
            "champName": "Draven", 
            "downvotes": "1449", 
            "upvotes": "2776"
        }, 
        {
            "champName": "Aatrox", 
            "downvotes": "77", 
            "upvotes": "173"
        }, 
        {
            "champName": "Caitlyn", 
            "downvotes": "2019", 
            "upvotes": "2997"
        }, 
        {
            "champName": "Yasuo", 
            "downvotes": "85", 
            "upvotes": "180"
        }, 
        {
            "champName": "Quinn", 
            "downvotes": "426", 
            "upvotes": "660"
        }, 
        {
            "champName": "Varus", 
            "downvotes": "858", 
            "upvotes": "1253"
        }, 
        {
            "champName": "Sivir", 
            "downvotes": "253", 
            "upvotes": "387"
        }, 
        {
            "champName": "Vayne", 
            "downvotes": "162", 
            "upvotes": "263"
        }
    ], 
    "StrongAgainst": [
        {
            "champName": "Soraka", 
            "downvotes": "488", 
            "upvotes": "1311"
        }, 
        {
            "champName": "Ezreal", 
            "downvotes": "1727", 
            "upvotes": "4123"
        }, 
        {
            "champName": "Jinx", 
            "downvotes": "74", 
            "upvotes": "197"
        }, 
        {
            "champName": "Dr. Mundo", 
            "downvotes": "510", 
            "upvotes": "931"
        }, 
        {
            "champName": "Vayne", 
            "downvotes": "1319", 
            "upvotes": "2275"
        }, 
        {
            "champName": "Jinx", 
            "downvotes": "270", 
            "upvotes": "477"
        }, 
        {
            "champName": "Graves", 
            "downvotes": "1387", 
            "upvotes": "2167"
        }, 
        {
            "champName": "Lucian", 
            "downvotes": "67", 
            "upvotes": "156"
        }, 
        {
            "champName": "Quinn", 
            "downvotes": "624", 
            "upvotes": "939"
        }, 
        {
            "champName": "Caitlyn", 
            "downvotes": "393", 
            "upvotes": "606"
        }
    ], 
    "ChampionImageLocation": "http://www.solomid.net/guide/champ/missfortune.png", 
    "GoodWith": [
        {
            "champName": "Amumu", 
            "downvotes": "26", 
            "upvotes": "334"
        }, 
        {
            "champName": "Lulu", 
            "downvotes": "29", 
            "upvotes": "220"
        }, 
        {
            "champName": "Blitzcrank", 
            "downvotes": "103", 
            "upvotes": "519"
        }, 
        {
            "champName": "Alistar", 
            "downvotes": "26", 
            "upvotes": "194"
        }, 
        {
            "champName": "Soraka", 
            "downvotes": "87", 
            "upvotes": "372"
        }, 
        {
            "champName": "Leona", 
            "downvotes": "350", 
            "upvotes": "1226"
        }, 
        {
            "champName": "Thresh", 
            "downvotes": "376", 
            "upvotes": "1182"
        }, 
        {
            "champName": "Jarvan IV", 
            "downvotes": "136", 
            "upvotes": "447"
        }, 
        {
            "champName": "Nami", 
            "downvotes": "207", 
            "upvotes": "638"
        }, 
        {
            "champName": "Sona", 
            "downvotes": "696", 
            "upvotes": "1899"
        }
    ]
}