{
    "ChampionName": {
        "lower": "missfortune", 
        "pretty": "Miss Fortune"
    }, 
    "WeakAgainst": [
        {
            "champName": "Tristana", 
            "downvotes": "1850", 
            "upvotes": "5267"
        }, 
        {
            "champName": "Taric", 
            "downvotes": "465", 
            "upvotes": "1029"
        }, 
        {
            "champName": "Draven", 
            "downvotes": "1448", 
            "upvotes": "2768"
        }, 
        {
            "champName": "Aatrox", 
            "downvotes": "76", 
            "upvotes": "172"
        }, 
        {
            "champName": "Caitlyn", 
            "downvotes": "2006", 
            "upvotes": "2993"
        }, 
        {
            "champName": "Yasuo", 
            "downvotes": "85", 
            "upvotes": "178"
        }, 
        {
            "champName": "Quinn", 
            "downvotes": "427", 
            "upvotes": "656"
        }, 
        {
            "champName": "Varus", 
            "downvotes": "855", 
            "upvotes": "1253"
        }, 
        {
            "champName": "Sivir", 
            "downvotes": "250", 
            "upvotes": "387"
        }, 
        {
            "champName": "Vayne", 
            "downvotes": "162", 
            "upvotes": "263"
        }
    ], 
    "StrongAgainst": [
        {
            "champName": "Soraka", 
            "downvotes": "487", 
            "upvotes": "1306"
        }, 
        {
            "champName": "Ezreal", 
            "downvotes": "1721", 
            "upvotes": "4109"
        }, 
        {
            "champName": "Jinx", 
            "downvotes": "73", 
            "upvotes": "195"
        }, 
        {
            "champName": "Dr. Mundo", 
            "downvotes": "511", 
            "upvotes": "928"
        }, 
        {
            "champName": "Vayne", 
            "downvotes": "1314", 
            "upvotes": "2275"
        }, 
        {
            "champName": "Jinx", 
            "downvotes": "270", 
            "upvotes": "475"
        }, 
        {
            "champName": "Graves", 
            "downvotes": "1381", 
            "upvotes": "2163"
        }, 
        {
            "champName": "Lucian", 
            "downvotes": "66", 
            "upvotes": "154"
        }, 
        {
            "champName": "Quinn", 
            "downvotes": "622", 
            "upvotes": "937"
        }, 
        {
            "champName": "Caitlyn", 
            "downvotes": "394", 
            "upvotes": "601"
        }
    ], 
    "ChampionImageLocation": "http://www.solomid.net/guide/champ/missfortune.png", 
    "GoodWith": [
        {
            "champName": "Amumu", 
            "downvotes": "26", 
            "upvotes": "334"
        }, 
        {
            "champName": "Lulu", 
            "downvotes": "28", 
            "upvotes": "220"
        }, 
        {
            "champName": "Alistar", 
            "downvotes": "26", 
            "upvotes": "194"
        }, 
        {
            "champName": "Blitzcrank", 
            "downvotes": "104", 
            "upvotes": "517"
        }, 
        {
            "champName": "Soraka", 
            "downvotes": "87", 
            "upvotes": "372"
        }, 
        {
            "champName": "Leona", 
            "downvotes": "351", 
            "upvotes": "1222"
        }, 
        {
            "champName": "Thresh", 
            "downvotes": "375", 
            "upvotes": "1181"
        }, 
        {
            "champName": "Jarvan IV", 
            "downvotes": "136", 
            "upvotes": "447"
        }, 
        {
            "champName": "Nami", 
            "downvotes": "205", 
            "upvotes": "639"
        }, 
        {
            "champName": "Sona", 
            "downvotes": "697", 
            "upvotes": "1893"
        }
    ]
}