{
    "ChampionName": {
        "lower": "mordekaiser", 
        "pretty": "Mordekaiser"
    }, 
    "WeakAgainst": [
        {
            "champName": "Zyra", 
            "downvotes": "572", 
            "upvotes": "1302"
        }, 
        {
            "champName": "Cassiopeia", 
            "downvotes": "510", 
            "upvotes": "1117"
        }, 
        {
            "champName": "Swain", 
            "downvotes": "742", 
            "upvotes": "1346"
        }, 
        {
            "champName": "Garen", 
            "downvotes": "1399", 
            "upvotes": "2306"
        }, 
        {
            "champName": "Aatrox", 
            "downvotes": "138", 
            "upvotes": "273"
        }, 
        {
            "champName": "Kayle", 
            "downvotes": "179", 
            "upvotes": "332"
        }, 
        {
            "champName": "Yorick", 
            "downvotes": "582", 
            "upvotes": "933"
        }, 
        {
            "champName": "Malzahar", 
            "downvotes": "435", 
            "upvotes": "689"
        }, 
        {
            "champName": "Ziggs", 
            "downvotes": "146", 
            "upvotes": "266"
        }, 
        {
            "champName": "Syndra", 
            "downvotes": "39", 
            "upvotes": "109"
        }
    ], 
    "StrongAgainst": [
        {
            "champName": "Diana", 
            "downvotes": "2448", 
            "upvotes": "8548"
        }, 
        {
            "champName": "Fizz", 
            "downvotes": "1725", 
            "upvotes": "4419"
        }, 
        {
            "champName": "Akali", 
            "downvotes": "1056", 
            "upvotes": "2684"
        }, 
        {
            "champName": "Yasuo", 
            "downvotes": "239", 
            "upvotes": "667"
        }, 
        {
            "champName": "Yasuo", 
            "downvotes": "64", 
            "upvotes": "245"
        }, 
        {
            "champName": "Kassadin", 
            "downvotes": "1261", 
            "upvotes": "2771"
        }, 
        {
            "champName": "Nasus", 
            "downvotes": "75", 
            "upvotes": "222"
        }, 
        {
            "champName": "Morgana", 
            "downvotes": "743", 
            "upvotes": "1457"
        }, 
        {
            "champName": "Zed", 
            "downvotes": "130", 
            "upvotes": "312"
        }, 
        {
            "champName": "Renekton", 
            "downvotes": "191", 
            "upvotes": "402"
        }
    ], 
    "ChampionImageLocation": "http://www.solomid.net/guide/champ/mordekaiser.png", 
    "GoodWith": [
        {
            "champName": "Yorick", 
            "downvotes": "671", 
            "upvotes": "1406"
        }, 
        {
            "champName": "Wukong", 
            "downvotes": "172", 
            "upvotes": "276"
        }, 
        {
            "champName": "Malphite", 
            "downvotes": "411", 
            "upvotes": "569"
        }, 
        {
            "champName": "Amumu", 
            "downvotes": "110", 
            "upvotes": "164"
        }, 
        {
            "champName": "Aatrox", 
            "downvotes": "14", 
            "upvotes": "39"
        }, 
        {
            "champName": "Skarner", 
            "downvotes": "304", 
            "upvotes": "362"
        }, 
        {
            "champName": "Ahri", 
            "downvotes": "28", 
            "upvotes": "52"
        }, 
        {
            "champName": "Kennen", 
            "downvotes": "133", 
            "upvotes": "157"
        }, 
        {
            "champName": "Kayle", 
            "downvotes": "42", 
            "upvotes": "57"
        }, 
        {
            "champName": "Warwick", 
            "downvotes": "70", 
            "upvotes": "81"
        }
    ]
}