{
    "ChampionName": {
        "lower": "mordekaiser", 
        "pretty": "Mordekaiser"
    }, 
    "WeakAgainst": [
        {
            "champName": "Zyra", 
            "downvotes": "574", 
            "upvotes": "1307"
        }, 
        {
            "champName": "Cassiopeia", 
            "downvotes": "511", 
            "upvotes": "1119"
        }, 
        {
            "champName": "Swain", 
            "downvotes": "743", 
            "upvotes": "1347"
        }, 
        {
            "champName": "Garen", 
            "downvotes": "1402", 
            "upvotes": "2323"
        }, 
        {
            "champName": "Kayle", 
            "downvotes": "178", 
            "upvotes": "336"
        }, 
        {
            "champName": "Aatrox", 
            "downvotes": "139", 
            "upvotes": "273"
        }, 
        {
            "champName": "Yorick", 
            "downvotes": "583", 
            "upvotes": "933"
        }, 
        {
            "champName": "Ziggs", 
            "downvotes": "145", 
            "upvotes": "269"
        }, 
        {
            "champName": "Malzahar", 
            "downvotes": "435", 
            "upvotes": "690"
        }, 
        {
            "champName": "Syndra", 
            "downvotes": "39", 
            "upvotes": "110"
        }
    ], 
    "StrongAgainst": [
        {
            "champName": "Diana", 
            "downvotes": "2452", 
            "upvotes": "8564"
        }, 
        {
            "champName": "Fizz", 
            "downvotes": "1731", 
            "upvotes": "4438"
        }, 
        {
            "champName": "Akali", 
            "downvotes": "1066", 
            "upvotes": "2695"
        }, 
        {
            "champName": "Yasuo", 
            "downvotes": "239", 
            "upvotes": "671"
        }, 
        {
            "champName": "Yasuo", 
            "downvotes": "65", 
            "upvotes": "246"
        }, 
        {
            "champName": "Kassadin", 
            "downvotes": "1260", 
            "upvotes": "2778"
        }, 
        {
            "champName": "Nasus", 
            "downvotes": "78", 
            "upvotes": "223"
        }, 
        {
            "champName": "Morgana", 
            "downvotes": "746", 
            "upvotes": "1458"
        }, 
        {
            "champName": "Zed", 
            "downvotes": "132", 
            "upvotes": "314"
        }, 
        {
            "champName": "Renekton", 
            "downvotes": "190", 
            "upvotes": "407"
        }
    ], 
    "ChampionImageLocation": "http://www.solomid.net/guide/champ/mordekaiser.png", 
    "GoodWith": [
        {
            "champName": "Yorick", 
            "downvotes": "673", 
            "upvotes": "1408"
        }, 
        {
            "champName": "Wukong", 
            "downvotes": "173", 
            "upvotes": "278"
        }, 
        {
            "champName": "Malphite", 
            "downvotes": "411", 
            "upvotes": "569"
        }, 
        {
            "champName": "Amumu", 
            "downvotes": "110", 
            "upvotes": "164"
        }, 
        {
            "champName": "Aatrox", 
            "downvotes": "14", 
            "upvotes": "40"
        }, 
        {
            "champName": "Skarner", 
            "downvotes": "303", 
            "upvotes": "365"
        }, 
        {
            "champName": "Ahri", 
            "downvotes": "28", 
            "upvotes": "52"
        }, 
        {
            "champName": "Kennen", 
            "downvotes": "134", 
            "upvotes": "157"
        }, 
        {
            "champName": "Kayle", 
            "downvotes": "42", 
            "upvotes": "57"
        }, 
        {
            "champName": "Warwick", 
            "downvotes": "70", 
            "upvotes": "81"
        }
    ]
}