{
    "ChampionName": {
        "lower": "morgana", 
        "pretty": "Morgana"
    }, 
    "WeakAgainst": [
        {
            "champName": "Talon", 
            "downvotes": "843", 
            "upvotes": "2524"
        }, 
        {
            "champName": "Mordekaiser", 
            "downvotes": "743", 
            "upvotes": "1457"
        }, 
        {
            "champName": "Vladimir", 
            "downvotes": "816", 
            "upvotes": "1490"
        }, 
        {
            "champName": "Zed", 
            "downvotes": "184", 
            "upvotes": "330"
        }, 
        {
            "champName": "Aatrox", 
            "downvotes": "31", 
            "upvotes": "104"
        }, 
        {
            "champName": "Fizz", 
            "downvotes": "657", 
            "upvotes": "1013"
        }, 
        {
            "champName": "Akali", 
            "downvotes": "64", 
            "upvotes": "151"
        }, 
        {
            "champName": "Katarina", 
            "downvotes": "1465", 
            "upvotes": "2137"
        }, 
        {
            "champName": "Gangplank", 
            "downvotes": "370", 
            "upvotes": "581"
        }, 
        {
            "champName": "Kha'Zix", 
            "downvotes": "39", 
            "upvotes": "99"
        }
    ], 
    "StrongAgainst": [
        {
            "champName": "Leona", 
            "downvotes": "577", 
            "upvotes": "1908"
        }, 
        {
            "champName": "Thresh", 
            "downvotes": "200", 
            "upvotes": "605"
        }, 
        {
            "champName": "Blitzcrank", 
            "downvotes": "296", 
            "upvotes": "776"
        }, 
        {
            "champName": "Yasuo", 
            "downvotes": "36", 
            "upvotes": "151"
        }, 
        {
            "champName": "Heimerdinger", 
            "downvotes": "41", 
            "upvotes": "154"
        }, 
        {
            "champName": "Akali", 
            "downvotes": "148", 
            "upvotes": "351"
        }, 
        {
            "champName": "Sion", 
            "downvotes": "449", 
            "upvotes": "905"
        }, 
        {
            "champName": "Yasuo", 
            "downvotes": "15", 
            "upvotes": "101"
        }, 
        {
            "champName": "Ahri", 
            "downvotes": "68", 
            "upvotes": "194"
        }, 
        {
            "champName": "Fizz", 
            "downvotes": "279", 
            "upvotes": "551"
        }
    ], 
    "ChampionImageLocation": "http://www.solomid.net/guide/champ/morgana.png", 
    "GoodWith": [
        {
            "champName": "Jinx", 
            "downvotes": "12", 
            "upvotes": "130"
        }, 
        {
            "champName": "Sivir", 
            "downvotes": "6", 
            "upvotes": "105"
        }, 
        {
            "champName": "Ezreal", 
            "downvotes": "10", 
            "upvotes": "89"
        }, 
        {
            "champName": "Caitlyn", 
            "downvotes": "26", 
            "upvotes": "132"
        }, 
        {
            "champName": "Amumu", 
            "downvotes": "297", 
            "upvotes": "749"
        }, 
        {
            "champName": "Lucian", 
            "downvotes": "1", 
            "upvotes": "48"
        }, 
        {
            "champName": "Varus", 
            "downvotes": "65", 
            "upvotes": "194"
        }, 
        {
            "champName": "Lux", 
            "downvotes": "41", 
            "upvotes": "133"
        }, 
        {
            "champName": "Vayne", 
            "downvotes": "15", 
            "upvotes": "73"
        }, 
        {
            "champName": "Draven", 
            "downvotes": "142", 
            "upvotes": "330"
        }
    ]
}