{
    "ChampionName": {
        "lower": "morgana", 
        "pretty": "Morgana"
    }, 
    "WeakAgainst": [
        {
            "champName": "Talon", 
            "downvotes": "843", 
            "upvotes": "2531"
        }, 
        {
            "champName": "Mordekaiser", 
            "downvotes": "744", 
            "upvotes": "1458"
        }, 
        {
            "champName": "Vladimir", 
            "downvotes": "817", 
            "upvotes": "1492"
        }, 
        {
            "champName": "Aatrox", 
            "downvotes": "31", 
            "upvotes": "105"
        }, 
        {
            "champName": "Zed", 
            "downvotes": "185", 
            "upvotes": "331"
        }, 
        {
            "champName": "Fizz", 
            "downvotes": "659", 
            "upvotes": "1016"
        }, 
        {
            "champName": "Akali", 
            "downvotes": "65", 
            "upvotes": "152"
        }, 
        {
            "champName": "Katarina", 
            "downvotes": "1469", 
            "upvotes": "2143"
        }, 
        {
            "champName": "Gangplank", 
            "downvotes": "370", 
            "upvotes": "581"
        }, 
        {
            "champName": "Kha'Zix", 
            "downvotes": "39", 
            "upvotes": "100"
        }
    ], 
    "StrongAgainst": [
        {
            "champName": "Leona", 
            "downvotes": "582", 
            "upvotes": "1917"
        }, 
        {
            "champName": "Thresh", 
            "downvotes": "201", 
            "upvotes": "613"
        }, 
        {
            "champName": "Blitzcrank", 
            "downvotes": "297", 
            "upvotes": "779"
        }, 
        {
            "champName": "Yasuo", 
            "downvotes": "38", 
            "upvotes": "151"
        }, 
        {
            "champName": "Heimerdinger", 
            "downvotes": "42", 
            "upvotes": "155"
        }, 
        {
            "champName": "Akali", 
            "downvotes": "148", 
            "upvotes": "353"
        }, 
        {
            "champName": "Sion", 
            "downvotes": "449", 
            "upvotes": "906"
        }, 
        {
            "champName": "Yasuo", 
            "downvotes": "15", 
            "upvotes": "101"
        }, 
        {
            "champName": "Ahri", 
            "downvotes": "69", 
            "upvotes": "194"
        }, 
        {
            "champName": "Fizz", 
            "downvotes": "281", 
            "upvotes": "553"
        }
    ], 
    "ChampionImageLocation": "http://www.solomid.net/guide/champ/morgana.png", 
    "GoodWith": [
        {
            "champName": "Sivir", 
            "downvotes": "5", 
            "upvotes": "107"
        }, 
        {
            "champName": "Jinx", 
            "downvotes": "11", 
            "upvotes": "132"
        }, 
        {
            "champName": "Ezreal", 
            "downvotes": "10", 
            "upvotes": "90"
        }, 
        {
            "champName": "Caitlyn", 
            "downvotes": "26", 
            "upvotes": "132"
        }, 
        {
            "champName": "Lucian", 
            "downvotes": "0", 
            "upvotes": "49"
        }, 
        {
            "champName": "Amumu", 
            "downvotes": "299", 
            "upvotes": "750"
        }, 
        {
            "champName": "Varus", 
            "downvotes": "65", 
            "upvotes": "195"
        }, 
        {
            "champName": "Lux", 
            "downvotes": "41", 
            "upvotes": "133"
        }, 
        {
            "champName": "Vayne", 
            "downvotes": "15", 
            "upvotes": "75"
        }, 
        {
            "champName": "Draven", 
            "downvotes": "142", 
            "upvotes": "331"
        }
    ]
}