{
    "ChampionName": {
        "lower": "morgana", 
        "pretty": "Morgana"
    }, 
    "WeakAgainst": [
        {
            "champName": "Talon", 
            "downvotes": "847", 
            "upvotes": "2532"
        }, 
        {
            "champName": "Mordekaiser", 
            "downvotes": "746", 
            "upvotes": "1458"
        }, 
        {
            "champName": "Vladimir", 
            "downvotes": "819", 
            "upvotes": "1496"
        }, 
        {
            "champName": "Zed", 
            "downvotes": "186", 
            "upvotes": "332"
        }, 
        {
            "champName": "Aatrox", 
            "downvotes": "32", 
            "upvotes": "105"
        }, 
        {
            "champName": "Akali", 
            "downvotes": "66", 
            "upvotes": "154"
        }, 
        {
            "champName": "Fizz", 
            "downvotes": "661", 
            "upvotes": "1018"
        }, 
        {
            "champName": "Gangplank", 
            "downvotes": "369", 
            "upvotes": "583"
        }, 
        {
            "champName": "Katarina", 
            "downvotes": "1477", 
            "upvotes": "2146"
        }, 
        {
            "champName": "Kha'Zix", 
            "downvotes": "40", 
            "upvotes": "100"
        }
    ], 
    "StrongAgainst": [
        {
            "champName": "Leona", 
            "downvotes": "584", 
            "upvotes": "1925"
        }, 
        {
            "champName": "Thresh", 
            "downvotes": "201", 
            "upvotes": "616"
        }, 
        {
            "champName": "Blitzcrank", 
            "downvotes": "298", 
            "upvotes": "783"
        }, 
        {
            "champName": "Yasuo", 
            "downvotes": "39", 
            "upvotes": "153"
        }, 
        {
            "champName": "Akali", 
            "downvotes": "148", 
            "upvotes": "354"
        }, 
        {
            "champName": "Heimerdinger", 
            "downvotes": "43", 
            "upvotes": "155"
        }, 
        {
            "champName": "Sion", 
            "downvotes": "451", 
            "upvotes": "910"
        }, 
        {
            "champName": "Yasuo", 
            "downvotes": "17", 
            "upvotes": "101"
        }, 
        {
            "champName": "Ahri", 
            "downvotes": "71", 
            "upvotes": "194"
        }, 
        {
            "champName": "Fizz", 
            "downvotes": "281", 
            "upvotes": "557"
        }
    ], 
    "ChampionImageLocation": "http://www.solomid.net/guide/champ/morgana.png", 
    "GoodWith": [
        {
            "champName": "Jinx", 
            "downvotes": "11", 
            "upvotes": "132"
        }, 
        {
            "champName": "Sivir", 
            "downvotes": "6", 
            "upvotes": "106"
        }, 
        {
            "champName": "Ezreal", 
            "downvotes": "10", 
            "upvotes": "90"
        }, 
        {
            "champName": "Caitlyn", 
            "downvotes": "26", 
            "upvotes": "134"
        }, 
        {
            "champName": "Lucian", 
            "downvotes": "0", 
            "upvotes": "52"
        }, 
        {
            "champName": "Amumu", 
            "downvotes": "299", 
            "upvotes": "750"
        }, 
        {
            "champName": "Varus", 
            "downvotes": "65", 
            "upvotes": "196"
        }, 
        {
            "champName": "Vayne", 
            "downvotes": "15", 
            "upvotes": "75"
        }, 
        {
            "champName": "Lux", 
            "downvotes": "42", 
            "upvotes": "132"
        }, 
        {
            "champName": "Draven", 
            "downvotes": "143", 
            "upvotes": "331"
        }
    ]
}