{
    "ChampionName": {
        "lower": "nami", 
        "pretty": "Nami"
    }, 
    "WeakAgainst": [
        {
            "champName": "Lulu", 
            "downvotes": "499", 
            "upvotes": "949"
        }, 
        {
            "champName": "Ezreal", 
            "downvotes": "531", 
            "upvotes": "787"
        }, 
        {
            "champName": "Fizz", 
            "downvotes": "161", 
            "upvotes": "272"
        }, 
        {
            "champName": "Morgana", 
            "downvotes": "102", 
            "upvotes": "163"
        }, 
        {
            "champName": "Leona", 
            "downvotes": "565", 
            "upvotes": "691"
        }, 
        {
            "champName": "Blitzcrank", 
            "downvotes": "263", 
            "upvotes": "316"
        }, 
        {
            "champName": "Vayne", 
            "downvotes": "223", 
            "upvotes": "252"
        }, 
        {
            "champName": "Sona", 
            "downvotes": "324", 
            "upvotes": "332"
        }, 
        {
            "champName": "Yasuo", 
            "downvotes": "29", 
            "upvotes": "59"
        }, 
        {
            "champName": "Karthus", 
            "downvotes": "339", 
            "upvotes": "305"
        }
    ], 
    "StrongAgainst": [
        {
            "champName": "Draven", 
            "downvotes": "424", 
            "upvotes": "728"
        }, 
        {
            "champName": "Taric", 
            "downvotes": "427", 
            "upvotes": "695"
        }, 
        {
            "champName": "Thresh", 
            "downvotes": "250", 
            "upvotes": "369"
        }, 
        {
            "champName": "Katarina", 
            "downvotes": "163", 
            "upvotes": "255"
        }, 
        {
            "champName": "Urgot", 
            "downvotes": "275", 
            "upvotes": "370"
        }, 
        {
            "champName": "Karma", 
            "downvotes": "290", 
            "upvotes": "365"
        }, 
        {
            "champName": "Janna", 
            "downvotes": "215", 
            "upvotes": "273"
        }, 
        {
            "champName": "Leona", 
            "downvotes": "117", 
            "upvotes": "160"
        }, 
        {
            "champName": "Nunu", 
            "downvotes": "166", 
            "upvotes": "190"
        }, 
        {
            "champName": "Draven", 
            "downvotes": "69", 
            "upvotes": "84"
        }
    ], 
    "ChampionImageLocation": "http://www.solomid.net/guide/champ/nami.png", 
    "GoodWith": [
        {
            "champName": "Yasuo", 
            "downvotes": "18", 
            "upvotes": "337"
        }, 
        {
            "champName": "Vayne", 
            "downvotes": "166", 
            "upvotes": "1165"
        }, 
        {
            "champName": "Ashe", 
            "downvotes": "30", 
            "upvotes": "310"
        }, 
        {
            "champName": "Tristana", 
            "downvotes": "26", 
            "upvotes": "202"
        }, 
        {
            "champName": "Draven", 
            "downvotes": "133", 
            "upvotes": "630"
        }, 
        {
            "champName": "Caitlyn", 
            "downvotes": "181", 
            "upvotes": "819"
        }, 
        {
            "champName": "Varus", 
            "downvotes": "148", 
            "upvotes": "675"
        }, 
        {
            "champName": "Corki", 
            "downvotes": "17", 
            "upvotes": "144"
        }, 
        {
            "champName": "Sivir", 
            "downvotes": "24", 
            "upvotes": "164"
        }, 
        {
            "champName": "Jinx", 
            "downvotes": "327", 
            "upvotes": "1230"
        }
    ]
}