{
    "ChampionName": {
        "lower": "nami", 
        "pretty": "Nami"
    }, 
    "WeakAgainst": [
        {
            "champName": "Lulu", 
            "downvotes": "495", 
            "upvotes": "949"
        }, 
        {
            "champName": "Ezreal", 
            "downvotes": "530", 
            "upvotes": "786"
        }, 
        {
            "champName": "Fizz", 
            "downvotes": "161", 
            "upvotes": "270"
        }, 
        {
            "champName": "Leona", 
            "downvotes": "563", 
            "upvotes": "691"
        }, 
        {
            "champName": "Morgana", 
            "downvotes": "103", 
            "upvotes": "162"
        }, 
        {
            "champName": "Blitzcrank", 
            "downvotes": "264", 
            "upvotes": "314"
        }, 
        {
            "champName": "Vayne", 
            "downvotes": "222", 
            "upvotes": "252"
        }, 
        {
            "champName": "Sona", 
            "downvotes": "324", 
            "upvotes": "330"
        }, 
        {
            "champName": "Yasuo", 
            "downvotes": "29", 
            "upvotes": "59"
        }, 
        {
            "champName": "Karthus", 
            "downvotes": "338", 
            "upvotes": "306"
        }
    ], 
    "StrongAgainst": [
        {
            "champName": "Draven", 
            "downvotes": "423", 
            "upvotes": "723"
        }, 
        {
            "champName": "Taric", 
            "downvotes": "428", 
            "upvotes": "692"
        }, 
        {
            "champName": "Thresh", 
            "downvotes": "249", 
            "upvotes": "365"
        }, 
        {
            "champName": "Katarina", 
            "downvotes": "163", 
            "upvotes": "255"
        }, 
        {
            "champName": "Urgot", 
            "downvotes": "277", 
            "upvotes": "368"
        }, 
        {
            "champName": "Karma", 
            "downvotes": "288", 
            "upvotes": "365"
        }, 
        {
            "champName": "Janna", 
            "downvotes": "215", 
            "upvotes": "272"
        }, 
        {
            "champName": "Leona", 
            "downvotes": "117", 
            "upvotes": "160"
        }, 
        {
            "champName": "Nunu", 
            "downvotes": "166", 
            "upvotes": "187"
        }, 
        {
            "champName": "Caitlyn", 
            "downvotes": "101", 
            "upvotes": "110"
        }
    ], 
    "ChampionImageLocation": "http://www.solomid.net/guide/champ/nami.png", 
    "GoodWith": [
        {
            "champName": "Yasuo", 
            "downvotes": "18", 
            "upvotes": "337"
        }, 
        {
            "champName": "Vayne", 
            "downvotes": "166", 
            "upvotes": "1163"
        }, 
        {
            "champName": "Ashe", 
            "downvotes": "30", 
            "upvotes": "309"
        }, 
        {
            "champName": "Tristana", 
            "downvotes": "26", 
            "upvotes": "202"
        }, 
        {
            "champName": "Draven", 
            "downvotes": "133", 
            "upvotes": "629"
        }, 
        {
            "champName": "Caitlyn", 
            "downvotes": "179", 
            "upvotes": "817"
        }, 
        {
            "champName": "Varus", 
            "downvotes": "149", 
            "upvotes": "673"
        }, 
        {
            "champName": "Corki", 
            "downvotes": "17", 
            "upvotes": "144"
        }, 
        {
            "champName": "Sivir", 
            "downvotes": "25", 
            "upvotes": "163"
        }, 
        {
            "champName": "Jinx", 
            "downvotes": "325", 
            "upvotes": "1221"
        }
    ]
}