{
    "ChampionName": {
        "lower": "nasus", 
        "pretty": "Nasus"
    }, 
    "WeakAgainst": [
        {
            "champName": "Teemo", 
            "downvotes": "3321", 
            "upvotes": "9406"
        }, 
        {
            "champName": "Rumble", 
            "downvotes": "1031", 
            "upvotes": "2726"
        }, 
        {
            "champName": "Pantheon", 
            "downvotes": "897", 
            "upvotes": "2193"
        }, 
        {
            "champName": "Ryze", 
            "downvotes": "79", 
            "upvotes": "231"
        }, 
        {
            "champName": "Aatrox", 
            "downvotes": "133", 
            "upvotes": "335"
        }, 
        {
            "champName": "Kayle", 
            "downvotes": "185", 
            "upvotes": "435"
        }, 
        {
            "champName": "Mordekaiser", 
            "downvotes": "75", 
            "upvotes": "222"
        }, 
        {
            "champName": "Garen", 
            "downvotes": "1879", 
            "upvotes": "3701"
        }, 
        {
            "champName": "Olaf", 
            "downvotes": "743", 
            "upvotes": "1503"
        }, 
        {
            "champName": "Vladimir", 
            "downvotes": "609", 
            "upvotes": "1229"
        }
    ], 
    "StrongAgainst": [
        {
            "champName": "Hecarim", 
            "downvotes": "737", 
            "upvotes": "1824"
        }, 
        {
            "champName": "Aatrox", 
            "downvotes": "828", 
            "upvotes": "1541"
        }, 
        {
            "champName": "Yasuo", 
            "downvotes": "72", 
            "upvotes": "193"
        }, 
        {
            "champName": "Yasuo", 
            "downvotes": "416", 
            "upvotes": "701"
        }, 
        {
            "champName": "Dr. Mundo", 
            "downvotes": "7", 
            "upvotes": "71"
        }, 
        {
            "champName": "Fiora", 
            "downvotes": "125", 
            "upvotes": "248"
        }, 
        {
            "champName": "Tryndamere", 
            "downvotes": "1272", 
            "upvotes": "1946"
        }, 
        {
            "champName": "Kha'Zix", 
            "downvotes": "221", 
            "upvotes": "387"
        }, 
        {
            "champName": "Rengar", 
            "downvotes": "52", 
            "upvotes": "135"
        }, 
        {
            "champName": "Irelia", 
            "downvotes": "1004", 
            "upvotes": "1526"
        }
    ], 
    "ChampionImageLocation": "http://www.solomid.net/guide/champ/nasus.png", 
    "GoodWith": [
        {
            "champName": "Renekton", 
            "downvotes": "1085", 
            "upvotes": "2356"
        }, 
        {
            "champName": "Lulu", 
            "downvotes": "239", 
            "upvotes": "336"
        }, 
        {
            "champName": "Aatrox", 
            "downvotes": "126", 
            "upvotes": "189"
        }, 
        {
            "champName": "Zed", 
            "downvotes": "423", 
            "upvotes": "554"
        }, 
        {
            "champName": "Kayle", 
            "downvotes": "362", 
            "upvotes": "449"
        }, 
        {
            "champName": "Kha'Zix", 
            "downvotes": "42", 
            "upvotes": "68"
        }, 
        {
            "champName": "Malphite", 
            "downvotes": "51", 
            "upvotes": "71"
        }, 
        {
            "champName": "Cho'Gath", 
            "downvotes": "80", 
            "upvotes": "98"
        }, 
        {
            "champName": "Ashe", 
            "downvotes": "78", 
            "upvotes": "95"
        }, 
        {
            "champName": "Amumu", 
            "downvotes": "76", 
            "upvotes": "93"
        }
    ]
}