{
    "ChampionName": {
        "lower": "nasus", 
        "pretty": "Nasus"
    }, 
    "WeakAgainst": [
        {
            "champName": "Teemo", 
            "downvotes": "3335", 
            "upvotes": "9460"
        }, 
        {
            "champName": "Rumble", 
            "downvotes": "1032", 
            "upvotes": "2742"
        }, 
        {
            "champName": "Pantheon", 
            "downvotes": "904", 
            "upvotes": "2208"
        }, 
        {
            "champName": "Ryze", 
            "downvotes": "81", 
            "upvotes": "244"
        }, 
        {
            "champName": "Kayle", 
            "downvotes": "185", 
            "upvotes": "437"
        }, 
        {
            "champName": "Aatrox", 
            "downvotes": "134", 
            "upvotes": "336"
        }, 
        {
            "champName": "Garen", 
            "downvotes": "1886", 
            "upvotes": "3714"
        }, 
        {
            "champName": "Olaf", 
            "downvotes": "747", 
            "upvotes": "1516"
        }, 
        {
            "champName": "Mordekaiser", 
            "downvotes": "78", 
            "upvotes": "223"
        }, 
        {
            "champName": "Vladimir", 
            "downvotes": "616", 
            "upvotes": "1234"
        }
    ], 
    "StrongAgainst": [
        {
            "champName": "Hecarim", 
            "downvotes": "738", 
            "upvotes": "1834"
        }, 
        {
            "champName": "Aatrox", 
            "downvotes": "831", 
            "upvotes": "1548"
        }, 
        {
            "champName": "Yasuo", 
            "downvotes": "72", 
            "upvotes": "198"
        }, 
        {
            "champName": "Yasuo", 
            "downvotes": "419", 
            "upvotes": "706"
        }, 
        {
            "champName": "Fiora", 
            "downvotes": "127", 
            "upvotes": "250"
        }, 
        {
            "champName": "Tryndamere", 
            "downvotes": "1275", 
            "upvotes": "1961"
        }, 
        {
            "champName": "Dr. Mundo", 
            "downvotes": "9", 
            "upvotes": "73"
        }, 
        {
            "champName": "Kha'Zix", 
            "downvotes": "221", 
            "upvotes": "388"
        }, 
        {
            "champName": "Rengar", 
            "downvotes": "53", 
            "upvotes": "137"
        }, 
        {
            "champName": "Irelia", 
            "downvotes": "1007", 
            "upvotes": "1529"
        }
    ], 
    "ChampionImageLocation": "http://www.solomid.net/guide/champ/nasus.png", 
    "GoodWith": [
        {
            "champName": "Renekton", 
            "downvotes": "1091", 
            "upvotes": "2367"
        }, 
        {
            "champName": "Aatrox", 
            "downvotes": "125", 
            "upvotes": "194"
        }, 
        {
            "champName": "Lulu", 
            "downvotes": "240", 
            "upvotes": "340"
        }, 
        {
            "champName": "Zed", 
            "downvotes": "427", 
            "upvotes": "555"
        }, 
        {
            "champName": "Kayle", 
            "downvotes": "364", 
            "upvotes": "453"
        }, 
        {
            "champName": "Kha'Zix", 
            "downvotes": "43", 
            "upvotes": "67"
        }, 
        {
            "champName": "Amumu", 
            "downvotes": "75", 
            "upvotes": "95"
        }, 
        {
            "champName": "Cho'Gath", 
            "downvotes": "80", 
            "upvotes": "98"
        }, 
        {
            "champName": "Malphite", 
            "downvotes": "52", 
            "upvotes": "70"
        }, 
        {
            "champName": "Ashe", 
            "downvotes": "78", 
            "upvotes": "95"
        }
    ]
}