{
    "ChampionName": {
        "lower": "nautilus", 
        "pretty": "Nautilus"
    }, 
    "WeakAgainst": [
        {
            "champName": "Shyvana", 
            "downvotes": "556", 
            "upvotes": "2422"
        }, 
        {
            "champName": "Shyvana", 
            "downvotes": "322", 
            "upvotes": "1190"
        }, 
        {
            "champName": "Shyvana", 
            "downvotes": "406", 
            "upvotes": "1242"
        }, 
        {
            "champName": "Shyvana", 
            "downvotes": "407", 
            "upvotes": "1071"
        }, 
        {
            "champName": "Udyr", 
            "downvotes": "126", 
            "upvotes": "170"
        }, 
        {
            "champName": "Lee Sin", 
            "downvotes": "175", 
            "upvotes": "183"
        }, 
        {
            "champName": "Vi", 
            "downvotes": "72", 
            "upvotes": "88"
        }, 
        {
            "champName": "Olaf", 
            "downvotes": "96", 
            "upvotes": "102"
        }, 
        {
            "champName": "Nunu", 
            "downvotes": "102", 
            "upvotes": "104"
        }, 
        {
            "champName": "Lulu", 
            "downvotes": "105", 
            "upvotes": "106"
        }
    ], 
    "StrongAgainst": [
        {
            "champName": "Katarina", 
            "downvotes": "184", 
            "upvotes": "335"
        }, 
        {
            "champName": "Evelynn", 
            "downvotes": "155", 
            "upvotes": "215"
        }, 
        {
            "champName": "Jax", 
            "downvotes": "151", 
            "upvotes": "181"
        }, 
        {
            "champName": "Skarner", 
            "downvotes": "156", 
            "upvotes": "169"
        }, 
        {
            "champName": "Ahri", 
            "downvotes": "86", 
            "upvotes": "106"
        }, 
        {
            "champName": "Malphite", 
            "downvotes": "89", 
            "upvotes": "101"
        }, 
        {
            "champName": "Fizz", 
            "downvotes": "126", 
            "upvotes": "128"
        }, 
        {
            "champName": "Shen", 
            "downvotes": "90", 
            "upvotes": "96"
        }, 
        {
            "champName": "Galio", 
            "downvotes": "122", 
            "upvotes": "118"
        }, 
        {
            "champName": "Thresh", 
            "downvotes": "67", 
            "upvotes": "77"
        }
    ], 
    "ChampionImageLocation": "http://www.solomid.net/guide/champ/nautilus.png", 
    "GoodWith": [
        {
            "champName": "Yasuo", 
            "downvotes": "44", 
            "upvotes": "143"
        }, 
        {
            "champName": "Thresh", 
            "downvotes": "33", 
            "upvotes": "77"
        }, 
        {
            "champName": "Ezreal", 
            "downvotes": "168", 
            "upvotes": "236"
        }, 
        {
            "champName": "Vayne", 
            "downvotes": "118", 
            "upvotes": "171"
        }, 
        {
            "champName": "Caitlyn", 
            "downvotes": "23", 
            "upvotes": "52"
        }, 
        {
            "champName": "Ashe", 
            "downvotes": "189", 
            "upvotes": "252"
        }, 
        {
            "champName": "Teemo", 
            "downvotes": "68", 
            "upvotes": "105"
        }, 
        {
            "champName": "Corki", 
            "downvotes": "48", 
            "upvotes": "80"
        }, 
        {
            "champName": "Draven", 
            "downvotes": "45", 
            "upvotes": "75"
        }, 
        {
            "champName": "Graves", 
            "downvotes": "113", 
            "upvotes": "153"
        }
    ]
}