{
    "ChampionName": {
        "lower": "nautilus", 
        "pretty": "Nautilus"
    }, 
    "WeakAgainst": [
        {
            "champName": "Shyvana", 
            "downvotes": "560", 
            "upvotes": "2441"
        }, 
        {
            "champName": "Shyvana", 
            "downvotes": "325", 
            "upvotes": "1198"
        }, 
        {
            "champName": "Shyvana", 
            "downvotes": "408", 
            "upvotes": "1248"
        }, 
        {
            "champName": "Shyvana", 
            "downvotes": "409", 
            "upvotes": "1083"
        }, 
        {
            "champName": "Udyr", 
            "downvotes": "127", 
            "upvotes": "170"
        }, 
        {
            "champName": "Lee Sin", 
            "downvotes": "174", 
            "upvotes": "185"
        }, 
        {
            "champName": "Vi", 
            "downvotes": "73", 
            "upvotes": "88"
        }, 
        {
            "champName": "Olaf", 
            "downvotes": "96", 
            "upvotes": "102"
        }, 
        {
            "champName": "Lulu", 
            "downvotes": "105", 
            "upvotes": "107"
        }, 
        {
            "champName": "Nunu", 
            "downvotes": "102", 
            "upvotes": "104"
        }
    ], 
    "StrongAgainst": [
        {
            "champName": "Katarina", 
            "downvotes": "184", 
            "upvotes": "335"
        }, 
        {
            "champName": "Evelynn", 
            "downvotes": "156", 
            "upvotes": "216"
        }, 
        {
            "champName": "Jax", 
            "downvotes": "150", 
            "upvotes": "182"
        }, 
        {
            "champName": "Skarner", 
            "downvotes": "158", 
            "upvotes": "169"
        }, 
        {
            "champName": "Ahri", 
            "downvotes": "86", 
            "upvotes": "106"
        }, 
        {
            "champName": "Malphite", 
            "downvotes": "88", 
            "upvotes": "102"
        }, 
        {
            "champName": "Fizz", 
            "downvotes": "126", 
            "upvotes": "128"
        }, 
        {
            "champName": "Shen", 
            "downvotes": "90", 
            "upvotes": "96"
        }, 
        {
            "champName": "Galio", 
            "downvotes": "122", 
            "upvotes": "118"
        }, 
        {
            "champName": "Thresh", 
            "downvotes": "67", 
            "upvotes": "77"
        }
    ], 
    "ChampionImageLocation": "http://www.solomid.net/guide/champ/nautilus.png", 
    "GoodWith": [
        {
            "champName": "Yasuo", 
            "downvotes": "44", 
            "upvotes": "143"
        }, 
        {
            "champName": "Thresh", 
            "downvotes": "33", 
            "upvotes": "77"
        }, 
        {
            "champName": "Ezreal", 
            "downvotes": "168", 
            "upvotes": "236"
        }, 
        {
            "champName": "Caitlyn", 
            "downvotes": "23", 
            "upvotes": "52"
        }, 
        {
            "champName": "Vayne", 
            "downvotes": "120", 
            "upvotes": "169"
        }, 
        {
            "champName": "Ashe", 
            "downvotes": "190", 
            "upvotes": "251"
        }, 
        {
            "champName": "Teemo", 
            "downvotes": "68", 
            "upvotes": "105"
        }, 
        {
            "champName": "Draven", 
            "downvotes": "45", 
            "upvotes": "75"
        }, 
        {
            "champName": "Graves", 
            "downvotes": "113", 
            "upvotes": "153"
        }, 
        {
            "champName": "Corki", 
            "downvotes": "49", 
            "upvotes": "79"
        }
    ]
}