{
    "ChampionName": {
        "lower": "nidalee", 
        "pretty": "Nidalee"
    }, 
    "WeakAgainst": [
        {
            "champName": "Yasuo", 
            "downvotes": "732", 
            "upvotes": "2912"
        }, 
        {
            "champName": "Pantheon", 
            "downvotes": "1163", 
            "upvotes": "2912"
        }, 
        {
            "champName": "Fizz", 
            "downvotes": "601", 
            "upvotes": "1364"
        }, 
        {
            "champName": "Zed", 
            "downvotes": "143", 
            "upvotes": "362"
        }, 
        {
            "champName": "Talon", 
            "downvotes": "92", 
            "upvotes": "255"
        }, 
        {
            "champName": "Syndra", 
            "downvotes": "55", 
            "upvotes": "176"
        }, 
        {
            "champName": "Akali", 
            "downvotes": "784", 
            "upvotes": "1526"
        }, 
        {
            "champName": "LeBlanc", 
            "downvotes": "247", 
            "upvotes": "531"
        }, 
        {
            "champName": "Aatrox", 
            "downvotes": "88", 
            "upvotes": "229"
        }, 
        {
            "champName": "Diana", 
            "downvotes": "333", 
            "upvotes": "643"
        }
    ], 
    "StrongAgainst": [
        {
            "champName": "Vel'Koz", 
            "downvotes": "79", 
            "upvotes": "263"
        }, 
        {
            "champName": "Karthus", 
            "downvotes": "257", 
            "upvotes": "508"
        }, 
        {
            "champName": "Jayce", 
            "downvotes": "1502", 
            "upvotes": "2541"
        }, 
        {
            "champName": "Singed", 
            "downvotes": "509", 
            "upvotes": "854"
        }, 
        {
            "champName": "Garen", 
            "downvotes": "1082", 
            "upvotes": "1714"
        }, 
        {
            "champName": "Lux", 
            "downvotes": "475", 
            "upvotes": "710"
        }, 
        {
            "champName": "Aatrox", 
            "downvotes": "56", 
            "upvotes": "132"
        }, 
        {
            "champName": "Teemo", 
            "downvotes": "76", 
            "upvotes": "159"
        }, 
        {
            "champName": "Gragas", 
            "downvotes": "174", 
            "upvotes": "289"
        }, 
        {
            "champName": "Nasus", 
            "downvotes": "222", 
            "upvotes": "332"
        }
    ], 
    "ChampionImageLocation": "http://www.solomid.net/guide/champ/nidalee.png", 
    "GoodWith": [
        {
            "champName": "Jinx", 
            "downvotes": "19", 
            "upvotes": "135"
        }, 
        {
            "champName": "Draven", 
            "downvotes": "23", 
            "upvotes": "108"
        }, 
        {
            "champName": "Caitlyn", 
            "downvotes": "635", 
            "upvotes": "1549"
        }, 
        {
            "champName": "Vayne", 
            "downvotes": "43", 
            "upvotes": "148"
        }, 
        {
            "champName": "Lux", 
            "downvotes": "33", 
            "upvotes": "110"
        }, 
        {
            "champName": "Varus", 
            "downvotes": "236", 
            "upvotes": "483"
        }, 
        {
            "champName": "Aatrox", 
            "downvotes": "18", 
            "upvotes": "71"
        }, 
        {
            "champName": "Miss Fortune", 
            "downvotes": "23", 
            "upvotes": "79"
        }, 
        {
            "champName": "Sivir", 
            "downvotes": "19", 
            "upvotes": "62"
        }, 
        {
            "champName": "Ezreal", 
            "downvotes": "271", 
            "upvotes": "455"
        }
    ]
}