{
    "ChampionName": {
        "lower": "nidalee", 
        "pretty": "Nidalee"
    }, 
    "WeakAgainst": [
        {
            "champName": "Yasuo", 
            "downvotes": "727", 
            "upvotes": "2885"
        }, 
        {
            "champName": "Pantheon", 
            "downvotes": "1159", 
            "upvotes": "2902"
        }, 
        {
            "champName": "Fizz", 
            "downvotes": "596", 
            "upvotes": "1355"
        }, 
        {
            "champName": "Zed", 
            "downvotes": "140", 
            "upvotes": "353"
        }, 
        {
            "champName": "Talon", 
            "downvotes": "92", 
            "upvotes": "253"
        }, 
        {
            "champName": "LeBlanc", 
            "downvotes": "243", 
            "upvotes": "527"
        }, 
        {
            "champName": "Akali", 
            "downvotes": "780", 
            "upvotes": "1519"
        }, 
        {
            "champName": "Syndra", 
            "downvotes": "54", 
            "upvotes": "171"
        }, 
        {
            "champName": "Aatrox", 
            "downvotes": "87", 
            "upvotes": "228"
        }, 
        {
            "champName": "Diana", 
            "downvotes": "332", 
            "upvotes": "641"
        }
    ], 
    "StrongAgainst": [
        {
            "champName": "Vel'Koz", 
            "downvotes": "79", 
            "upvotes": "258"
        }, 
        {
            "champName": "Karthus", 
            "downvotes": "256", 
            "upvotes": "507"
        }, 
        {
            "champName": "Jayce", 
            "downvotes": "1498", 
            "upvotes": "2535"
        }, 
        {
            "champName": "Singed", 
            "downvotes": "505", 
            "upvotes": "853"
        }, 
        {
            "champName": "Garen", 
            "downvotes": "1079", 
            "upvotes": "1714"
        }, 
        {
            "champName": "Lux", 
            "downvotes": "473", 
            "upvotes": "706"
        }, 
        {
            "champName": "Aatrox", 
            "downvotes": "56", 
            "upvotes": "132"
        }, 
        {
            "champName": "Teemo", 
            "downvotes": "75", 
            "upvotes": "158"
        }, 
        {
            "champName": "Gragas", 
            "downvotes": "171", 
            "upvotes": "285"
        }, 
        {
            "champName": "Nasus", 
            "downvotes": "222", 
            "upvotes": "330"
        }
    ], 
    "ChampionImageLocation": "http://www.solomid.net/guide/champ/nidalee.png", 
    "GoodWith": [
        {
            "champName": "Jinx", 
            "downvotes": "18", 
            "upvotes": "136"
        }, 
        {
            "champName": "Draven", 
            "downvotes": "22", 
            "upvotes": "109"
        }, 
        {
            "champName": "Caitlyn", 
            "downvotes": "632", 
            "upvotes": "1547"
        }, 
        {
            "champName": "Vayne", 
            "downvotes": "44", 
            "upvotes": "147"
        }, 
        {
            "champName": "Lux", 
            "downvotes": "31", 
            "upvotes": "112"
        }, 
        {
            "champName": "Varus", 
            "downvotes": "233", 
            "upvotes": "484"
        }, 
        {
            "champName": "Aatrox", 
            "downvotes": "19", 
            "upvotes": "70"
        }, 
        {
            "champName": "Miss Fortune", 
            "downvotes": "24", 
            "upvotes": "78"
        }, 
        {
            "champName": "Sivir", 
            "downvotes": "18", 
            "upvotes": "63"
        }, 
        {
            "champName": "Ezreal", 
            "downvotes": "272", 
            "upvotes": "450"
        }
    ]
}