{
    "ChampionName": {
        "lower": "nocturne", 
        "pretty": "Nocturne"
    }, 
    "WeakAgainst": [
        {
            "champName": "Olaf", 
            "downvotes": "293", 
            "upvotes": "516"
        }, 
        {
            "champName": "Udyr", 
            "downvotes": "221", 
            "upvotes": "314"
        }, 
        {
            "champName": "Graves", 
            "downvotes": "115", 
            "upvotes": "167"
        }, 
        {
            "champName": "Karma", 
            "downvotes": "209", 
            "upvotes": "258"
        }, 
        {
            "champName": "Vi", 
            "downvotes": "186", 
            "upvotes": "222"
        }, 
        {
            "champName": "Shyvana", 
            "downvotes": "230", 
            "upvotes": "262"
        }, 
        {
            "champName": "Aatrox", 
            "downvotes": "93", 
            "upvotes": "117"
        }, 
        {
            "champName": "Xin Zhao", 
            "downvotes": "155", 
            "upvotes": "168"
        }, 
        {
            "champName": "Kha'Zix", 
            "downvotes": "82", 
            "upvotes": "99"
        }, 
        {
            "champName": "Ahri", 
            "downvotes": "144", 
            "upvotes": "148"
        }
    ], 
    "StrongAgainst": [
        {
            "champName": "Twisted Fate", 
            "downvotes": "355", 
            "upvotes": "779"
        }, 
        {
            "champName": "Darius", 
            "downvotes": "206", 
            "upvotes": "337"
        }, 
        {
            "champName": "Lee Sin", 
            "downvotes": "388", 
            "upvotes": "556"
        }, 
        {
            "champName": "Veigar", 
            "downvotes": "179", 
            "upvotes": "271"
        }, 
        {
            "champName": "Shen", 
            "downvotes": "142", 
            "upvotes": "209"
        }, 
        {
            "champName": "Xin Zhao", 
            "downvotes": "134", 
            "upvotes": "194"
        }, 
        {
            "champName": "Karthus", 
            "downvotes": "131", 
            "upvotes": "183"
        }, 
        {
            "champName": "Shen", 
            "downvotes": "173", 
            "upvotes": "210"
        }, 
        {
            "champName": "Nunu", 
            "downvotes": "49", 
            "upvotes": "85"
        }, 
        {
            "champName": "Elise", 
            "downvotes": "68", 
            "upvotes": "103"
        }
    ], 
    "ChampionImageLocation": "http://www.solomid.net/guide/champ/nocturne.png", 
    "GoodWith": [
        {
            "champName": "Twisted Fate", 
            "downvotes": "396", 
            "upvotes": "958"
        }, 
        {
            "champName": "Shen", 
            "downvotes": "313", 
            "upvotes": "539"
        }, 
        {
            "champName": "Orianna", 
            "downvotes": "171", 
            "upvotes": "270"
        }, 
        {
            "champName": "Ahri", 
            "downvotes": "16", 
            "upvotes": "48"
        }, 
        {
            "champName": "Pantheon", 
            "downvotes": "53", 
            "upvotes": "97"
        }, 
        {
            "champName": "Rengar", 
            "downvotes": "159", 
            "upvotes": "230"
        }, 
        {
            "champName": "Lucian", 
            "downvotes": "91", 
            "upvotes": "140"
        }, 
        {
            "champName": "Karthus", 
            "downvotes": "156", 
            "upvotes": "172"
        }, 
        {
            "champName": "Malzahar", 
            "downvotes": "99", 
            "upvotes": "116"
        }, 
        {
            "champName": "Ashe", 
            "downvotes": "99", 
            "upvotes": "106"
        }
    ]
}