{
    "ChampionName": {
        "lower": "nocturne", 
        "pretty": "Nocturne"
    }, 
    "WeakAgainst": [
        {
            "champName": "Olaf", 
            "downvotes": "292", 
            "upvotes": "513"
        }, 
        {
            "champName": "Udyr", 
            "downvotes": "221", 
            "upvotes": "312"
        }, 
        {
            "champName": "Graves", 
            "downvotes": "114", 
            "upvotes": "165"
        }, 
        {
            "champName": "Karma", 
            "downvotes": "207", 
            "upvotes": "257"
        }, 
        {
            "champName": "Vi", 
            "downvotes": "184", 
            "upvotes": "222"
        }, 
        {
            "champName": "Shyvana", 
            "downvotes": "229", 
            "upvotes": "260"
        }, 
        {
            "champName": "Aatrox", 
            "downvotes": "93", 
            "upvotes": "117"
        }, 
        {
            "champName": "Xin Zhao", 
            "downvotes": "155", 
            "upvotes": "168"
        }, 
        {
            "champName": "Ahri", 
            "downvotes": "143", 
            "upvotes": "148"
        }, 
        {
            "champName": "Kha'Zix", 
            "downvotes": "82", 
            "upvotes": "97"
        }
    ], 
    "StrongAgainst": [
        {
            "champName": "Twisted Fate", 
            "downvotes": "355", 
            "upvotes": "777"
        }, 
        {
            "champName": "Darius", 
            "downvotes": "206", 
            "upvotes": "337"
        }, 
        {
            "champName": "Lee Sin", 
            "downvotes": "387", 
            "upvotes": "553"
        }, 
        {
            "champName": "Veigar", 
            "downvotes": "179", 
            "upvotes": "271"
        }, 
        {
            "champName": "Shen", 
            "downvotes": "141", 
            "upvotes": "208"
        }, 
        {
            "champName": "Xin Zhao", 
            "downvotes": "134", 
            "upvotes": "192"
        }, 
        {
            "champName": "Karthus", 
            "downvotes": "130", 
            "upvotes": "183"
        }, 
        {
            "champName": "Nunu", 
            "downvotes": "45", 
            "upvotes": "86"
        }, 
        {
            "champName": "Shen", 
            "downvotes": "174", 
            "upvotes": "208"
        }, 
        {
            "champName": "Lee Sin", 
            "downvotes": "190", 
            "upvotes": "219"
        }
    ], 
    "ChampionImageLocation": "http://www.solomid.net/guide/champ/nocturne.png", 
    "GoodWith": [
        {
            "champName": "Twisted Fate", 
            "downvotes": "395", 
            "upvotes": "959"
        }, 
        {
            "champName": "Shen", 
            "downvotes": "313", 
            "upvotes": "537"
        }, 
        {
            "champName": "Orianna", 
            "downvotes": "169", 
            "upvotes": "271"
        }, 
        {
            "champName": "Pantheon", 
            "downvotes": "53", 
            "upvotes": "97"
        }, 
        {
            "champName": "Ahri", 
            "downvotes": "16", 
            "upvotes": "47"
        }, 
        {
            "champName": "Rengar", 
            "downvotes": "159", 
            "upvotes": "230"
        }, 
        {
            "champName": "Lucian", 
            "downvotes": "90", 
            "upvotes": "141"
        }, 
        {
            "champName": "Karthus", 
            "downvotes": "156", 
            "upvotes": "172"
        }, 
        {
            "champName": "Malzahar", 
            "downvotes": "99", 
            "upvotes": "116"
        }, 
        {
            "champName": "Ashe", 
            "downvotes": "100", 
            "upvotes": "105"
        }
    ]
}