{
    "ChampionName": {
        "lower": "nunu", 
        "pretty": "Nunu"
    }, 
    "WeakAgainst": [
        {
            "champName": "Cassiopeia", 
            "downvotes": "270", 
            "upvotes": "566"
        }, 
        {
            "champName": "Sona", 
            "downvotes": "348", 
            "upvotes": "603"
        }, 
        {
            "champName": "Sivir", 
            "downvotes": "197", 
            "upvotes": "337"
        }, 
        {
            "champName": "Soraka", 
            "downvotes": "395", 
            "upvotes": "551"
        }, 
        {
            "champName": "Janna", 
            "downvotes": "295", 
            "upvotes": "355"
        }, 
        {
            "champName": "Riven", 
            "downvotes": "152", 
            "upvotes": "195"
        }, 
        {
            "champName": "Alistar", 
            "downvotes": "207", 
            "upvotes": "240"
        }, 
        {
            "champName": "Leona", 
            "downvotes": "255", 
            "upvotes": "284"
        }, 
        {
            "champName": "Nocturne", 
            "downvotes": "49", 
            "upvotes": "85"
        }, 
        {
            "champName": "Thresh", 
            "downvotes": "199", 
            "upvotes": "225"
        }
    ], 
    "StrongAgainst": [
        {
            "champName": "Yorick", 
            "downvotes": "659", 
            "upvotes": "1360"
        }, 
        {
            "champName": "Jax", 
            "downvotes": "415", 
            "upvotes": "740"
        }, 
        {
            "champName": "Singed", 
            "downvotes": "184", 
            "upvotes": "346"
        }, 
        {
            "champName": "Heimerdinger", 
            "downvotes": "411", 
            "upvotes": "688"
        }, 
        {
            "champName": "Teemo", 
            "downvotes": "208", 
            "upvotes": "348"
        }, 
        {
            "champName": "Tryndamere", 
            "downvotes": "320", 
            "upvotes": "490"
        }, 
        {
            "champName": "Fiora", 
            "downvotes": "32", 
            "upvotes": "91"
        }, 
        {
            "champName": "Nasus", 
            "downvotes": "37", 
            "upvotes": "94"
        }, 
        {
            "champName": "Veigar", 
            "downvotes": "155", 
            "upvotes": "236"
        }, 
        {
            "champName": "Jayce", 
            "downvotes": "136", 
            "upvotes": "202"
        }
    ], 
    "ChampionImageLocation": "http://www.solomid.net/guide/champ/nunu.png", 
    "GoodWith": [
        {
            "champName": "Amumu", 
            "downvotes": "23", 
            "upvotes": "210"
        }, 
        {
            "champName": "Graves", 
            "downvotes": "27", 
            "upvotes": "204"
        }, 
        {
            "champName": "Kog'Maw", 
            "downvotes": "672", 
            "upvotes": "2674"
        }, 
        {
            "champName": "Ezreal", 
            "downvotes": "99", 
            "upvotes": "448"
        }, 
        {
            "champName": "Vayne", 
            "downvotes": "1172", 
            "upvotes": "4312"
        }, 
        {
            "champName": "Caitlyn", 
            "downvotes": "928", 
            "upvotes": "2575"
        }, 
        {
            "champName": "Draven", 
            "downvotes": "196", 
            "upvotes": "548"
        }, 
        {
            "champName": "Corki", 
            "downvotes": "28", 
            "upvotes": "109"
        }, 
        {
            "champName": "Tristana", 
            "downvotes": "123", 
            "upvotes": "323"
        }, 
        {
            "champName": "Varus", 
            "downvotes": "210", 
            "upvotes": "500"
        }
    ]
}