{
    "ChampionName": {
        "lower": "nunu", 
        "pretty": "Nunu"
    }, 
    "WeakAgainst": [
        {
            "champName": "Cassiopeia", 
            "downvotes": "265", 
            "upvotes": "567"
        }, 
        {
            "champName": "Sona", 
            "downvotes": "348", 
            "upvotes": "600"
        }, 
        {
            "champName": "Sivir", 
            "downvotes": "197", 
            "upvotes": "335"
        }, 
        {
            "champName": "Soraka", 
            "downvotes": "395", 
            "upvotes": "550"
        }, 
        {
            "champName": "Janna", 
            "downvotes": "294", 
            "upvotes": "354"
        }, 
        {
            "champName": "Nocturne", 
            "downvotes": "45", 
            "upvotes": "86"
        }, 
        {
            "champName": "Riven", 
            "downvotes": "153", 
            "upvotes": "193"
        }, 
        {
            "champName": "Alistar", 
            "downvotes": "206", 
            "upvotes": "238"
        }, 
        {
            "champName": "Leona", 
            "downvotes": "254", 
            "upvotes": "283"
        }, 
        {
            "champName": "Thresh", 
            "downvotes": "199", 
            "upvotes": "224"
        }
    ], 
    "StrongAgainst": [
        {
            "champName": "Yorick", 
            "downvotes": "657", 
            "upvotes": "1355"
        }, 
        {
            "champName": "Jax", 
            "downvotes": "416", 
            "upvotes": "738"
        }, 
        {
            "champName": "Singed", 
            "downvotes": "181", 
            "upvotes": "348"
        }, 
        {
            "champName": "Heimerdinger", 
            "downvotes": "408", 
            "upvotes": "686"
        }, 
        {
            "champName": "Teemo", 
            "downvotes": "206", 
            "upvotes": "347"
        }, 
        {
            "champName": "Tryndamere", 
            "downvotes": "319", 
            "upvotes": "488"
        }, 
        {
            "champName": "Nasus", 
            "downvotes": "36", 
            "upvotes": "95"
        }, 
        {
            "champName": "Fiora", 
            "downvotes": "32", 
            "upvotes": "90"
        }, 
        {
            "champName": "Veigar", 
            "downvotes": "154", 
            "upvotes": "235"
        }, 
        {
            "champName": "Jayce", 
            "downvotes": "136", 
            "upvotes": "200"
        }
    ], 
    "ChampionImageLocation": "http://www.solomid.net/guide/champ/nunu.png", 
    "GoodWith": [
        {
            "champName": "Amumu", 
            "downvotes": "24", 
            "upvotes": "209"
        }, 
        {
            "champName": "Graves", 
            "downvotes": "26", 
            "upvotes": "205"
        }, 
        {
            "champName": "Kog'Maw", 
            "downvotes": "669", 
            "upvotes": "2676"
        }, 
        {
            "champName": "Ezreal", 
            "downvotes": "98", 
            "upvotes": "449"
        }, 
        {
            "champName": "Vayne", 
            "downvotes": "1166", 
            "upvotes": "4304"
        }, 
        {
            "champName": "Caitlyn", 
            "downvotes": "929", 
            "upvotes": "2569"
        }, 
        {
            "champName": "Draven", 
            "downvotes": "196", 
            "upvotes": "548"
        }, 
        {
            "champName": "Tristana", 
            "downvotes": "123", 
            "upvotes": "323"
        }, 
        {
            "champName": "Corki", 
            "downvotes": "29", 
            "upvotes": "108"
        }, 
        {
            "champName": "Varus", 
            "downvotes": "211", 
            "upvotes": "499"
        }
    ]
}