{
    "ChampionName": {
        "lower": "olaf", 
        "pretty": "Olaf"
    }, 
    "WeakAgainst": [
        {
            "champName": "Kayle", 
            "downvotes": "614", 
            "upvotes": "1474"
        }, 
        {
            "champName": "Yorick", 
            "downvotes": "680", 
            "upvotes": "1521"
        }, 
        {
            "champName": "Kennen", 
            "downvotes": "1198", 
            "upvotes": "2584"
        }, 
        {
            "champName": "Volibear", 
            "downvotes": "1091", 
            "upvotes": "1936"
        }, 
        {
            "champName": "Aatrox", 
            "downvotes": "39", 
            "upvotes": "128"
        }, 
        {
            "champName": "Fiora", 
            "downvotes": "70", 
            "upvotes": "173"
        }, 
        {
            "champName": "Darius", 
            "downvotes": "120", 
            "upvotes": "251"
        }, 
        {
            "champName": "Elise", 
            "downvotes": "347", 
            "upvotes": "570"
        }, 
        {
            "champName": "Jax", 
            "downvotes": "122", 
            "upvotes": "238"
        }, 
        {
            "champName": "Aatrox", 
            "downvotes": "18", 
            "upvotes": "83"
        }
    ], 
    "StrongAgainst": [
        {
            "champName": "Irelia", 
            "downvotes": "3164", 
            "upvotes": "8692"
        }, 
        {
            "champName": "Poppy", 
            "downvotes": "538", 
            "upvotes": "1531"
        }, 
        {
            "champName": "Shyvana", 
            "downvotes": "1213", 
            "upvotes": "3147"
        }, 
        {
            "champName": "Riven", 
            "downvotes": "3086", 
            "upvotes": "7030"
        }, 
        {
            "champName": "Yasuo", 
            "downvotes": "222", 
            "upvotes": "573"
        }, 
        {
            "champName": "Nasus", 
            "downvotes": "743", 
            "upvotes": "1503"
        }, 
        {
            "champName": "Wukong", 
            "downvotes": "949", 
            "upvotes": "1874"
        }, 
        {
            "champName": "Renekton", 
            "downvotes": "707", 
            "upvotes": "1307"
        }, 
        {
            "champName": "Dr. Mundo", 
            "downvotes": "139", 
            "upvotes": "313"
        }, 
        {
            "champName": "Aatrox", 
            "downvotes": "84", 
            "upvotes": "215"
        }
    ], 
    "ChampionImageLocation": "http://www.solomid.net/guide/champ/olaf.png", 
    "GoodWith": [
        {
            "champName": "Blitzcrank", 
            "downvotes": "122", 
            "upvotes": "268"
        }, 
        {
            "champName": "Darius", 
            "downvotes": "644", 
            "upvotes": "1011"
        }, 
        {
            "champName": "Aatrox", 
            "downvotes": "68", 
            "upvotes": "117"
        }, 
        {
            "champName": "Amumu", 
            "downvotes": "133", 
            "upvotes": "179"
        }, 
        {
            "champName": "Orianna", 
            "downvotes": "158", 
            "upvotes": "181"
        }, 
        {
            "champName": "Skarner", 
            "downvotes": "348", 
            "upvotes": "368"
        }, 
        {
            "champName": "Dr. Mundo", 
            "downvotes": "41", 
            "upvotes": "57"
        }, 
        {
            "champName": "Sivir", 
            "downvotes": "2", 
            "upvotes": "20"
        }, 
        {
            "champName": "Teemo", 
            "downvotes": "116", 
            "upvotes": "122"
        }, 
        {
            "champName": "Diana", 
            "downvotes": "48", 
            "upvotes": "60"
        }
    ]
}