{
    "ChampionName": {
        "lower": "olaf", 
        "pretty": "Olaf"
    }, 
    "WeakAgainst": [
        {
            "champName": "Kayle", 
            "downvotes": "618", 
            "upvotes": "1479"
        }, 
        {
            "champName": "Yorick", 
            "downvotes": "679", 
            "upvotes": "1526"
        }, 
        {
            "champName": "Kennen", 
            "downvotes": "1198", 
            "upvotes": "2595"
        }, 
        {
            "champName": "Volibear", 
            "downvotes": "1099", 
            "upvotes": "1943"
        }, 
        {
            "champName": "Aatrox", 
            "downvotes": "41", 
            "upvotes": "131"
        }, 
        {
            "champName": "Fiora", 
            "downvotes": "70", 
            "upvotes": "175"
        }, 
        {
            "champName": "Darius", 
            "downvotes": "124", 
            "upvotes": "254"
        }, 
        {
            "champName": "Jax", 
            "downvotes": "123", 
            "upvotes": "242"
        }, 
        {
            "champName": "Elise", 
            "downvotes": "349", 
            "upvotes": "569"
        }, 
        {
            "champName": "Aatrox", 
            "downvotes": "18", 
            "upvotes": "84"
        }
    ], 
    "StrongAgainst": [
        {
            "champName": "Irelia", 
            "downvotes": "3170", 
            "upvotes": "8713"
        }, 
        {
            "champName": "Poppy", 
            "downvotes": "537", 
            "upvotes": "1539"
        }, 
        {
            "champName": "Shyvana", 
            "downvotes": "1219", 
            "upvotes": "3169"
        }, 
        {
            "champName": "Riven", 
            "downvotes": "3100", 
            "upvotes": "7052"
        }, 
        {
            "champName": "Yasuo", 
            "downvotes": "224", 
            "upvotes": "573"
        }, 
        {
            "champName": "Nasus", 
            "downvotes": "747", 
            "upvotes": "1516"
        }, 
        {
            "champName": "Wukong", 
            "downvotes": "953", 
            "upvotes": "1882"
        }, 
        {
            "champName": "Dr. Mundo", 
            "downvotes": "139", 
            "upvotes": "315"
        }, 
        {
            "champName": "Renekton", 
            "downvotes": "710", 
            "upvotes": "1319"
        }, 
        {
            "champName": "Aatrox", 
            "downvotes": "84", 
            "upvotes": "217"
        }
    ], 
    "ChampionImageLocation": "http://www.solomid.net/guide/champ/olaf.png", 
    "GoodWith": [
        {
            "champName": "Blitzcrank", 
            "downvotes": "122", 
            "upvotes": "269"
        }, 
        {
            "champName": "Darius", 
            "downvotes": "644", 
            "upvotes": "1016"
        }, 
        {
            "champName": "Aatrox", 
            "downvotes": "68", 
            "upvotes": "120"
        }, 
        {
            "champName": "Amumu", 
            "downvotes": "134", 
            "upvotes": "179"
        }, 
        {
            "champName": "Skarner", 
            "downvotes": "348", 
            "upvotes": "368"
        }, 
        {
            "champName": "Orianna", 
            "downvotes": "162", 
            "upvotes": "179"
        }, 
        {
            "champName": "Dr. Mundo", 
            "downvotes": "40", 
            "upvotes": "58"
        }, 
        {
            "champName": "Sivir", 
            "downvotes": "2", 
            "upvotes": "21"
        }, 
        {
            "champName": "Diana", 
            "downvotes": "48", 
            "upvotes": "60"
        }, 
        {
            "champName": "Kayle", 
            "downvotes": "98", 
            "upvotes": "103"
        }
    ]
}