{
    "ChampionName": {
        "lower": "orianna", 
        "pretty": "Orianna"
    }, 
    "WeakAgainst": [
        {
            "champName": "Syndra", 
            "downvotes": "859", 
            "upvotes": "2202"
        }, 
        {
            "champName": "LeBlanc", 
            "downvotes": "1787", 
            "upvotes": "3954"
        }, 
        {
            "champName": "Diana", 
            "downvotes": "1073", 
            "upvotes": "2069"
        }, 
        {
            "champName": "Yasuo", 
            "downvotes": "93", 
            "upvotes": "219"
        }, 
        {
            "champName": "Gragas", 
            "downvotes": "1063", 
            "upvotes": "1782"
        }, 
        {
            "champName": "Ahri", 
            "downvotes": "1530", 
            "upvotes": "2533"
        }, 
        {
            "champName": "Yasuo", 
            "downvotes": "78", 
            "upvotes": "183"
        }, 
        {
            "champName": "Ziggs", 
            "downvotes": "397", 
            "upvotes": "675"
        }, 
        {
            "champName": "Zed", 
            "downvotes": "508", 
            "upvotes": "838"
        }, 
        {
            "champName": "Aatrox", 
            "downvotes": "93", 
            "upvotes": "203"
        }
    ], 
    "StrongAgainst": [
        {
            "champName": "Karthus", 
            "downvotes": "414", 
            "upvotes": "998"
        }, 
        {
            "champName": "Ryze", 
            "downvotes": "685", 
            "upvotes": "1385"
        }, 
        {
            "champName": "Annie", 
            "downvotes": "1210", 
            "upvotes": "2379"
        }, 
        {
            "champName": "Anivia", 
            "downvotes": "1149", 
            "upvotes": "1829"
        }, 
        {
            "champName": "Yasuo", 
            "downvotes": "68", 
            "upvotes": "162"
        }, 
        {
            "champName": "Nidalee", 
            "downvotes": "19", 
            "upvotes": "87"
        }, 
        {
            "champName": "Fizz", 
            "downvotes": "544", 
            "upvotes": "848"
        }, 
        {
            "champName": "Heimerdinger", 
            "downvotes": "231", 
            "upvotes": "391"
        }, 
        {
            "champName": "Akali", 
            "downvotes": "150", 
            "upvotes": "268"
        }, 
        {
            "champName": "Aatrox", 
            "downvotes": "3", 
            "upvotes": "59"
        }
    ], 
    "ChampionImageLocation": "http://www.solomid.net/guide/champ/orianna.png", 
    "GoodWith": [
        {
            "champName": "Yasuo", 
            "downvotes": "12", 
            "upvotes": "213"
        }, 
        {
            "champName": "Malphite", 
            "downvotes": "518", 
            "upvotes": "1873"
        }, 
        {
            "champName": "Jarvan IV", 
            "downvotes": "319", 
            "upvotes": "981"
        }, 
        {
            "champName": "Katarina", 
            "downvotes": "26", 
            "upvotes": "126"
        }, 
        {
            "champName": "Zac", 
            "downvotes": "192", 
            "upvotes": "576"
        }, 
        {
            "champName": "Leona", 
            "downvotes": "23", 
            "upvotes": "110"
        }, 
        {
            "champName": "Aatrox", 
            "downvotes": "72", 
            "upvotes": "205"
        }, 
        {
            "champName": "Vi", 
            "downvotes": "158", 
            "upvotes": "370"
        }, 
        {
            "champName": "Alistar", 
            "downvotes": "24", 
            "upvotes": "89"
        }, 
        {
            "champName": "Amumu", 
            "downvotes": "279", 
            "upvotes": "592"
        }
    ]
}