{
    "ChampionName": {
        "lower": "orianna", 
        "pretty": "Orianna"
    }, 
    "WeakAgainst": [
        {
            "champName": "Syndra", 
            "downvotes": "865", 
            "upvotes": "2217"
        }, 
        {
            "champName": "LeBlanc", 
            "downvotes": "1800", 
            "upvotes": "3974"
        }, 
        {
            "champName": "Diana", 
            "downvotes": "1075", 
            "upvotes": "2078"
        }, 
        {
            "champName": "Yasuo", 
            "downvotes": "94", 
            "upvotes": "226"
        }, 
        {
            "champName": "Ahri", 
            "downvotes": "1535", 
            "upvotes": "2544"
        }, 
        {
            "champName": "Gragas", 
            "downvotes": "1067", 
            "upvotes": "1783"
        }, 
        {
            "champName": "Yasuo", 
            "downvotes": "78", 
            "upvotes": "184"
        }, 
        {
            "champName": "Ziggs", 
            "downvotes": "399", 
            "upvotes": "679"
        }, 
        {
            "champName": "Aatrox", 
            "downvotes": "93", 
            "upvotes": "204"
        }, 
        {
            "champName": "Zed", 
            "downvotes": "512", 
            "upvotes": "844"
        }
    ], 
    "StrongAgainst": [
        {
            "champName": "Karthus", 
            "downvotes": "417", 
            "upvotes": "1000"
        }, 
        {
            "champName": "Annie", 
            "downvotes": "1211", 
            "upvotes": "2392"
        }, 
        {
            "champName": "Ryze", 
            "downvotes": "691", 
            "upvotes": "1387"
        }, 
        {
            "champName": "Nidalee", 
            "downvotes": "18", 
            "upvotes": "93"
        }, 
        {
            "champName": "Anivia", 
            "downvotes": "1151", 
            "upvotes": "1832"
        }, 
        {
            "champName": "Yasuo", 
            "downvotes": "68", 
            "upvotes": "164"
        }, 
        {
            "champName": "Fizz", 
            "downvotes": "546", 
            "upvotes": "849"
        }, 
        {
            "champName": "Heimerdinger", 
            "downvotes": "233", 
            "upvotes": "395"
        }, 
        {
            "champName": "Akali", 
            "downvotes": "152", 
            "upvotes": "269"
        }, 
        {
            "champName": "Yasuo", 
            "downvotes": "12", 
            "upvotes": "71"
        }
    ], 
    "ChampionImageLocation": "http://www.solomid.net/guide/champ/orianna.png", 
    "GoodWith": [
        {
            "champName": "Yasuo", 
            "downvotes": "13", 
            "upvotes": "215"
        }, 
        {
            "champName": "Malphite", 
            "downvotes": "523", 
            "upvotes": "1872"
        }, 
        {
            "champName": "Jarvan IV", 
            "downvotes": "321", 
            "upvotes": "982"
        }, 
        {
            "champName": "Katarina", 
            "downvotes": "26", 
            "upvotes": "126"
        }, 
        {
            "champName": "Zac", 
            "downvotes": "196", 
            "upvotes": "575"
        }, 
        {
            "champName": "Leona", 
            "downvotes": "23", 
            "upvotes": "110"
        }, 
        {
            "champName": "Aatrox", 
            "downvotes": "74", 
            "upvotes": "203"
        }, 
        {
            "champName": "Alistar", 
            "downvotes": "23", 
            "upvotes": "90"
        }, 
        {
            "champName": "Vi", 
            "downvotes": "158", 
            "upvotes": "371"
        }, 
        {
            "champName": "Amumu", 
            "downvotes": "280", 
            "upvotes": "593"
        }
    ]
}