{
    "ChampionName": {
        "lower": "pantheon", 
        "pretty": "Pantheon"
    }, 
    "WeakAgainst": [
        {
            "champName": "Udyr", 
            "downvotes": "598", 
            "upvotes": "1364"
        }, 
        {
            "champName": "Elise", 
            "downvotes": "593", 
            "upvotes": "1312"
        }, 
        {
            "champName": "Shen", 
            "downvotes": "1765", 
            "upvotes": "3557"
        }, 
        {
            "champName": "Aatrox", 
            "downvotes": "23", 
            "upvotes": "91"
        }, 
        {
            "champName": "Yorick", 
            "downvotes": "1858", 
            "upvotes": "2700"
        }, 
        {
            "champName": "Aatrox", 
            "downvotes": "186", 
            "upvotes": "317"
        }, 
        {
            "champName": "Cho'Gath", 
            "downvotes": "415", 
            "upvotes": "635"
        }, 
        {
            "champName": "Malphite", 
            "downvotes": "731", 
            "upvotes": "1075"
        }, 
        {
            "champName": "Olaf", 
            "downvotes": "394", 
            "upvotes": "604"
        }, 
        {
            "champName": "Darius", 
            "downvotes": "543", 
            "upvotes": "807"
        }
    ], 
    "StrongAgainst": [
        {
            "champName": "Gangplank", 
            "downvotes": "1221", 
            "upvotes": "6466"
        }, 
        {
            "champName": "Kassadin", 
            "downvotes": "773", 
            "upvotes": "2533"
        }, 
        {
            "champName": "Fiora", 
            "downvotes": "831", 
            "upvotes": "2286"
        }, 
        {
            "champName": "Nidalee", 
            "downvotes": "1159", 
            "upvotes": "2902"
        }, 
        {
            "champName": "Yasuo", 
            "downvotes": "380", 
            "upvotes": "1001"
        }, 
        {
            "champName": "Nasus", 
            "downvotes": "897", 
            "upvotes": "2193"
        }, 
        {
            "champName": "Teemo", 
            "downvotes": "2037", 
            "upvotes": "4730"
        }, 
        {
            "champName": "Master Yi", 
            "downvotes": "281", 
            "upvotes": "685"
        }, 
        {
            "champName": "Rengar", 
            "downvotes": "535", 
            "upvotes": "1219"
        }, 
        {
            "champName": "Kayle", 
            "downvotes": "975", 
            "upvotes": "2103"
        }
    ], 
    "ChampionImageLocation": "http://www.solomid.net/guide/champ/pantheon.png", 
    "GoodWith": [
        {
            "champName": "Amumu", 
            "downvotes": "20", 
            "upvotes": "102"
        }, 
        {
            "champName": "Taric", 
            "downvotes": "259", 
            "upvotes": "600"
        }, 
        {
            "champName": "Blitzcrank", 
            "downvotes": "219", 
            "upvotes": "415"
        }, 
        {
            "champName": "Aatrox", 
            "downvotes": "23", 
            "upvotes": "73"
        }, 
        {
            "champName": "Darius", 
            "downvotes": "120", 
            "upvotes": "227"
        }, 
        {
            "champName": "Sion", 
            "downvotes": "145", 
            "upvotes": "254"
        }, 
        {
            "champName": "Jarvan IV", 
            "downvotes": "31", 
            "upvotes": "77"
        }, 
        {
            "champName": "Teemo", 
            "downvotes": "4", 
            "upvotes": "36"
        }, 
        {
            "champName": "Jax", 
            "downvotes": "243", 
            "upvotes": "382"
        }, 
        {
            "champName": "Shen", 
            "downvotes": "302", 
            "upvotes": "466"
        }
    ]
}