{
    "ChampionName": {
        "lower": "pantheon", 
        "pretty": "Pantheon"
    }, 
    "WeakAgainst": [
        {
            "champName": "Udyr", 
            "downvotes": "599", 
            "upvotes": "1371"
        }, 
        {
            "champName": "Elise", 
            "downvotes": "598", 
            "upvotes": "1320"
        }, 
        {
            "champName": "Shen", 
            "downvotes": "1775", 
            "upvotes": "3576"
        }, 
        {
            "champName": "Yorick", 
            "downvotes": "1863", 
            "upvotes": "2709"
        }, 
        {
            "champName": "Aatrox", 
            "downvotes": "25", 
            "upvotes": "92"
        }, 
        {
            "champName": "Aatrox", 
            "downvotes": "186", 
            "upvotes": "318"
        }, 
        {
            "champName": "Malphite", 
            "downvotes": "733", 
            "upvotes": "1085"
        }, 
        {
            "champName": "Cho'Gath", 
            "downvotes": "417", 
            "upvotes": "634"
        }, 
        {
            "champName": "Olaf", 
            "downvotes": "399", 
            "upvotes": "608"
        }, 
        {
            "champName": "Darius", 
            "downvotes": "550", 
            "upvotes": "811"
        }
    ], 
    "StrongAgainst": [
        {
            "champName": "Gangplank", 
            "downvotes": "1231", 
            "upvotes": "6478"
        }, 
        {
            "champName": "Kassadin", 
            "downvotes": "775", 
            "upvotes": "2539"
        }, 
        {
            "champName": "Fiora", 
            "downvotes": "838", 
            "upvotes": "2302"
        }, 
        {
            "champName": "Nidalee", 
            "downvotes": "1163", 
            "upvotes": "2912"
        }, 
        {
            "champName": "Yasuo", 
            "downvotes": "382", 
            "upvotes": "1001"
        }, 
        {
            "champName": "Nasus", 
            "downvotes": "904", 
            "upvotes": "2208"
        }, 
        {
            "champName": "Teemo", 
            "downvotes": "2042", 
            "upvotes": "4752"
        }, 
        {
            "champName": "Master Yi", 
            "downvotes": "282", 
            "upvotes": "688"
        }, 
        {
            "champName": "Rengar", 
            "downvotes": "535", 
            "upvotes": "1221"
        }, 
        {
            "champName": "Kayle", 
            "downvotes": "984", 
            "upvotes": "2111"
        }
    ], 
    "ChampionImageLocation": "http://www.solomid.net/guide/champ/pantheon.png", 
    "GoodWith": [
        {
            "champName": "Amumu", 
            "downvotes": "20", 
            "upvotes": "102"
        }, 
        {
            "champName": "Taric", 
            "downvotes": "260", 
            "upvotes": "602"
        }, 
        {
            "champName": "Blitzcrank", 
            "downvotes": "221", 
            "upvotes": "415"
        }, 
        {
            "champName": "Aatrox", 
            "downvotes": "23", 
            "upvotes": "74"
        }, 
        {
            "champName": "Teemo", 
            "downvotes": "3", 
            "upvotes": "39"
        }, 
        {
            "champName": "Darius", 
            "downvotes": "121", 
            "upvotes": "226"
        }, 
        {
            "champName": "Jarvan IV", 
            "downvotes": "30", 
            "upvotes": "78"
        }, 
        {
            "champName": "Sion", 
            "downvotes": "146", 
            "upvotes": "253"
        }, 
        {
            "champName": "Shen", 
            "downvotes": "303", 
            "upvotes": "467"
        }, 
        {
            "champName": "Volibear", 
            "downvotes": "12", 
            "upvotes": "46"
        }
    ]
}