{
    "ChampionName": {
        "lower": "poppy", 
        "pretty": "Poppy"
    }, 
    "WeakAgainst": [
        {
            "champName": "Olaf", 
            "downvotes": "537", 
            "upvotes": "1539"
        }, 
        {
            "champName": "Darius", 
            "downvotes": "641", 
            "upvotes": "1253"
        }, 
        {
            "champName": "Teemo", 
            "downvotes": "313", 
            "upvotes": "624"
        }, 
        {
            "champName": "Ahri", 
            "downvotes": "97", 
            "upvotes": "166"
        }, 
        {
            "champName": "Irelia", 
            "downvotes": "307", 
            "upvotes": "414"
        }, 
        {
            "champName": "Renekton", 
            "downvotes": "126", 
            "upvotes": "187"
        }, 
        {
            "champName": "Kennen", 
            "downvotes": "208", 
            "upvotes": "262"
        }, 
        {
            "champName": "Yorick", 
            "downvotes": "68", 
            "upvotes": "114"
        }, 
        {
            "champName": "Rumble", 
            "downvotes": "138", 
            "upvotes": "187"
        }, 
        {
            "champName": "Kayle", 
            "downvotes": "108", 
            "upvotes": "148"
        }
    ], 
    "StrongAgainst": [
        {
            "champName": "Gangplank", 
            "downvotes": "401", 
            "upvotes": "667"
        }, 
        {
            "champName": "Kha'Zix", 
            "downvotes": "121", 
            "upvotes": "227"
        }, 
        {
            "champName": "Tryndamere", 
            "downvotes": "343", 
            "upvotes": "534"
        }, 
        {
            "champName": "Riven", 
            "downvotes": "262", 
            "upvotes": "391"
        }, 
        {
            "champName": "Vi", 
            "downvotes": "146", 
            "upvotes": "223"
        }, 
        {
            "champName": "Jax", 
            "downvotes": "127", 
            "upvotes": "197"
        }, 
        {
            "champName": "Nasus", 
            "downvotes": "192", 
            "upvotes": "260"
        }, 
        {
            "champName": "Malphite", 
            "downvotes": "234", 
            "upvotes": "293"
        }, 
        {
            "champName": "Zed", 
            "downvotes": "132", 
            "upvotes": "172"
        }, 
        {
            "champName": "Aatrox", 
            "downvotes": "97", 
            "upvotes": "135"
        }
    ], 
    "ChampionImageLocation": "http://www.solomid.net/guide/champ/poppy.png", 
    "GoodWith": [
        {
            "champName": "Vayne", 
            "downvotes": "154", 
            "upvotes": "267"
        }, 
        {
            "champName": "Cho'Gath", 
            "downvotes": "284", 
            "upvotes": "316"
        }, 
        {
            "champName": "Alistar", 
            "downvotes": "149", 
            "upvotes": "167"
        }, 
        {
            "champName": "Aatrox", 
            "downvotes": "68", 
            "upvotes": "84"
        }, 
        {
            "champName": "Blitzcrank", 
            "downvotes": "74", 
            "upvotes": "86"
        }, 
        {
            "champName": "Jayce", 
            "downvotes": "57", 
            "upvotes": "67"
        }, 
        {
            "champName": "Nocturne", 
            "downvotes": "74", 
            "upvotes": "79"
        }, 
        {
            "champName": "Jax", 
            "downvotes": "76", 
            "upvotes": "80"
        }, 
        {
            "champName": "Shen", 
            "downvotes": "95", 
            "upvotes": "94"
        }, 
        {
            "champName": "Kayle", 
            "downvotes": "91", 
            "upvotes": "90"
        }
    ]
}