{
    "ChampionName": {
        "lower": "poppy", 
        "pretty": "Poppy"
    }, 
    "WeakAgainst": [
        {
            "champName": "Olaf", 
            "downvotes": "538", 
            "upvotes": "1531"
        }, 
        {
            "champName": "Darius", 
            "downvotes": "642", 
            "upvotes": "1248"
        }, 
        {
            "champName": "Teemo", 
            "downvotes": "314", 
            "upvotes": "623"
        }, 
        {
            "champName": "Irelia", 
            "downvotes": "307", 
            "upvotes": "412"
        }, 
        {
            "champName": "Ahri", 
            "downvotes": "97", 
            "upvotes": "162"
        }, 
        {
            "champName": "Renekton", 
            "downvotes": "126", 
            "upvotes": "187"
        }, 
        {
            "champName": "Kennen", 
            "downvotes": "207", 
            "upvotes": "262"
        }, 
        {
            "champName": "Yorick", 
            "downvotes": "68", 
            "upvotes": "114"
        }, 
        {
            "champName": "Rumble", 
            "downvotes": "137", 
            "upvotes": "186"
        }, 
        {
            "champName": "Kayle", 
            "downvotes": "108", 
            "upvotes": "146"
        }
    ], 
    "StrongAgainst": [
        {
            "champName": "Gangplank", 
            "downvotes": "398", 
            "upvotes": "665"
        }, 
        {
            "champName": "Kha'Zix", 
            "downvotes": "121", 
            "upvotes": "226"
        }, 
        {
            "champName": "Tryndamere", 
            "downvotes": "342", 
            "upvotes": "534"
        }, 
        {
            "champName": "Riven", 
            "downvotes": "260", 
            "upvotes": "386"
        }, 
        {
            "champName": "Vi", 
            "downvotes": "146", 
            "upvotes": "220"
        }, 
        {
            "champName": "Jax", 
            "downvotes": "128", 
            "upvotes": "196"
        }, 
        {
            "champName": "Nasus", 
            "downvotes": "191", 
            "upvotes": "260"
        }, 
        {
            "champName": "Malphite", 
            "downvotes": "233", 
            "upvotes": "293"
        }, 
        {
            "champName": "Zed", 
            "downvotes": "130", 
            "upvotes": "172"
        }, 
        {
            "champName": "Aatrox", 
            "downvotes": "97", 
            "upvotes": "134"
        }
    ], 
    "ChampionImageLocation": "http://www.solomid.net/guide/champ/poppy.png", 
    "GoodWith": [
        {
            "champName": "Vayne", 
            "downvotes": "154", 
            "upvotes": "265"
        }, 
        {
            "champName": "Cho'Gath", 
            "downvotes": "283", 
            "upvotes": "316"
        }, 
        {
            "champName": "Alistar", 
            "downvotes": "148", 
            "upvotes": "167"
        }, 
        {
            "champName": "Aatrox", 
            "downvotes": "69", 
            "upvotes": "83"
        }, 
        {
            "champName": "Blitzcrank", 
            "downvotes": "74", 
            "upvotes": "84"
        }, 
        {
            "champName": "Jax", 
            "downvotes": "75", 
            "upvotes": "81"
        }, 
        {
            "champName": "Jayce", 
            "downvotes": "58", 
            "upvotes": "66"
        }, 
        {
            "champName": "Nocturne", 
            "downvotes": "74", 
            "upvotes": "79"
        }, 
        {
            "champName": "Shen", 
            "downvotes": "95", 
            "upvotes": "94"
        }, 
        {
            "champName": "Kayle", 
            "downvotes": "91", 
            "upvotes": "90"
        }
    ]
}