{
    "ChampionName": {
        "lower": "quinn", 
        "pretty": "Quinn"
    }, 
    "WeakAgainst": [
        {
            "champName": "Caitlyn", 
            "downvotes": "1795", 
            "upvotes": "5662"
        }, 
        {
            "champName": "Caitlyn", 
            "downvotes": "685", 
            "upvotes": "1266"
        }, 
        {
            "champName": "Varus", 
            "downvotes": "771", 
            "upvotes": "1371"
        }, 
        {
            "champName": "Miss Fortune", 
            "downvotes": "622", 
            "upvotes": "937"
        }, 
        {
            "champName": "Tristana", 
            "downvotes": "420", 
            "upvotes": "641"
        }, 
        {
            "champName": "Draven", 
            "downvotes": "469", 
            "upvotes": "666"
        }, 
        {
            "champName": "Graves", 
            "downvotes": "380", 
            "upvotes": "536"
        }, 
        {
            "champName": "Corki", 
            "downvotes": "246", 
            "upvotes": "347"
        }, 
        {
            "champName": "Aatrox", 
            "downvotes": "42", 
            "upvotes": "90"
        }, 
        {
            "champName": "Kog'Maw", 
            "downvotes": "191", 
            "upvotes": "246"
        }
    ], 
    "StrongAgainst": [
        {
            "champName": "Vayne", 
            "downvotes": "1263", 
            "upvotes": "3902"
        }, 
        {
            "champName": "Jinx", 
            "downvotes": "523", 
            "upvotes": "1210"
        }, 
        {
            "champName": "Ashe", 
            "downvotes": "524", 
            "upvotes": "923"
        }, 
        {
            "champName": "Ezreal", 
            "downvotes": "536", 
            "upvotes": "906"
        }, 
        {
            "champName": "Tryndamere", 
            "downvotes": "127", 
            "upvotes": "255"
        }, 
        {
            "champName": "Lucian", 
            "downvotes": "449", 
            "upvotes": "746"
        }, 
        {
            "champName": "Draven", 
            "downvotes": "733", 
            "upvotes": "1179"
        }, 
        {
            "champName": "Aatrox", 
            "downvotes": "84", 
            "upvotes": "188"
        }, 
        {
            "champName": "Riven", 
            "downvotes": "7", 
            "upvotes": "70"
        }, 
        {
            "champName": "Tryndamere", 
            "downvotes": "29", 
            "upvotes": "100"
        }
    ], 
    "ChampionImageLocation": "http://www.solomid.net/guide/champ/quinn.png", 
    "GoodWith": [
        {
            "champName": "Leona", 
            "downvotes": "210", 
            "upvotes": "865"
        }, 
        {
            "champName": "Thresh", 
            "downvotes": "120", 
            "upvotes": "480"
        }, 
        {
            "champName": "Janna", 
            "downvotes": "20", 
            "upvotes": "133"
        }, 
        {
            "champName": "Sona", 
            "downvotes": "23", 
            "upvotes": "126"
        }, 
        {
            "champName": "Lulu", 
            "downvotes": "24", 
            "upvotes": "119"
        }, 
        {
            "champName": "Nami", 
            "downvotes": "132", 
            "upvotes": "390"
        }, 
        {
            "champName": "Blitzcrank", 
            "downvotes": "155", 
            "upvotes": "431"
        }, 
        {
            "champName": "Taric", 
            "downvotes": "127", 
            "upvotes": "338"
        }, 
        {
            "champName": "Alistar", 
            "downvotes": "23", 
            "upvotes": "95"
        }, 
        {
            "champName": "Soraka", 
            "downvotes": "21", 
            "upvotes": "76"
        }
    ]
}