{
    "ChampionName": {
        "lower": "quinn", 
        "pretty": "Quinn"
    }, 
    "WeakAgainst": [
        {
            "champName": "Caitlyn", 
            "downvotes": "1800", 
            "upvotes": "5678"
        }, 
        {
            "champName": "Caitlyn", 
            "downvotes": "687", 
            "upvotes": "1266"
        }, 
        {
            "champName": "Varus", 
            "downvotes": "774", 
            "upvotes": "1378"
        }, 
        {
            "champName": "Miss Fortune", 
            "downvotes": "624", 
            "upvotes": "939"
        }, 
        {
            "champName": "Tristana", 
            "downvotes": "422", 
            "upvotes": "644"
        }, 
        {
            "champName": "Draven", 
            "downvotes": "469", 
            "upvotes": "669"
        }, 
        {
            "champName": "Graves", 
            "downvotes": "380", 
            "upvotes": "537"
        }, 
        {
            "champName": "Corki", 
            "downvotes": "248", 
            "upvotes": "347"
        }, 
        {
            "champName": "Aatrox", 
            "downvotes": "42", 
            "upvotes": "90"
        }, 
        {
            "champName": "Kog'Maw", 
            "downvotes": "192", 
            "upvotes": "246"
        }
    ], 
    "StrongAgainst": [
        {
            "champName": "Vayne", 
            "downvotes": "1273", 
            "upvotes": "3905"
        }, 
        {
            "champName": "Jinx", 
            "downvotes": "523", 
            "upvotes": "1216"
        }, 
        {
            "champName": "Ashe", 
            "downvotes": "526", 
            "upvotes": "924"
        }, 
        {
            "champName": "Ezreal", 
            "downvotes": "541", 
            "upvotes": "909"
        }, 
        {
            "champName": "Aatrox", 
            "downvotes": "83", 
            "upvotes": "189"
        }, 
        {
            "champName": "Lucian", 
            "downvotes": "450", 
            "upvotes": "751"
        }, 
        {
            "champName": "Riven", 
            "downvotes": "7", 
            "upvotes": "72"
        }, 
        {
            "champName": "Tryndamere", 
            "downvotes": "127", 
            "upvotes": "255"
        }, 
        {
            "champName": "Draven", 
            "downvotes": "739", 
            "upvotes": "1187"
        }, 
        {
            "champName": "Tryndamere", 
            "downvotes": "29", 
            "upvotes": "100"
        }
    ], 
    "ChampionImageLocation": "http://www.solomid.net/guide/champ/quinn.png", 
    "GoodWith": [
        {
            "champName": "Leona", 
            "downvotes": "209", 
            "upvotes": "868"
        }, 
        {
            "champName": "Thresh", 
            "downvotes": "120", 
            "upvotes": "481"
        }, 
        {
            "champName": "Janna", 
            "downvotes": "21", 
            "upvotes": "132"
        }, 
        {
            "champName": "Sona", 
            "downvotes": "23", 
            "upvotes": "126"
        }, 
        {
            "champName": "Lulu", 
            "downvotes": "24", 
            "upvotes": "119"
        }, 
        {
            "champName": "Nami", 
            "downvotes": "135", 
            "upvotes": "390"
        }, 
        {
            "champName": "Blitzcrank", 
            "downvotes": "156", 
            "upvotes": "431"
        }, 
        {
            "champName": "Taric", 
            "downvotes": "128", 
            "upvotes": "337"
        }, 
        {
            "champName": "Alistar", 
            "downvotes": "23", 
            "upvotes": "95"
        }, 
        {
            "champName": "Soraka", 
            "downvotes": "21", 
            "upvotes": "76"
        }
    ]
}