{
    "ChampionName": {
        "lower": "rammus", 
        "pretty": "Rammus"
    }, 
    "WeakAgainst": [
        {
            "champName": "Trundle", 
            "downvotes": "377", 
            "upvotes": "757"
        }, 
        {
            "champName": "Olaf", 
            "downvotes": "155", 
            "upvotes": "233"
        }, 
        {
            "champName": "Vi", 
            "downvotes": "151", 
            "upvotes": "221"
        }, 
        {
            "champName": "Shyvana", 
            "downvotes": "234", 
            "upvotes": "313"
        }, 
        {
            "champName": "Dr. Mundo", 
            "downvotes": "286", 
            "upvotes": "347"
        }, 
        {
            "champName": "Vi", 
            "downvotes": "106", 
            "upvotes": "135"
        }, 
        {
            "champName": "Vi", 
            "downvotes": "125", 
            "upvotes": "139"
        }, 
        {
            "champName": "Cho'Gath", 
            "downvotes": "64", 
            "upvotes": "87"
        }, 
        {
            "champName": "Yorick", 
            "downvotes": "119", 
            "upvotes": "132"
        }, 
        {
            "champName": "Morgana", 
            "downvotes": "72", 
            "upvotes": "90"
        }
    ], 
    "StrongAgainst": [
        {
            "champName": "Tryndamere", 
            "downvotes": "485", 
            "upvotes": "1454"
        }, 
        {
            "champName": "Master Yi", 
            "downvotes": "481", 
            "upvotes": "950"
        }, 
        {
            "champName": "Yasuo", 
            "downvotes": "48", 
            "upvotes": "138"
        }, 
        {
            "champName": "Fiora", 
            "downvotes": "126", 
            "upvotes": "215"
        }, 
        {
            "champName": "Aatrox", 
            "downvotes": "99", 
            "upvotes": "170"
        }, 
        {
            "champName": "Katarina", 
            "downvotes": "103", 
            "upvotes": "155"
        }, 
        {
            "champName": "Graves", 
            "downvotes": "230", 
            "upvotes": "267"
        }, 
        {
            "champName": "Soraka", 
            "downvotes": "154", 
            "upvotes": "161"
        }, 
        {
            "champName": "Jax", 
            "downvotes": "62", 
            "upvotes": "81"
        }, 
        {
            "champName": "Riven", 
            "downvotes": "86", 
            "upvotes": "98"
        }
    ], 
    "ChampionImageLocation": "http://www.solomid.net/guide/champ/rammus.png", 
    "GoodWith": [
        {
            "champName": "Ashe", 
            "downvotes": "139", 
            "upvotes": "215"
        }, 
        {
            "champName": "Yasuo", 
            "downvotes": "3", 
            "upvotes": "31"
        }, 
        {
            "champName": "Shen", 
            "downvotes": "147", 
            "upvotes": "215"
        }, 
        {
            "champName": "Fizz", 
            "downvotes": "77", 
            "upvotes": "115"
        }, 
        {
            "champName": "Ahri", 
            "downvotes": "99", 
            "upvotes": "130"
        }, 
        {
            "champName": "Teemo", 
            "downvotes": "46", 
            "upvotes": "71"
        }, 
        {
            "champName": "Orianna", 
            "downvotes": "35", 
            "upvotes": "59"
        }, 
        {
            "champName": "Twisted Fate", 
            "downvotes": "299", 
            "upvotes": "331"
        }, 
        {
            "champName": "Fiddlesticks", 
            "downvotes": "94", 
            "upvotes": "118"
        }, 
        {
            "champName": "Jax", 
            "downvotes": "29", 
            "upvotes": "50"
        }
    ]
}