{
    "ChampionName": {
        "lower": "rammus", 
        "pretty": "Rammus"
    }, 
    "WeakAgainst": [
        {
            "champName": "Trundle", 
            "downvotes": "376", 
            "upvotes": "755"
        }, 
        {
            "champName": "Olaf", 
            "downvotes": "153", 
            "upvotes": "232"
        }, 
        {
            "champName": "Vi", 
            "downvotes": "150", 
            "upvotes": "217"
        }, 
        {
            "champName": "Shyvana", 
            "downvotes": "234", 
            "upvotes": "312"
        }, 
        {
            "champName": "Dr. Mundo", 
            "downvotes": "286", 
            "upvotes": "346"
        }, 
        {
            "champName": "Vi", 
            "downvotes": "105", 
            "upvotes": "135"
        }, 
        {
            "champName": "Cho'Gath", 
            "downvotes": "64", 
            "upvotes": "87"
        }, 
        {
            "champName": "Vi", 
            "downvotes": "125", 
            "upvotes": "138"
        }, 
        {
            "champName": "Yorick", 
            "downvotes": "118", 
            "upvotes": "132"
        }, 
        {
            "champName": "Morgana", 
            "downvotes": "72", 
            "upvotes": "90"
        }
    ], 
    "StrongAgainst": [
        {
            "champName": "Tryndamere", 
            "downvotes": "487", 
            "upvotes": "1450"
        }, 
        {
            "champName": "Master Yi", 
            "downvotes": "478", 
            "upvotes": "948"
        }, 
        {
            "champName": "Yasuo", 
            "downvotes": "48", 
            "upvotes": "138"
        }, 
        {
            "champName": "Fiora", 
            "downvotes": "126", 
            "upvotes": "213"
        }, 
        {
            "champName": "Aatrox", 
            "downvotes": "98", 
            "upvotes": "170"
        }, 
        {
            "champName": "Katarina", 
            "downvotes": "103", 
            "upvotes": "153"
        }, 
        {
            "champName": "Graves", 
            "downvotes": "230", 
            "upvotes": "265"
        }, 
        {
            "champName": "Soraka", 
            "downvotes": "153", 
            "upvotes": "161"
        }, 
        {
            "champName": "Jax", 
            "downvotes": "61", 
            "upvotes": "81"
        }, 
        {
            "champName": "Riven", 
            "downvotes": "86", 
            "upvotes": "97"
        }
    ], 
    "ChampionImageLocation": "http://www.solomid.net/guide/champ/rammus.png", 
    "GoodWith": [
        {
            "champName": "Ashe", 
            "downvotes": "141", 
            "upvotes": "213"
        }, 
        {
            "champName": "Shen", 
            "downvotes": "147", 
            "upvotes": "213"
        }, 
        {
            "champName": "Yasuo", 
            "downvotes": "4", 
            "upvotes": "30"
        }, 
        {
            "champName": "Fizz", 
            "downvotes": "77", 
            "upvotes": "114"
        }, 
        {
            "champName": "Teemo", 
            "downvotes": "45", 
            "upvotes": "72"
        }, 
        {
            "champName": "Ahri", 
            "downvotes": "98", 
            "upvotes": "130"
        }, 
        {
            "champName": "Orianna", 
            "downvotes": "35", 
            "upvotes": "59"
        }, 
        {
            "champName": "Twisted Fate", 
            "downvotes": "298", 
            "upvotes": "330"
        }, 
        {
            "champName": "Fiddlesticks", 
            "downvotes": "94", 
            "upvotes": "118"
        }, 
        {
            "champName": "Jax", 
            "downvotes": "29", 
            "upvotes": "50"
        }
    ]
}