{
    "ChampionName": {
        "lower": "renekton", 
        "pretty": "Renekton"
    }, 
    "WeakAgainst": [
        {
            "champName": "Vayne", 
            "downvotes": "768", 
            "upvotes": "1928"
        }, 
        {
            "champName": "Ryze", 
            "downvotes": "1336", 
            "upvotes": "2936"
        }, 
        {
            "champName": "Elise", 
            "downvotes": "1295", 
            "upvotes": "2791"
        }, 
        {
            "champName": "Garen", 
            "downvotes": "6001", 
            "upvotes": "10910"
        }, 
        {
            "champName": "Trundle", 
            "downvotes": "614", 
            "upvotes": "1181"
        }, 
        {
            "champName": "Cho'Gath", 
            "downvotes": "82", 
            "upvotes": "216"
        }, 
        {
            "champName": "Olaf", 
            "downvotes": "707", 
            "upvotes": "1307"
        }, 
        {
            "champName": "Mordekaiser", 
            "downvotes": "191", 
            "upvotes": "402"
        }, 
        {
            "champName": "Aatrox", 
            "downvotes": "133", 
            "upvotes": "298"
        }, 
        {
            "champName": "Shyvana", 
            "downvotes": "1007", 
            "upvotes": "1801"
        }
    ], 
    "StrongAgainst": [
        {
            "champName": "Yasuo", 
            "downvotes": "524", 
            "upvotes": "1349"
        }, 
        {
            "champName": "Jax", 
            "downvotes": "3171", 
            "upvotes": "6999"
        }, 
        {
            "champName": "Akali", 
            "downvotes": "1308", 
            "upvotes": "2858"
        }, 
        {
            "champName": "Aatrox", 
            "downvotes": "927", 
            "upvotes": "1891"
        }, 
        {
            "champName": "Riven", 
            "downvotes": "2588", 
            "upvotes": "5136"
        }, 
        {
            "champName": "Yasuo", 
            "downvotes": "144", 
            "upvotes": "359"
        }, 
        {
            "champName": "Wukong", 
            "downvotes": "862", 
            "upvotes": "1673"
        }, 
        {
            "champName": "Tryndamere", 
            "downvotes": "751", 
            "upvotes": "1423"
        }, 
        {
            "champName": "Teemo", 
            "downvotes": "316", 
            "upvotes": "635"
        }, 
        {
            "champName": "Singed", 
            "downvotes": "218", 
            "upvotes": "456"
        }
    ], 
    "ChampionImageLocation": "http://www.solomid.net/guide/champ/renekton.png", 
    "GoodWith": [
        {
            "champName": "Nasus", 
            "downvotes": "1085", 
            "upvotes": "2356"
        }, 
        {
            "champName": "Aatrox", 
            "downvotes": "158", 
            "upvotes": "266"
        }, 
        {
            "champName": "Lulu", 
            "downvotes": "268", 
            "upvotes": "366"
        }, 
        {
            "champName": "Ahri", 
            "downvotes": "330", 
            "upvotes": "408"
        }, 
        {
            "champName": "Alistar", 
            "downvotes": "11", 
            "upvotes": "35"
        }, 
        {
            "champName": "Amumu", 
            "downvotes": "228", 
            "upvotes": "278"
        }, 
        {
            "champName": "Orianna", 
            "downvotes": "143", 
            "upvotes": "182"
        }, 
        {
            "champName": "Lee Sin", 
            "downvotes": "111", 
            "upvotes": "134"
        }, 
        {
            "champName": "Blitzcrank", 
            "downvotes": "95", 
            "upvotes": "113"
        }, 
        {
            "champName": "Pantheon", 
            "downvotes": "59", 
            "upvotes": "72"
        }
    ]
}