{
    "ChampionName": {
        "lower": "renekton", 
        "pretty": "Renekton"
    }, 
    "WeakAgainst": [
        {
            "champName": "Vayne", 
            "downvotes": "772", 
            "upvotes": "1946"
        }, 
        {
            "champName": "Ryze", 
            "downvotes": "1355", 
            "upvotes": "2976"
        }, 
        {
            "champName": "Elise", 
            "downvotes": "1301", 
            "upvotes": "2797"
        }, 
        {
            "champName": "Trundle", 
            "downvotes": "622", 
            "upvotes": "1205"
        }, 
        {
            "champName": "Garen", 
            "downvotes": "6033", 
            "upvotes": "10994"
        }, 
        {
            "champName": "Mordekaiser", 
            "downvotes": "190", 
            "upvotes": "407"
        }, 
        {
            "champName": "Olaf", 
            "downvotes": "710", 
            "upvotes": "1319"
        }, 
        {
            "champName": "Aatrox", 
            "downvotes": "132", 
            "upvotes": "302"
        }, 
        {
            "champName": "Cho'Gath", 
            "downvotes": "85", 
            "upvotes": "217"
        }, 
        {
            "champName": "Shyvana", 
            "downvotes": "1012", 
            "upvotes": "1826"
        }
    ], 
    "StrongAgainst": [
        {
            "champName": "Yasuo", 
            "downvotes": "531", 
            "upvotes": "1354"
        }, 
        {
            "champName": "Jax", 
            "downvotes": "3193", 
            "upvotes": "7069"
        }, 
        {
            "champName": "Akali", 
            "downvotes": "1316", 
            "upvotes": "2864"
        }, 
        {
            "champName": "Riven", 
            "downvotes": "2606", 
            "upvotes": "5174"
        }, 
        {
            "champName": "Aatrox", 
            "downvotes": "935", 
            "upvotes": "1901"
        }, 
        {
            "champName": "Yasuo", 
            "downvotes": "145", 
            "upvotes": "360"
        }, 
        {
            "champName": "Wukong", 
            "downvotes": "865", 
            "upvotes": "1679"
        }, 
        {
            "champName": "Tryndamere", 
            "downvotes": "755", 
            "upvotes": "1435"
        }, 
        {
            "champName": "Teemo", 
            "downvotes": "320", 
            "upvotes": "643"
        }, 
        {
            "champName": "Fiora", 
            "downvotes": "552", 
            "upvotes": "1047"
        }
    ], 
    "ChampionImageLocation": "http://www.solomid.net/guide/champ/renekton.png", 
    "GoodWith": [
        {
            "champName": "Nasus", 
            "downvotes": "1091", 
            "upvotes": "2367"
        }, 
        {
            "champName": "Aatrox", 
            "downvotes": "158", 
            "upvotes": "267"
        }, 
        {
            "champName": "Lulu", 
            "downvotes": "268", 
            "upvotes": "369"
        }, 
        {
            "champName": "Ahri", 
            "downvotes": "331", 
            "upvotes": "409"
        }, 
        {
            "champName": "Amumu", 
            "downvotes": "226", 
            "upvotes": "282"
        }, 
        {
            "champName": "Alistar", 
            "downvotes": "12", 
            "upvotes": "35"
        }, 
        {
            "champName": "Orianna", 
            "downvotes": "145", 
            "upvotes": "180"
        }, 
        {
            "champName": "Lee Sin", 
            "downvotes": "112", 
            "upvotes": "133"
        }, 
        {
            "champName": "Blitzcrank", 
            "downvotes": "96", 
            "upvotes": "112"
        }, 
        {
            "champName": "Pantheon", 
            "downvotes": "57", 
            "upvotes": "74"
        }
    ]
}