{
    "ChampionName": {
        "lower": "renekton", 
        "pretty": "Renekton"
    }, 
    "WeakAgainst": [
        {
            "champName": "Vayne", 
            "downvotes": "771", 
            "upvotes": "1937"
        }, 
        {
            "champName": "Ryze", 
            "downvotes": "1345", 
            "upvotes": "2960"
        }, 
        {
            "champName": "Elise", 
            "downvotes": "1297", 
            "upvotes": "2798"
        }, 
        {
            "champName": "Trundle", 
            "downvotes": "620", 
            "upvotes": "1198"
        }, 
        {
            "champName": "Garen", 
            "downvotes": "6023", 
            "upvotes": "10953"
        }, 
        {
            "champName": "Cho'Gath", 
            "downvotes": "83", 
            "upvotes": "217"
        }, 
        {
            "champName": "Mordekaiser", 
            "downvotes": "190", 
            "upvotes": "405"
        }, 
        {
            "champName": "Olaf", 
            "downvotes": "709", 
            "upvotes": "1314"
        }, 
        {
            "champName": "Shyvana", 
            "downvotes": "1009", 
            "upvotes": "1814"
        }, 
        {
            "champName": "Aatrox", 
            "downvotes": "133", 
            "upvotes": "298"
        }
    ], 
    "StrongAgainst": [
        {
            "champName": "Yasuo", 
            "downvotes": "528", 
            "upvotes": "1352"
        }, 
        {
            "champName": "Jax", 
            "downvotes": "3182", 
            "upvotes": "7046"
        }, 
        {
            "champName": "Akali", 
            "downvotes": "1314", 
            "upvotes": "2857"
        }, 
        {
            "champName": "Riven", 
            "downvotes": "2597", 
            "upvotes": "5159"
        }, 
        {
            "champName": "Aatrox", 
            "downvotes": "932", 
            "upvotes": "1897"
        }, 
        {
            "champName": "Yasuo", 
            "downvotes": "145", 
            "upvotes": "360"
        }, 
        {
            "champName": "Wukong", 
            "downvotes": "865", 
            "upvotes": "1679"
        }, 
        {
            "champName": "Tryndamere", 
            "downvotes": "753", 
            "upvotes": "1430"
        }, 
        {
            "champName": "Teemo", 
            "downvotes": "318", 
            "upvotes": "640"
        }, 
        {
            "champName": "Singed", 
            "downvotes": "219", 
            "upvotes": "457"
        }
    ], 
    "ChampionImageLocation": "http://www.solomid.net/guide/champ/renekton.png", 
    "GoodWith": [
        {
            "champName": "Nasus", 
            "downvotes": "1089", 
            "upvotes": "2358"
        }, 
        {
            "champName": "Aatrox", 
            "downvotes": "159", 
            "upvotes": "266"
        }, 
        {
            "champName": "Lulu", 
            "downvotes": "269", 
            "upvotes": "367"
        }, 
        {
            "champName": "Ahri", 
            "downvotes": "332", 
            "upvotes": "408"
        }, 
        {
            "champName": "Amumu", 
            "downvotes": "227", 
            "upvotes": "281"
        }, 
        {
            "champName": "Orianna", 
            "downvotes": "143", 
            "upvotes": "182"
        }, 
        {
            "champName": "Alistar", 
            "downvotes": "12", 
            "upvotes": "34"
        }, 
        {
            "champName": "Lee Sin", 
            "downvotes": "112", 
            "upvotes": "133"
        }, 
        {
            "champName": "Blitzcrank", 
            "downvotes": "96", 
            "upvotes": "112"
        }, 
        {
            "champName": "Pantheon", 
            "downvotes": "58", 
            "upvotes": "73"
        }
    ]
}