{
    "ChampionName": {
        "lower": "rengar", 
        "pretty": "Rengar"
    }, 
    "WeakAgainst": [
        {
            "champName": "Pantheon", 
            "downvotes": "535", 
            "upvotes": "1219"
        }, 
        {
            "champName": "Jax", 
            "downvotes": "1997", 
            "upvotes": "4200"
        }, 
        {
            "champName": "Fiora", 
            "downvotes": "811", 
            "upvotes": "1729"
        }, 
        {
            "champName": "Lee Sin", 
            "downvotes": "853", 
            "upvotes": "1526"
        }, 
        {
            "champName": "Renekton", 
            "downvotes": "403", 
            "upvotes": "725"
        }, 
        {
            "champName": "Darius", 
            "downvotes": "553", 
            "upvotes": "930"
        }, 
        {
            "champName": "Teemo", 
            "downvotes": "439", 
            "upvotes": "727"
        }, 
        {
            "champName": "Riven", 
            "downvotes": "538", 
            "upvotes": "868"
        }, 
        {
            "champName": "Olaf", 
            "downvotes": "131", 
            "upvotes": "251"
        }, 
        {
            "champName": "Nasus", 
            "downvotes": "52", 
            "upvotes": "135"
        }
    ], 
    "StrongAgainst": [
        {
            "champName": "Kha'Zix", 
            "downvotes": "1321", 
            "upvotes": "2491"
        }, 
        {
            "champName": "Yasuo", 
            "downvotes": "74", 
            "upvotes": "185"
        }, 
        {
            "champName": "Aatrox", 
            "downvotes": "288", 
            "upvotes": "507"
        }, 
        {
            "champName": "Nasus", 
            "downvotes": "277", 
            "upvotes": "476"
        }, 
        {
            "champName": "Renekton", 
            "downvotes": "42", 
            "upvotes": "120"
        }, 
        {
            "champName": "Kha'Zix", 
            "downvotes": "416", 
            "upvotes": "666"
        }, 
        {
            "champName": "Riven", 
            "downvotes": "262", 
            "upvotes": "428"
        }, 
        {
            "champName": "Aatrox", 
            "downvotes": "11", 
            "upvotes": "69"
        }, 
        {
            "champName": "Tryndamere", 
            "downvotes": "176", 
            "upvotes": "290"
        }, 
        {
            "champName": "Singed", 
            "downvotes": "247", 
            "upvotes": "375"
        }
    ], 
    "ChampionImageLocation": "http://www.solomid.net/guide/champ/rengar.png", 
    "GoodWith": [
        {
            "champName": "Kha'Zix", 
            "downvotes": "924", 
            "upvotes": "3003"
        }, 
        {
            "champName": "Orianna", 
            "downvotes": "210", 
            "upvotes": "436"
        }, 
        {
            "champName": "Aatrox", 
            "downvotes": "12", 
            "upvotes": "55"
        }, 
        {
            "champName": "Elise", 
            "downvotes": "460", 
            "upvotes": "754"
        }, 
        {
            "champName": "Shen", 
            "downvotes": "407", 
            "upvotes": "645"
        }, 
        {
            "champName": "Jax", 
            "downvotes": "29", 
            "upvotes": "64"
        }, 
        {
            "champName": "Nocturne", 
            "downvotes": "159", 
            "upvotes": "230"
        }, 
        {
            "champName": "Zilean", 
            "downvotes": "196", 
            "upvotes": "247"
        }, 
        {
            "champName": "Alistar", 
            "downvotes": "6", 
            "upvotes": "29"
        }, 
        {
            "champName": "Blitzcrank", 
            "downvotes": "5", 
            "upvotes": "27"
        }
    ]
}