{
    "ChampionName": {
        "lower": "rengar", 
        "pretty": "Rengar"
    }, 
    "WeakAgainst": [
        {
            "champName": "Pantheon", 
            "downvotes": "535", 
            "upvotes": "1221"
        }, 
        {
            "champName": "Jax", 
            "downvotes": "2001", 
            "upvotes": "4203"
        }, 
        {
            "champName": "Fiora", 
            "downvotes": "815", 
            "upvotes": "1734"
        }, 
        {
            "champName": "Lee Sin", 
            "downvotes": "854", 
            "upvotes": "1530"
        }, 
        {
            "champName": "Renekton", 
            "downvotes": "404", 
            "upvotes": "726"
        }, 
        {
            "champName": "Darius", 
            "downvotes": "556", 
            "upvotes": "932"
        }, 
        {
            "champName": "Teemo", 
            "downvotes": "440", 
            "upvotes": "728"
        }, 
        {
            "champName": "Riven", 
            "downvotes": "543", 
            "upvotes": "872"
        }, 
        {
            "champName": "Nasus", 
            "downvotes": "53", 
            "upvotes": "137"
        }, 
        {
            "champName": "Olaf", 
            "downvotes": "131", 
            "upvotes": "251"
        }
    ], 
    "StrongAgainst": [
        {
            "champName": "Kha'Zix", 
            "downvotes": "1327", 
            "upvotes": "2503"
        }, 
        {
            "champName": "Yasuo", 
            "downvotes": "74", 
            "upvotes": "187"
        }, 
        {
            "champName": "Aatrox", 
            "downvotes": "287", 
            "upvotes": "510"
        }, 
        {
            "champName": "Nasus", 
            "downvotes": "278", 
            "upvotes": "478"
        }, 
        {
            "champName": "Kha'Zix", 
            "downvotes": "416", 
            "upvotes": "670"
        }, 
        {
            "champName": "Renekton", 
            "downvotes": "43", 
            "upvotes": "120"
        }, 
        {
            "champName": "Riven", 
            "downvotes": "262", 
            "upvotes": "430"
        }, 
        {
            "champName": "Tryndamere", 
            "downvotes": "176", 
            "upvotes": "291"
        }, 
        {
            "champName": "Aatrox", 
            "downvotes": "12", 
            "upvotes": "70"
        }, 
        {
            "champName": "Garen", 
            "downvotes": "26", 
            "upvotes": "87"
        }
    ], 
    "ChampionImageLocation": "http://www.solomid.net/guide/champ/rengar.png", 
    "GoodWith": [
        {
            "champName": "Kha'Zix", 
            "downvotes": "926", 
            "upvotes": "3002"
        }, 
        {
            "champName": "Orianna", 
            "downvotes": "209", 
            "upvotes": "437"
        }, 
        {
            "champName": "Aatrox", 
            "downvotes": "13", 
            "upvotes": "54"
        }, 
        {
            "champName": "Elise", 
            "downvotes": "461", 
            "upvotes": "754"
        }, 
        {
            "champName": "Shen", 
            "downvotes": "406", 
            "upvotes": "648"
        }, 
        {
            "champName": "Jax", 
            "downvotes": "29", 
            "upvotes": "64"
        }, 
        {
            "champName": "Nocturne", 
            "downvotes": "159", 
            "upvotes": "230"
        }, 
        {
            "champName": "Zilean", 
            "downvotes": "196", 
            "upvotes": "247"
        }, 
        {
            "champName": "Ahri", 
            "downvotes": "21", 
            "upvotes": "46"
        }, 
        {
            "champName": "Alistar", 
            "downvotes": "6", 
            "upvotes": "29"
        }
    ]
}