{
    "ChampionName": {
        "lower": "riven", 
        "pretty": "Riven"
    }, 
    "WeakAgainst": [
        {
            "champName": "Garen", 
            "downvotes": "4159", 
            "upvotes": "12154"
        }, 
        {
            "champName": "Olaf", 
            "downvotes": "3100", 
            "upvotes": "7052"
        }, 
        {
            "champName": "Kennen", 
            "downvotes": "1350", 
            "upvotes": "3046"
        }, 
        {
            "champName": "Renekton", 
            "downvotes": "2606", 
            "upvotes": "5174"
        }, 
        {
            "champName": "Shyvana", 
            "downvotes": "571", 
            "upvotes": "1149"
        }, 
        {
            "champName": "Jax", 
            "downvotes": "2783", 
            "upvotes": "5261"
        }, 
        {
            "champName": "Pantheon", 
            "downvotes": "941", 
            "upvotes": "1812"
        }, 
        {
            "champName": "LeBlanc", 
            "downvotes": "70", 
            "upvotes": "201"
        }, 
        {
            "champName": "Fiora", 
            "downvotes": "742", 
            "upvotes": "1384"
        }, 
        {
            "champName": "Aatrox", 
            "downvotes": "173", 
            "upvotes": "372"
        }
    ], 
    "StrongAgainst": [
        {
            "champName": "Yasuo", 
            "downvotes": "1474", 
            "upvotes": "3656"
        }, 
        {
            "champName": "Katarina", 
            "downvotes": "153", 
            "upvotes": "428"
        }, 
        {
            "champName": "Aatrox", 
            "downvotes": "1275", 
            "upvotes": "2716"
        }, 
        {
            "champName": "Katarina", 
            "downvotes": "34", 
            "upvotes": "143"
        }, 
        {
            "champName": "Dr. Mundo", 
            "downvotes": "538", 
            "upvotes": "1070"
        }, 
        {
            "champName": "Diana", 
            "downvotes": "1136", 
            "upvotes": "2151"
        }, 
        {
            "champName": "Vladimir", 
            "downvotes": "1604", 
            "upvotes": "2986"
        }, 
        {
            "champName": "Fizz", 
            "downvotes": "134", 
            "upvotes": "315"
        }, 
        {
            "champName": "Vel'Koz", 
            "downvotes": "128", 
            "upvotes": "304"
        }, 
        {
            "champName": "Aatrox", 
            "downvotes": "56", 
            "upvotes": "171"
        }
    ], 
    "ChampionImageLocation": "http://www.solomid.net/guide/champ/riven.png", 
    "GoodWith": [
        {
            "champName": "Yasuo", 
            "downvotes": "13", 
            "upvotes": "78"
        }, 
        {
            "champName": "Vi", 
            "downvotes": "11", 
            "upvotes": "58"
        }, 
        {
            "champName": "Aatrox", 
            "downvotes": "64", 
            "upvotes": "141"
        }, 
        {
            "champName": "Orianna", 
            "downvotes": "298", 
            "upvotes": "446"
        }, 
        {
            "champName": "Amumu", 
            "downvotes": "321", 
            "upvotes": "477"
        }, 
        {
            "champName": "Ahri", 
            "downvotes": "251", 
            "upvotes": "378"
        }, 
        {
            "champName": "Irelia", 
            "downvotes": "928", 
            "upvotes": "1294"
        }, 
        {
            "champName": "Jarvan IV", 
            "downvotes": "22", 
            "upvotes": "56"
        }, 
        {
            "champName": "Jax", 
            "downvotes": "13", 
            "upvotes": "40"
        }, 
        {
            "champName": "Lee Sin", 
            "downvotes": "204", 
            "upvotes": "270"
        }
    ]
}