{
    "ChampionName": {
        "lower": "riven", 
        "pretty": "Riven"
    }, 
    "WeakAgainst": [
        {
            "champName": "Garen", 
            "downvotes": "4141", 
            "upvotes": "12073"
        }, 
        {
            "champName": "Olaf", 
            "downvotes": "3086", 
            "upvotes": "7030"
        }, 
        {
            "champName": "Kennen", 
            "downvotes": "1347", 
            "upvotes": "3042"
        }, 
        {
            "champName": "Renekton", 
            "downvotes": "2588", 
            "upvotes": "5136"
        }, 
        {
            "champName": "Shyvana", 
            "downvotes": "564", 
            "upvotes": "1139"
        }, 
        {
            "champName": "LeBlanc", 
            "downvotes": "68", 
            "upvotes": "201"
        }, 
        {
            "champName": "Jax", 
            "downvotes": "2778", 
            "upvotes": "5227"
        }, 
        {
            "champName": "Pantheon", 
            "downvotes": "940", 
            "upvotes": "1803"
        }, 
        {
            "champName": "Fiora", 
            "downvotes": "736", 
            "upvotes": "1364"
        }, 
        {
            "champName": "Aatrox", 
            "downvotes": "172", 
            "upvotes": "371"
        }
    ], 
    "StrongAgainst": [
        {
            "champName": "Yasuo", 
            "downvotes": "1469", 
            "upvotes": "3640"
        }, 
        {
            "champName": "Katarina", 
            "downvotes": "151", 
            "upvotes": "422"
        }, 
        {
            "champName": "Aatrox", 
            "downvotes": "1270", 
            "upvotes": "2710"
        }, 
        {
            "champName": "Dr. Mundo", 
            "downvotes": "532", 
            "upvotes": "1061"
        }, 
        {
            "champName": "Katarina", 
            "downvotes": "33", 
            "upvotes": "135"
        }, 
        {
            "champName": "Diana", 
            "downvotes": "1133", 
            "upvotes": "2149"
        }, 
        {
            "champName": "Vel'Koz", 
            "downvotes": "126", 
            "upvotes": "304"
        }, 
        {
            "champName": "Vladimir", 
            "downvotes": "1598", 
            "upvotes": "2978"
        }, 
        {
            "champName": "Aatrox", 
            "downvotes": "54", 
            "upvotes": "170"
        }, 
        {
            "champName": "Fizz", 
            "downvotes": "134", 
            "upvotes": "313"
        }
    ], 
    "ChampionImageLocation": "http://www.solomid.net/guide/champ/riven.png", 
    "GoodWith": [
        {
            "champName": "Yasuo", 
            "downvotes": "12", 
            "upvotes": "79"
        }, 
        {
            "champName": "Vi", 
            "downvotes": "12", 
            "upvotes": "57"
        }, 
        {
            "champName": "Aatrox", 
            "downvotes": "62", 
            "upvotes": "142"
        }, 
        {
            "champName": "Ahri", 
            "downvotes": "248", 
            "upvotes": "376"
        }, 
        {
            "champName": "Orianna", 
            "downvotes": "298", 
            "upvotes": "444"
        }, 
        {
            "champName": "Amumu", 
            "downvotes": "321", 
            "upvotes": "476"
        }, 
        {
            "champName": "Irelia", 
            "downvotes": "927", 
            "upvotes": "1291"
        }, 
        {
            "champName": "Jarvan IV", 
            "downvotes": "22", 
            "upvotes": "56"
        }, 
        {
            "champName": "Jax", 
            "downvotes": "11", 
            "upvotes": "40"
        }, 
        {
            "champName": "Shyvana", 
            "downvotes": "73", 
            "upvotes": "115"
        }
    ]
}