{
    "ChampionName": {
        "lower": "rumble", 
        "pretty": "Rumble"
    }, 
    "WeakAgainst": [
        {
            "champName": "Yorick", 
            "downvotes": "813", 
            "upvotes": "2124"
        }, 
        {
            "champName": "Viktor", 
            "downvotes": "191", 
            "upvotes": "422"
        }, 
        {
            "champName": "Xin Zhao", 
            "downvotes": "690", 
            "upvotes": "1215"
        }, 
        {
            "champName": "Aatrox", 
            "downvotes": "32", 
            "upvotes": "117"
        }, 
        {
            "champName": "Elise", 
            "downvotes": "373", 
            "upvotes": "655"
        }, 
        {
            "champName": "Darius", 
            "downvotes": "250", 
            "upvotes": "429"
        }, 
        {
            "champName": "Jayce", 
            "downvotes": "524", 
            "upvotes": "812"
        }, 
        {
            "champName": "Volibear", 
            "downvotes": "344", 
            "upvotes": "472"
        }, 
        {
            "champName": "Riven", 
            "downvotes": "482", 
            "upvotes": "637"
        }, 
        {
            "champName": "Pantheon", 
            "downvotes": "49", 
            "upvotes": "107"
        }
    ], 
    "StrongAgainst": [
        {
            "champName": "Malphite", 
            "downvotes": "935", 
            "upvotes": "2798"
        }, 
        {
            "champName": "Nasus", 
            "downvotes": "1032", 
            "upvotes": "2742"
        }, 
        {
            "champName": "Teemo", 
            "downvotes": "1160", 
            "upvotes": "2512"
        }, 
        {
            "champName": "Akali", 
            "downvotes": "801", 
            "upvotes": "1578"
        }, 
        {
            "champName": "Singed", 
            "downvotes": "401", 
            "upvotes": "693"
        }, 
        {
            "champName": "Zed", 
            "downvotes": "469", 
            "upvotes": "779"
        }, 
        {
            "champName": "Aatrox", 
            "downvotes": "63", 
            "upvotes": "151"
        }, 
        {
            "champName": "Riven", 
            "downvotes": "82", 
            "upvotes": "175"
        }, 
        {
            "champName": "Renekton", 
            "downvotes": "98", 
            "upvotes": "197"
        }, 
        {
            "champName": "Wukong", 
            "downvotes": "103", 
            "upvotes": "201"
        }
    ], 
    "ChampionImageLocation": "http://www.solomid.net/guide/champ/rumble.png", 
    "GoodWith": [
        {
            "champName": "Jarvan IV", 
            "downvotes": "148", 
            "upvotes": "283"
        }, 
        {
            "champName": "Amumu", 
            "downvotes": "233", 
            "upvotes": "397"
        }, 
        {
            "champName": "Sejuani", 
            "downvotes": "273", 
            "upvotes": "378"
        }, 
        {
            "champName": "Kennen", 
            "downvotes": "197", 
            "upvotes": "258"
        }, 
        {
            "champName": "Sona", 
            "downvotes": "76", 
            "upvotes": "110"
        }, 
        {
            "champName": "Maokai", 
            "downvotes": "49", 
            "upvotes": "77"
        }, 
        {
            "champName": "Orianna", 
            "downvotes": "92", 
            "upvotes": "120"
        }, 
        {
            "champName": "Leona", 
            "downvotes": "45", 
            "upvotes": "65"
        }, 
        {
            "champName": "Galio", 
            "downvotes": "60", 
            "upvotes": "80"
        }, 
        {
            "champName": "Morgana", 
            "downvotes": "124", 
            "upvotes": "132"
        }
    ]
}