{
    "ChampionName": {
        "lower": "rumble", 
        "pretty": "Rumble"
    }, 
    "WeakAgainst": [
        {
            "champName": "Yorick", 
            "downvotes": "810", 
            "upvotes": "2120"
        }, 
        {
            "champName": "Viktor", 
            "downvotes": "190", 
            "upvotes": "419"
        }, 
        {
            "champName": "Xin Zhao", 
            "downvotes": "689", 
            "upvotes": "1212"
        }, 
        {
            "champName": "Aatrox", 
            "downvotes": "30", 
            "upvotes": "112"
        }, 
        {
            "champName": "Elise", 
            "downvotes": "373", 
            "upvotes": "653"
        }, 
        {
            "champName": "Darius", 
            "downvotes": "247", 
            "upvotes": "426"
        }, 
        {
            "champName": "Jayce", 
            "downvotes": "523", 
            "upvotes": "812"
        }, 
        {
            "champName": "Volibear", 
            "downvotes": "344", 
            "upvotes": "471"
        }, 
        {
            "champName": "Riven", 
            "downvotes": "483", 
            "upvotes": "632"
        }, 
        {
            "champName": "Pantheon", 
            "downvotes": "49", 
            "upvotes": "106"
        }
    ], 
    "StrongAgainst": [
        {
            "champName": "Malphite", 
            "downvotes": "933", 
            "upvotes": "2786"
        }, 
        {
            "champName": "Nasus", 
            "downvotes": "1031", 
            "upvotes": "2726"
        }, 
        {
            "champName": "Teemo", 
            "downvotes": "1157", 
            "upvotes": "2506"
        }, 
        {
            "champName": "Akali", 
            "downvotes": "797", 
            "upvotes": "1576"
        }, 
        {
            "champName": "Singed", 
            "downvotes": "400", 
            "upvotes": "690"
        }, 
        {
            "champName": "Zed", 
            "downvotes": "469", 
            "upvotes": "778"
        }, 
        {
            "champName": "Aatrox", 
            "downvotes": "62", 
            "upvotes": "151"
        }, 
        {
            "champName": "Riven", 
            "downvotes": "82", 
            "upvotes": "173"
        }, 
        {
            "champName": "Renekton", 
            "downvotes": "97", 
            "upvotes": "194"
        }, 
        {
            "champName": "Wukong", 
            "downvotes": "102", 
            "upvotes": "200"
        }
    ], 
    "ChampionImageLocation": "http://www.solomid.net/guide/champ/rumble.png", 
    "GoodWith": [
        {
            "champName": "Jarvan IV", 
            "downvotes": "148", 
            "upvotes": "283"
        }, 
        {
            "champName": "Amumu", 
            "downvotes": "234", 
            "upvotes": "396"
        }, 
        {
            "champName": "Sejuani", 
            "downvotes": "272", 
            "upvotes": "378"
        }, 
        {
            "champName": "Kennen", 
            "downvotes": "196", 
            "upvotes": "258"
        }, 
        {
            "champName": "Sona", 
            "downvotes": "76", 
            "upvotes": "110"
        }, 
        {
            "champName": "Maokai", 
            "downvotes": "49", 
            "upvotes": "77"
        }, 
        {
            "champName": "Orianna", 
            "downvotes": "92", 
            "upvotes": "120"
        }, 
        {
            "champName": "Leona", 
            "downvotes": "45", 
            "upvotes": "65"
        }, 
        {
            "champName": "Galio", 
            "downvotes": "60", 
            "upvotes": "80"
        }, 
        {
            "champName": "Morgana", 
            "downvotes": "124", 
            "upvotes": "132"
        }
    ]
}