{
    "ChampionName": {
        "lower": "ryze", 
        "pretty": "Ryze"
    }, 
    "WeakAgainst": [
        {
            "champName": "Cassiopeia", 
            "downvotes": "1375", 
            "upvotes": "5895"
        }, 
        {
            "champName": "Xerath", 
            "downvotes": "626", 
            "upvotes": "1852"
        }, 
        {
            "champName": "Anivia", 
            "downvotes": "840", 
            "upvotes": "2070"
        }, 
        {
            "champName": "Brand", 
            "downvotes": "1038", 
            "upvotes": "2256"
        }, 
        {
            "champName": "Ziggs", 
            "downvotes": "719", 
            "upvotes": "1584"
        }, 
        {
            "champName": "LeBlanc", 
            "downvotes": "171", 
            "upvotes": "434"
        }, 
        {
            "champName": "Orianna", 
            "downvotes": "685", 
            "upvotes": "1385"
        }, 
        {
            "champName": "Aatrox", 
            "downvotes": "78", 
            "upvotes": "219"
        }, 
        {
            "champName": "Lux", 
            "downvotes": "1139", 
            "upvotes": "2113"
        }, 
        {
            "champName": "Talon", 
            "downvotes": "127", 
            "upvotes": "290"
        }
    ], 
    "StrongAgainst": [
        {
            "champName": "Yasuo", 
            "downvotes": "98", 
            "upvotes": "362"
        }, 
        {
            "champName": "Yasuo", 
            "downvotes": "36", 
            "upvotes": "179"
        }, 
        {
            "champName": "Fizz", 
            "downvotes": "7458", 
            "upvotes": "16516"
        }, 
        {
            "champName": "Renekton", 
            "downvotes": "1336", 
            "upvotes": "2936"
        }, 
        {
            "champName": "Veigar", 
            "downvotes": "1600", 
            "upvotes": "3496"
        }, 
        {
            "champName": "Evelynn", 
            "downvotes": "568", 
            "upvotes": "1251"
        }, 
        {
            "champName": "Nasus", 
            "downvotes": "79", 
            "upvotes": "231"
        }, 
        {
            "champName": "Jax", 
            "downvotes": "36", 
            "upvotes": "144"
        }, 
        {
            "champName": "Kennen", 
            "downvotes": "1366", 
            "upvotes": "2530"
        }, 
        {
            "champName": "Nidalee", 
            "downvotes": "27", 
            "upvotes": "113"
        }
    ], 
    "ChampionImageLocation": "http://www.solomid.net/guide/champ/ryze.png", 
    "GoodWith": [
        {
            "champName": "Jarvan IV", 
            "downvotes": "21", 
            "upvotes": "66"
        }, 
        {
            "champName": "Maokai", 
            "downvotes": "502", 
            "upvotes": "790"
        }, 
        {
            "champName": "Aatrox", 
            "downvotes": "21", 
            "upvotes": "61"
        }, 
        {
            "champName": "Amumu", 
            "downvotes": "178", 
            "upvotes": "257"
        }, 
        {
            "champName": "Ahri", 
            "downvotes": "42", 
            "upvotes": "80"
        }, 
        {
            "champName": "Udyr", 
            "downvotes": "352", 
            "upvotes": "478"
        }, 
        {
            "champName": "Lee Sin", 
            "downvotes": "475", 
            "upvotes": "622"
        }, 
        {
            "champName": "Blitzcrank", 
            "downvotes": "59", 
            "upvotes": "97"
        }, 
        {
            "champName": "Jax", 
            "downvotes": "432", 
            "upvotes": "538"
        }, 
        {
            "champName": "Cho'Gath", 
            "downvotes": "88", 
            "upvotes": "111"
        }
    ]
}