{
    "ChampionName": {
        "lower": "ryze", 
        "pretty": "Ryze"
    }, 
    "WeakAgainst": [
        {
            "champName": "Cassiopeia", 
            "downvotes": "1380", 
            "upvotes": "5914"
        }, 
        {
            "champName": "Xerath", 
            "downvotes": "627", 
            "upvotes": "1859"
        }, 
        {
            "champName": "Anivia", 
            "downvotes": "843", 
            "upvotes": "2076"
        }, 
        {
            "champName": "Brand", 
            "downvotes": "1043", 
            "upvotes": "2265"
        }, 
        {
            "champName": "Ziggs", 
            "downvotes": "724", 
            "upvotes": "1592"
        }, 
        {
            "champName": "LeBlanc", 
            "downvotes": "172", 
            "upvotes": "440"
        }, 
        {
            "champName": "Orianna", 
            "downvotes": "691", 
            "upvotes": "1387"
        }, 
        {
            "champName": "Aatrox", 
            "downvotes": "79", 
            "upvotes": "222"
        }, 
        {
            "champName": "Lux", 
            "downvotes": "1142", 
            "upvotes": "2116"
        }, 
        {
            "champName": "Talon", 
            "downvotes": "127", 
            "upvotes": "290"
        }
    ], 
    "StrongAgainst": [
        {
            "champName": "Yasuo", 
            "downvotes": "102", 
            "upvotes": "373"
        }, 
        {
            "champName": "Yasuo", 
            "downvotes": "38", 
            "upvotes": "183"
        }, 
        {
            "champName": "Fizz", 
            "downvotes": "7484", 
            "upvotes": "16595"
        }, 
        {
            "champName": "Renekton", 
            "downvotes": "1355", 
            "upvotes": "2977"
        }, 
        {
            "champName": "Jax", 
            "downvotes": "38", 
            "upvotes": "166"
        }, 
        {
            "champName": "Veigar", 
            "downvotes": "1606", 
            "upvotes": "3502"
        }, 
        {
            "champName": "Evelynn", 
            "downvotes": "569", 
            "upvotes": "1251"
        }, 
        {
            "champName": "Nasus", 
            "downvotes": "81", 
            "upvotes": "244"
        }, 
        {
            "champName": "Kennen", 
            "downvotes": "1373", 
            "upvotes": "2536"
        }, 
        {
            "champName": "Singed", 
            "downvotes": "168", 
            "upvotes": "355"
        }
    ], 
    "ChampionImageLocation": "http://www.solomid.net/guide/champ/ryze.png", 
    "GoodWith": [
        {
            "champName": "Jarvan IV", 
            "downvotes": "21", 
            "upvotes": "66"
        }, 
        {
            "champName": "Maokai", 
            "downvotes": "503", 
            "upvotes": "794"
        }, 
        {
            "champName": "Aatrox", 
            "downvotes": "22", 
            "upvotes": "60"
        }, 
        {
            "champName": "Ahri", 
            "downvotes": "41", 
            "upvotes": "81"
        }, 
        {
            "champName": "Amumu", 
            "downvotes": "179", 
            "upvotes": "258"
        }, 
        {
            "champName": "Udyr", 
            "downvotes": "353", 
            "upvotes": "478"
        }, 
        {
            "champName": "Lee Sin", 
            "downvotes": "479", 
            "upvotes": "621"
        }, 
        {
            "champName": "Blitzcrank", 
            "downvotes": "60", 
            "upvotes": "96"
        }, 
        {
            "champName": "Jax", 
            "downvotes": "433", 
            "upvotes": "541"
        }, 
        {
            "champName": "Cho'Gath", 
            "downvotes": "89", 
            "upvotes": "110"
        }
    ]
}