{
    "ChampionName": {
        "lower": "sejuani", 
        "pretty": "Sejuani"
    }, 
    "WeakAgainst": [
        {
            "champName": "Xin Zhao", 
            "downvotes": "188", 
            "upvotes": "281"
        }, 
        {
            "champName": "Lee Sin", 
            "downvotes": "149", 
            "upvotes": "189"
        }, 
        {
            "champName": "Morgana", 
            "downvotes": "197", 
            "upvotes": "234"
        }, 
        {
            "champName": "Olaf", 
            "downvotes": "108", 
            "upvotes": "146"
        }, 
        {
            "champName": "Elise", 
            "downvotes": "99", 
            "upvotes": "124"
        }, 
        {
            "champName": "Quinn", 
            "downvotes": "152", 
            "upvotes": "153"
        }, 
        {
            "champName": "Jarvan IV", 
            "downvotes": "43", 
            "upvotes": "66"
        }, 
        {
            "champName": "Udyr", 
            "downvotes": "93", 
            "upvotes": "102"
        }, 
        {
            "champName": "Shyvana", 
            "downvotes": "137", 
            "upvotes": "133"
        }, 
        {
            "champName": "Nocturne", 
            "downvotes": "59", 
            "upvotes": "74"
        }
    ], 
    "StrongAgainst": [
        {
            "champName": "Hecarim", 
            "downvotes": "344", 
            "upvotes": "749"
        }, 
        {
            "champName": "Hecarim", 
            "downvotes": "287", 
            "upvotes": "457"
        }, 
        {
            "champName": "Hecarim", 
            "downvotes": "196", 
            "upvotes": "307"
        }, 
        {
            "champName": "Katarina", 
            "downvotes": "55", 
            "upvotes": "118"
        }, 
        {
            "champName": "Darius", 
            "downvotes": "147", 
            "upvotes": "199"
        }, 
        {
            "champName": "Evelynn", 
            "downvotes": "136", 
            "upvotes": "145"
        }, 
        {
            "champName": "Anivia", 
            "downvotes": "144", 
            "upvotes": "147"
        }, 
        {
            "champName": "Sivir", 
            "downvotes": "128", 
            "upvotes": "131"
        }, 
        {
            "champName": "Akali", 
            "downvotes": "67", 
            "upvotes": "83"
        }, 
        {
            "champName": "Elise", 
            "downvotes": "95", 
            "upvotes": "104"
        }
    ], 
    "ChampionImageLocation": "http://www.solomid.net/guide/champ/sejuani.png", 
    "GoodWith": [
        {
            "champName": "Katarina", 
            "downvotes": "136", 
            "upvotes": "282"
        }, 
        {
            "champName": "Lissandra", 
            "downvotes": "234", 
            "upvotes": "446"
        }, 
        {
            "champName": "Wukong", 
            "downvotes": "19", 
            "upvotes": "62"
        }, 
        {
            "champName": "Talon", 
            "downvotes": "173", 
            "upvotes": "298"
        }, 
        {
            "champName": "Yasuo", 
            "downvotes": "6", 
            "upvotes": "36"
        }, 
        {
            "champName": "Rumble", 
            "downvotes": "272", 
            "upvotes": "378"
        }, 
        {
            "champName": "Leona", 
            "downvotes": "16", 
            "upvotes": "45"
        }, 
        {
            "champName": "Orianna", 
            "downvotes": "90", 
            "upvotes": "128"
        }, 
        {
            "champName": "Ashe", 
            "downvotes": "130", 
            "upvotes": "173"
        }, 
        {
            "champName": "Anivia", 
            "downvotes": "69", 
            "upvotes": "102"
        }
    ]
}