{
    "ChampionName": {
        "lower": "sejuani", 
        "pretty": "Sejuani"
    }, 
    "WeakAgainst": [
        {
            "champName": "Xin Zhao", 
            "downvotes": "188", 
            "upvotes": "283"
        }, 
        {
            "champName": "Lee Sin", 
            "downvotes": "150", 
            "upvotes": "189"
        }, 
        {
            "champName": "Olaf", 
            "downvotes": "108", 
            "upvotes": "147"
        }, 
        {
            "champName": "Morgana", 
            "downvotes": "198", 
            "upvotes": "234"
        }, 
        {
            "champName": "Elise", 
            "downvotes": "100", 
            "upvotes": "124"
        }, 
        {
            "champName": "Jarvan IV", 
            "downvotes": "43", 
            "upvotes": "66"
        }, 
        {
            "champName": "Quinn", 
            "downvotes": "153", 
            "upvotes": "152"
        }, 
        {
            "champName": "Udyr", 
            "downvotes": "94", 
            "upvotes": "103"
        }, 
        {
            "champName": "Karthus", 
            "downvotes": "155", 
            "upvotes": "147"
        }, 
        {
            "champName": "Shyvana", 
            "downvotes": "137", 
            "upvotes": "133"
        }
    ], 
    "StrongAgainst": [
        {
            "champName": "Hecarim", 
            "downvotes": "345", 
            "upvotes": "752"
        }, 
        {
            "champName": "Hecarim", 
            "downvotes": "287", 
            "upvotes": "458"
        }, 
        {
            "champName": "Hecarim", 
            "downvotes": "196", 
            "upvotes": "308"
        }, 
        {
            "champName": "Katarina", 
            "downvotes": "54", 
            "upvotes": "120"
        }, 
        {
            "champName": "Darius", 
            "downvotes": "148", 
            "upvotes": "198"
        }, 
        {
            "champName": "Evelynn", 
            "downvotes": "136", 
            "upvotes": "145"
        }, 
        {
            "champName": "Anivia", 
            "downvotes": "144", 
            "upvotes": "147"
        }, 
        {
            "champName": "Akali", 
            "downvotes": "67", 
            "upvotes": "83"
        }, 
        {
            "champName": "Elise", 
            "downvotes": "95", 
            "upvotes": "104"
        }, 
        {
            "champName": "Sivir", 
            "downvotes": "129", 
            "upvotes": "130"
        }
    ], 
    "ChampionImageLocation": "http://www.solomid.net/guide/champ/sejuani.png", 
    "GoodWith": [
        {
            "champName": "Katarina", 
            "downvotes": "136", 
            "upvotes": "283"
        }, 
        {
            "champName": "Lissandra", 
            "downvotes": "236", 
            "upvotes": "446"
        }, 
        {
            "champName": "Wukong", 
            "downvotes": "19", 
            "upvotes": "63"
        }, 
        {
            "champName": "Talon", 
            "downvotes": "173", 
            "upvotes": "299"
        }, 
        {
            "champName": "Yasuo", 
            "downvotes": "6", 
            "upvotes": "36"
        }, 
        {
            "champName": "Rumble", 
            "downvotes": "273", 
            "upvotes": "378"
        }, 
        {
            "champName": "Leona", 
            "downvotes": "16", 
            "upvotes": "45"
        }, 
        {
            "champName": "Orianna", 
            "downvotes": "89", 
            "upvotes": "129"
        }, 
        {
            "champName": "Ashe", 
            "downvotes": "131", 
            "upvotes": "175"
        }, 
        {
            "champName": "Anivia", 
            "downvotes": "69", 
            "upvotes": "102"
        }
    ]
}