{
    "ChampionName": {
        "lower": "shaco", 
        "pretty": "Shaco"
    }, 
    "WeakAgainst": [
        {
            "champName": "Lee Sin", 
            "downvotes": "709", 
            "upvotes": "2807"
        }, 
        {
            "champName": "Vi", 
            "downvotes": "190", 
            "upvotes": "292"
        }, 
        {
            "champName": "Riven", 
            "downvotes": "238", 
            "upvotes": "338"
        }, 
        {
            "champName": "Warwick", 
            "downvotes": "303", 
            "upvotes": "380"
        }, 
        {
            "champName": "Olaf", 
            "downvotes": "170", 
            "upvotes": "227"
        }, 
        {
            "champName": "Nasus", 
            "downvotes": "188", 
            "upvotes": "210"
        }, 
        {
            "champName": "Rengar", 
            "downvotes": "133", 
            "upvotes": "158"
        }, 
        {
            "champName": "Shyvana", 
            "downvotes": "171", 
            "upvotes": "192"
        }, 
        {
            "champName": "Jax", 
            "downvotes": "47", 
            "upvotes": "79"
        }, 
        {
            "champName": "Brand", 
            "downvotes": "157", 
            "upvotes": "169"
        }
    ], 
    "StrongAgainst": [
        {
            "champName": "Amumu", 
            "downvotes": "397", 
            "upvotes": "609"
        }, 
        {
            "champName": "Master Yi", 
            "downvotes": "191", 
            "upvotes": "251"
        }, 
        {
            "champName": "Xerath", 
            "downvotes": "291", 
            "upvotes": "320"
        }, 
        {
            "champName": "Maokai", 
            "downvotes": "225", 
            "upvotes": "250"
        }, 
        {
            "champName": "Twitch", 
            "downvotes": "164", 
            "upvotes": "189"
        }, 
        {
            "champName": "Ashe", 
            "downvotes": "105", 
            "upvotes": "114"
        }, 
        {
            "champName": "Master Yi", 
            "downvotes": "92", 
            "upvotes": "96"
        }, 
        {
            "champName": "Darius", 
            "downvotes": "81", 
            "upvotes": "86"
        }, 
        {
            "champName": "Nocturne", 
            "downvotes": "80", 
            "upvotes": "82"
        }, 
        {
            "champName": "Elise", 
            "downvotes": "105", 
            "upvotes": "98"
        }
    ], 
    "ChampionImageLocation": "http://www.solomid.net/guide/champ/shaco.png", 
    "GoodWith": [
        {
            "champName": "Blitzcrank", 
            "downvotes": "194", 
            "upvotes": "408"
        }, 
        {
            "champName": "Shen", 
            "downvotes": "192", 
            "upvotes": "296"
        }, 
        {
            "champName": "Teemo", 
            "downvotes": "121", 
            "upvotes": "189"
        }, 
        {
            "champName": "Yorick", 
            "downvotes": "116", 
            "upvotes": "146"
        }, 
        {
            "champName": "Singed", 
            "downvotes": "106", 
            "upvotes": "128"
        }, 
        {
            "champName": "Lee Sin", 
            "downvotes": "116", 
            "upvotes": "130"
        }, 
        {
            "champName": "Urgot", 
            "downvotes": "77", 
            "upvotes": "86"
        }, 
        {
            "champName": "Evelynn", 
            "downvotes": "123", 
            "upvotes": "113"
        }, 
        {
            "champName": "Heimerdinger", 
            "downvotes": "52", 
            "upvotes": "56"
        }, 
        {
            "champName": "Orianna", 
            "downvotes": "62", 
            "upvotes": "62"
        }
    ]
}