{
    "ChampionName": {
        "lower": "shaco", 
        "pretty": "Shaco"
    }, 
    "WeakAgainst": [
        {
            "champName": "Lee Sin", 
            "downvotes": "714", 
            "upvotes": "2821"
        }, 
        {
            "champName": "Vi", 
            "downvotes": "191", 
            "upvotes": "293"
        }, 
        {
            "champName": "Riven", 
            "downvotes": "239", 
            "upvotes": "339"
        }, 
        {
            "champName": "Warwick", 
            "downvotes": "305", 
            "upvotes": "379"
        }, 
        {
            "champName": "Olaf", 
            "downvotes": "171", 
            "upvotes": "226"
        }, 
        {
            "champName": "Rengar", 
            "downvotes": "134", 
            "upvotes": "159"
        }, 
        {
            "champName": "Shyvana", 
            "downvotes": "172", 
            "upvotes": "193"
        }, 
        {
            "champName": "Jax", 
            "downvotes": "48", 
            "upvotes": "80"
        }, 
        {
            "champName": "Nasus", 
            "downvotes": "190", 
            "upvotes": "209"
        }, 
        {
            "champName": "Brand", 
            "downvotes": "158", 
            "upvotes": "169"
        }
    ], 
    "StrongAgainst": [
        {
            "champName": "Amumu", 
            "downvotes": "397", 
            "upvotes": "613"
        }, 
        {
            "champName": "Master Yi", 
            "downvotes": "191", 
            "upvotes": "254"
        }, 
        {
            "champName": "Xerath", 
            "downvotes": "292", 
            "upvotes": "321"
        }, 
        {
            "champName": "Maokai", 
            "downvotes": "224", 
            "upvotes": "254"
        }, 
        {
            "champName": "Twitch", 
            "downvotes": "165", 
            "upvotes": "189"
        }, 
        {
            "champName": "Ashe", 
            "downvotes": "106", 
            "upvotes": "114"
        }, 
        {
            "champName": "Master Yi", 
            "downvotes": "92", 
            "upvotes": "96"
        }, 
        {
            "champName": "Darius", 
            "downvotes": "81", 
            "upvotes": "87"
        }, 
        {
            "champName": "Nocturne", 
            "downvotes": "80", 
            "upvotes": "82"
        }, 
        {
            "champName": "Yorick", 
            "downvotes": "88", 
            "upvotes": "87"
        }
    ], 
    "ChampionImageLocation": "http://www.solomid.net/guide/champ/shaco.png", 
    "GoodWith": [
        {
            "champName": "Blitzcrank", 
            "downvotes": "192", 
            "upvotes": "412"
        }, 
        {
            "champName": "Shen", 
            "downvotes": "191", 
            "upvotes": "298"
        }, 
        {
            "champName": "Teemo", 
            "downvotes": "124", 
            "upvotes": "189"
        }, 
        {
            "champName": "Yorick", 
            "downvotes": "118", 
            "upvotes": "144"
        }, 
        {
            "champName": "Singed", 
            "downvotes": "105", 
            "upvotes": "130"
        }, 
        {
            "champName": "Lee Sin", 
            "downvotes": "116", 
            "upvotes": "130"
        }, 
        {
            "champName": "Urgot", 
            "downvotes": "77", 
            "upvotes": "86"
        }, 
        {
            "champName": "Heimerdinger", 
            "downvotes": "51", 
            "upvotes": "57"
        }, 
        {
            "champName": "Evelynn", 
            "downvotes": "122", 
            "upvotes": "114"
        }, 
        {
            "champName": "Orianna", 
            "downvotes": "60", 
            "upvotes": "64"
        }
    ]
}