{
    "ChampionName": {
        "lower": "shen", 
        "pretty": "Shen"
    }, 
    "WeakAgainst": [
        {
            "champName": "Yorick", 
            "downvotes": "1232", 
            "upvotes": "4068"
        }, 
        {
            "champName": "Warwick", 
            "downvotes": "782", 
            "upvotes": "1951"
        }, 
        {
            "champName": "Jayce", 
            "downvotes": "810", 
            "upvotes": "1924"
        }, 
        {
            "champName": "Vladimir", 
            "downvotes": "1083", 
            "upvotes": "2195"
        }, 
        {
            "champName": "Teemo", 
            "downvotes": "773", 
            "upvotes": "1488"
        }, 
        {
            "champName": "Jax", 
            "downvotes": "506", 
            "upvotes": "955"
        }, 
        {
            "champName": "Aatrox", 
            "downvotes": "110", 
            "upvotes": "260"
        }, 
        {
            "champName": "Kayle", 
            "downvotes": "434", 
            "upvotes": "818"
        }, 
        {
            "champName": "Renekton", 
            "downvotes": "145", 
            "upvotes": "312"
        }, 
        {
            "champName": "Aatrox", 
            "downvotes": "162", 
            "upvotes": "338"
        }
    ], 
    "StrongAgainst": [
        {
            "champName": "Pantheon", 
            "downvotes": "1775", 
            "upvotes": "3576"
        }, 
        {
            "champName": "Kha'Zix", 
            "downvotes": "438", 
            "upvotes": "752"
        }, 
        {
            "champName": "Zed", 
            "downvotes": "467", 
            "upvotes": "760"
        }, 
        {
            "champName": "Renekton", 
            "downvotes": "488", 
            "upvotes": "769"
        }, 
        {
            "champName": "Fiora", 
            "downvotes": "160", 
            "upvotes": "278"
        }, 
        {
            "champName": "Nasus", 
            "downvotes": "133", 
            "upvotes": "238"
        }, 
        {
            "champName": "Jax", 
            "downvotes": "480", 
            "upvotes": "706"
        }, 
        {
            "champName": "Malphite", 
            "downvotes": "523", 
            "upvotes": "760"
        }, 
        {
            "champName": "Jarvan IV", 
            "downvotes": "706", 
            "upvotes": "993"
        }, 
        {
            "champName": "Riven", 
            "downvotes": "469", 
            "upvotes": "677"
        }
    ], 
    "ChampionImageLocation": "http://www.solomid.net/guide/champ/shen.png", 
    "GoodWith": [
        {
            "champName": "Twisted Fate", 
            "downvotes": "425", 
            "upvotes": "857"
        }, 
        {
            "champName": "Twitch", 
            "downvotes": "68", 
            "upvotes": "169"
        }, 
        {
            "champName": "Caitlyn", 
            "downvotes": "9", 
            "upvotes": "50"
        }, 
        {
            "champName": "Ezreal", 
            "downvotes": "10", 
            "upvotes": "51"
        }, 
        {
            "champName": "Nocturne", 
            "downvotes": "313", 
            "upvotes": "539"
        }, 
        {
            "champName": "Zed", 
            "downvotes": "487", 
            "upvotes": "797"
        }, 
        {
            "champName": "Akali", 
            "downvotes": "577", 
            "upvotes": "919"
        }, 
        {
            "champName": "Rengar", 
            "downvotes": "406", 
            "upvotes": "648"
        }, 
        {
            "champName": "Darius", 
            "downvotes": "5", 
            "upvotes": "38"
        }, 
        {
            "champName": "Ashe", 
            "downvotes": "10", 
            "upvotes": "45"
        }
    ]
}