{
    "ChampionName": {
        "lower": "shen", 
        "pretty": "Shen"
    }, 
    "WeakAgainst": [
        {
            "champName": "Yorick", 
            "downvotes": "1230", 
            "upvotes": "4062"
        }, 
        {
            "champName": "Warwick", 
            "downvotes": "781", 
            "upvotes": "1945"
        }, 
        {
            "champName": "Jayce", 
            "downvotes": "808", 
            "upvotes": "1922"
        }, 
        {
            "champName": "Vladimir", 
            "downvotes": "1083", 
            "upvotes": "2189"
        }, 
        {
            "champName": "Teemo", 
            "downvotes": "775", 
            "upvotes": "1483"
        }, 
        {
            "champName": "Jax", 
            "downvotes": "504", 
            "upvotes": "954"
        }, 
        {
            "champName": "Aatrox", 
            "downvotes": "109", 
            "upvotes": "259"
        }, 
        {
            "champName": "Kayle", 
            "downvotes": "434", 
            "upvotes": "818"
        }, 
        {
            "champName": "Renekton", 
            "downvotes": "144", 
            "upvotes": "311"
        }, 
        {
            "champName": "Aatrox", 
            "downvotes": "161", 
            "upvotes": "339"
        }
    ], 
    "StrongAgainst": [
        {
            "champName": "Pantheon", 
            "downvotes": "1770", 
            "upvotes": "3568"
        }, 
        {
            "champName": "Kha'Zix", 
            "downvotes": "437", 
            "upvotes": "752"
        }, 
        {
            "champName": "Zed", 
            "downvotes": "465", 
            "upvotes": "758"
        }, 
        {
            "champName": "Renekton", 
            "downvotes": "486", 
            "upvotes": "764"
        }, 
        {
            "champName": "Fiora", 
            "downvotes": "159", 
            "upvotes": "277"
        }, 
        {
            "champName": "Nasus", 
            "downvotes": "133", 
            "upvotes": "238"
        }, 
        {
            "champName": "Malphite", 
            "downvotes": "521", 
            "upvotes": "760"
        }, 
        {
            "champName": "Jax", 
            "downvotes": "480", 
            "upvotes": "703"
        }, 
        {
            "champName": "Jarvan IV", 
            "downvotes": "703", 
            "upvotes": "993"
        }, 
        {
            "champName": "Riven", 
            "downvotes": "469", 
            "upvotes": "676"
        }
    ], 
    "ChampionImageLocation": "http://www.solomid.net/guide/champ/shen.png", 
    "GoodWith": [
        {
            "champName": "Twisted Fate", 
            "downvotes": "425", 
            "upvotes": "856"
        }, 
        {
            "champName": "Twitch", 
            "downvotes": "69", 
            "upvotes": "168"
        }, 
        {
            "champName": "Ezreal", 
            "downvotes": "9", 
            "upvotes": "52"
        }, 
        {
            "champName": "Caitlyn", 
            "downvotes": "10", 
            "upvotes": "49"
        }, 
        {
            "champName": "Nocturne", 
            "downvotes": "314", 
            "upvotes": "537"
        }, 
        {
            "champName": "Zed", 
            "downvotes": "485", 
            "upvotes": "798"
        }, 
        {
            "champName": "Akali", 
            "downvotes": "577", 
            "upvotes": "919"
        }, 
        {
            "champName": "Rengar", 
            "downvotes": "406", 
            "upvotes": "647"
        }, 
        {
            "champName": "Ashe", 
            "downvotes": "10", 
            "upvotes": "45"
        }, 
        {
            "champName": "Aatrox", 
            "downvotes": "21", 
            "upvotes": "60"
        }
    ]
}