{
    "ChampionName": {
        "lower": "shen", 
        "pretty": "Shen"
    }, 
    "WeakAgainst": [
        {
            "champName": "Yorick", 
            "downvotes": "1229", 
            "upvotes": "4055"
        }, 
        {
            "champName": "Warwick", 
            "downvotes": "782", 
            "upvotes": "1942"
        }, 
        {
            "champName": "Jayce", 
            "downvotes": "804", 
            "upvotes": "1918"
        }, 
        {
            "champName": "Vladimir", 
            "downvotes": "1081", 
            "upvotes": "2187"
        }, 
        {
            "champName": "Teemo", 
            "downvotes": "772", 
            "upvotes": "1483"
        }, 
        {
            "champName": "Aatrox", 
            "downvotes": "108", 
            "upvotes": "259"
        }, 
        {
            "champName": "Jax", 
            "downvotes": "505", 
            "upvotes": "949"
        }, 
        {
            "champName": "Kayle", 
            "downvotes": "434", 
            "upvotes": "816"
        }, 
        {
            "champName": "Renekton", 
            "downvotes": "145", 
            "upvotes": "310"
        }, 
        {
            "champName": "Aatrox", 
            "downvotes": "162", 
            "upvotes": "337"
        }
    ], 
    "StrongAgainst": [
        {
            "champName": "Pantheon", 
            "downvotes": "1765", 
            "upvotes": "3557"
        }, 
        {
            "champName": "Kha'Zix", 
            "downvotes": "437", 
            "upvotes": "751"
        }, 
        {
            "champName": "Zed", 
            "downvotes": "464", 
            "upvotes": "759"
        }, 
        {
            "champName": "Renekton", 
            "downvotes": "485", 
            "upvotes": "760"
        }, 
        {
            "champName": "Fiora", 
            "downvotes": "159", 
            "upvotes": "277"
        }, 
        {
            "champName": "Nasus", 
            "downvotes": "133", 
            "upvotes": "236"
        }, 
        {
            "champName": "Malphite", 
            "downvotes": "522", 
            "upvotes": "759"
        }, 
        {
            "champName": "Jax", 
            "downvotes": "481", 
            "upvotes": "700"
        }, 
        {
            "champName": "Jarvan IV", 
            "downvotes": "703", 
            "upvotes": "992"
        }, 
        {
            "champName": "Riven", 
            "downvotes": "469", 
            "upvotes": "673"
        }
    ], 
    "ChampionImageLocation": "http://www.solomid.net/guide/champ/shen.png", 
    "GoodWith": [
        {
            "champName": "Twisted Fate", 
            "downvotes": "426", 
            "upvotes": "855"
        }, 
        {
            "champName": "Twitch", 
            "downvotes": "69", 
            "upvotes": "168"
        }, 
        {
            "champName": "Caitlyn", 
            "downvotes": "9", 
            "upvotes": "50"
        }, 
        {
            "champName": "Ezreal", 
            "downvotes": "10", 
            "upvotes": "51"
        }, 
        {
            "champName": "Nocturne", 
            "downvotes": "313", 
            "upvotes": "537"
        }, 
        {
            "champName": "Zed", 
            "downvotes": "480", 
            "upvotes": "798"
        }, 
        {
            "champName": "Akali", 
            "downvotes": "576", 
            "upvotes": "919"
        }, 
        {
            "champName": "Rengar", 
            "downvotes": "407", 
            "upvotes": "645"
        }, 
        {
            "champName": "Aatrox", 
            "downvotes": "21", 
            "upvotes": "60"
        }, 
        {
            "champName": "Pantheon", 
            "downvotes": "302", 
            "upvotes": "466"
        }
    ]
}