{
    "ChampionName": {
        "lower": "shyvana", 
        "pretty": "Shyvana"
    }, 
    "WeakAgainst": [
        {
            "champName": "Olaf", 
            "downvotes": "1213", 
            "upvotes": "3147"
        }, 
        {
            "champName": "Elise", 
            "downvotes": "230", 
            "upvotes": "505"
        }, 
        {
            "champName": "Teemo", 
            "downvotes": "506", 
            "upvotes": "878"
        }, 
        {
            "champName": "Darius", 
            "downvotes": "319", 
            "upvotes": "552"
        }, 
        {
            "champName": "Trundle", 
            "downvotes": "143", 
            "upvotes": "259"
        }, 
        {
            "champName": "Pantheon", 
            "downvotes": "164", 
            "upvotes": "276"
        }, 
        {
            "champName": "Fiora", 
            "downvotes": "150", 
            "upvotes": "254"
        }, 
        {
            "champName": "Yorick", 
            "downvotes": "273", 
            "upvotes": "416"
        }, 
        {
            "champName": "Vi", 
            "downvotes": "253", 
            "upvotes": "386"
        }, 
        {
            "champName": "Aatrox", 
            "downvotes": "148", 
            "upvotes": "243"
        }
    ], 
    "StrongAgainst": [
        {
            "champName": "Nautilus", 
            "downvotes": "556", 
            "upvotes": "2422"
        }, 
        {
            "champName": "Nautilus", 
            "downvotes": "322", 
            "upvotes": "1190"
        }, 
        {
            "champName": "Nautilus", 
            "downvotes": "406", 
            "upvotes": "1242"
        }, 
        {
            "champName": "Nautilus", 
            "downvotes": "407", 
            "upvotes": "1071"
        }, 
        {
            "champName": "Amumu", 
            "downvotes": "638", 
            "upvotes": "1600"
        }, 
        {
            "champName": "Maokai", 
            "downvotes": "313", 
            "upvotes": "701"
        }, 
        {
            "champName": "Dr. Mundo", 
            "downvotes": "162", 
            "upvotes": "397"
        }, 
        {
            "champName": "Riven", 
            "downvotes": "564", 
            "upvotes": "1139"
        }, 
        {
            "champName": "Nasus", 
            "downvotes": "218", 
            "upvotes": "481"
        }, 
        {
            "champName": "Wukong", 
            "downvotes": "86", 
            "upvotes": "226"
        }
    ], 
    "ChampionImageLocation": "http://www.solomid.net/guide/champ/shyvana.png", 
    "GoodWith": [
        {
            "champName": "Orianna", 
            "downvotes": "306", 
            "upvotes": "545"
        }, 
        {
            "champName": "Riven", 
            "downvotes": "73", 
            "upvotes": "115"
        }, 
        {
            "champName": "Shen", 
            "downvotes": "128", 
            "upvotes": "176"
        }, 
        {
            "champName": "Jarvan IV", 
            "downvotes": "93", 
            "upvotes": "133"
        }, 
        {
            "champName": "Lulu", 
            "downvotes": "150", 
            "upvotes": "166"
        }, 
        {
            "champName": "Yasuo", 
            "downvotes": "15", 
            "upvotes": "34"
        }, 
        {
            "champName": "Malphite", 
            "downvotes": "146", 
            "upvotes": "158"
        }, 
        {
            "champName": "Nautilus", 
            "downvotes": "148", 
            "upvotes": "157"
        }, 
        {
            "champName": "Darius", 
            "downvotes": "38", 
            "upvotes": "54"
        }, 
        {
            "champName": "Aatrox", 
            "downvotes": "47", 
            "upvotes": "59"
        }
    ]
}