{
    "ChampionName": {
        "lower": "shyvana", 
        "pretty": "Shyvana"
    }, 
    "WeakAgainst": [
        {
            "champName": "Olaf", 
            "downvotes": "1219", 
            "upvotes": "3169"
        }, 
        {
            "champName": "Elise", 
            "downvotes": "230", 
            "upvotes": "511"
        }, 
        {
            "champName": "Teemo", 
            "downvotes": "508", 
            "upvotes": "884"
        }, 
        {
            "champName": "Darius", 
            "downvotes": "330", 
            "upvotes": "558"
        }, 
        {
            "champName": "Trundle", 
            "downvotes": "145", 
            "upvotes": "269"
        }, 
        {
            "champName": "Pantheon", 
            "downvotes": "166", 
            "upvotes": "283"
        }, 
        {
            "champName": "Fiora", 
            "downvotes": "151", 
            "upvotes": "257"
        }, 
        {
            "champName": "Yorick", 
            "downvotes": "276", 
            "upvotes": "417"
        }, 
        {
            "champName": "Aatrox", 
            "downvotes": "148", 
            "upvotes": "244"
        }, 
        {
            "champName": "Yasuo", 
            "downvotes": "688", 
            "upvotes": "943"
        }
    ], 
    "StrongAgainst": [
        {
            "champName": "Nautilus", 
            "downvotes": "560", 
            "upvotes": "2441"
        }, 
        {
            "champName": "Nautilus", 
            "downvotes": "325", 
            "upvotes": "1198"
        }, 
        {
            "champName": "Nautilus", 
            "downvotes": "408", 
            "upvotes": "1248"
        }, 
        {
            "champName": "Nautilus", 
            "downvotes": "409", 
            "upvotes": "1083"
        }, 
        {
            "champName": "Amumu", 
            "downvotes": "640", 
            "upvotes": "1610"
        }, 
        {
            "champName": "Maokai", 
            "downvotes": "314", 
            "upvotes": "706"
        }, 
        {
            "champName": "Dr. Mundo", 
            "downvotes": "167", 
            "upvotes": "399"
        }, 
        {
            "champName": "Riven", 
            "downvotes": "571", 
            "upvotes": "1149"
        }, 
        {
            "champName": "Nasus", 
            "downvotes": "221", 
            "upvotes": "482"
        }, 
        {
            "champName": "Wukong", 
            "downvotes": "87", 
            "upvotes": "228"
        }
    ], 
    "ChampionImageLocation": "http://www.solomid.net/guide/champ/shyvana.png", 
    "GoodWith": [
        {
            "champName": "Orianna", 
            "downvotes": "306", 
            "upvotes": "548"
        }, 
        {
            "champName": "Riven", 
            "downvotes": "76", 
            "upvotes": "114"
        }, 
        {
            "champName": "Shen", 
            "downvotes": "130", 
            "upvotes": "177"
        }, 
        {
            "champName": "Jarvan IV", 
            "downvotes": "94", 
            "upvotes": "133"
        }, 
        {
            "champName": "Malphite", 
            "downvotes": "145", 
            "upvotes": "159"
        }, 
        {
            "champName": "Nautilus", 
            "downvotes": "146", 
            "upvotes": "159"
        }, 
        {
            "champName": "Lulu", 
            "downvotes": "153", 
            "upvotes": "164"
        }, 
        {
            "champName": "Yasuo", 
            "downvotes": "17", 
            "upvotes": "35"
        }, 
        {
            "champName": "Darius", 
            "downvotes": "38", 
            "upvotes": "54"
        }, 
        {
            "champName": "Aatrox", 
            "downvotes": "47", 
            "upvotes": "59"
        }
    ]
}