{
    "ChampionName": {
        "lower": "singed", 
        "pretty": "Singed"
    }, 
    "WeakAgainst": [
        {
            "champName": "Teemo", 
            "downvotes": "2202", 
            "upvotes": "6651"
        }, 
        {
            "champName": "Elise", 
            "downvotes": "650", 
            "upvotes": "1837"
        }, 
        {
            "champName": "Kayle", 
            "downvotes": "535", 
            "upvotes": "1522"
        }, 
        {
            "champName": "Vladimir", 
            "downvotes": "997", 
            "upvotes": "2285"
        }, 
        {
            "champName": "Kennen", 
            "downvotes": "565", 
            "upvotes": "1259"
        }, 
        {
            "champName": "Yorick", 
            "downvotes": "182", 
            "upvotes": "430"
        }, 
        {
            "champName": "Jayce", 
            "downvotes": "1215", 
            "upvotes": "2417"
        }, 
        {
            "champName": "Renekton", 
            "downvotes": "218", 
            "upvotes": "456"
        }, 
        {
            "champName": "Aatrox", 
            "downvotes": "70", 
            "upvotes": "188"
        }, 
        {
            "champName": "Ryze", 
            "downvotes": "168", 
            "upvotes": "347"
        }
    ], 
    "StrongAgainst": [
        {
            "champName": "Jax", 
            "downvotes": "2385", 
            "upvotes": "5445"
        }, 
        {
            "champName": "Zed", 
            "downvotes": "1436", 
            "upvotes": "2918"
        }, 
        {
            "champName": "Fiora", 
            "downvotes": "1008", 
            "upvotes": "1871"
        }, 
        {
            "champName": "Irelia", 
            "downvotes": "694", 
            "upvotes": "1018"
        }, 
        {
            "champName": "Aatrox", 
            "downvotes": "282", 
            "upvotes": "439"
        }, 
        {
            "champName": "Tryndamere", 
            "downvotes": "311", 
            "upvotes": "477"
        }, 
        {
            "champName": "Wukong", 
            "downvotes": "585", 
            "upvotes": "809"
        }, 
        {
            "champName": "Nasus", 
            "downvotes": "136", 
            "upvotes": "227"
        }, 
        {
            "champName": "Yasuo", 
            "downvotes": "21", 
            "upvotes": "77"
        }, 
        {
            "champName": "Renekton", 
            "downvotes": "152", 
            "upvotes": "241"
        }
    ], 
    "ChampionImageLocation": "http://www.solomid.net/guide/champ/singed.png", 
    "GoodWith": [
        {
            "champName": "Cassiopeia", 
            "downvotes": "517", 
            "upvotes": "988"
        }, 
        {
            "champName": "Volibear", 
            "downvotes": "432", 
            "upvotes": "736"
        }, 
        {
            "champName": "Lulu", 
            "downvotes": "20", 
            "upvotes": "55"
        }, 
        {
            "champName": "Teemo", 
            "downvotes": "333", 
            "upvotes": "485"
        }, 
        {
            "champName": "Sion", 
            "downvotes": "125", 
            "upvotes": "193"
        }, 
        {
            "champName": "Aatrox", 
            "downvotes": "14", 
            "upvotes": "43"
        }, 
        {
            "champName": "Orianna", 
            "downvotes": "104", 
            "upvotes": "155"
        }, 
        {
            "champName": "Darius", 
            "downvotes": "145", 
            "upvotes": "193"
        }, 
        {
            "champName": "Zilean", 
            "downvotes": "318", 
            "upvotes": "391"
        }, 
        {
            "champName": "Blitzcrank", 
            "downvotes": "59", 
            "upvotes": "89"
        }
    ]
}