{
    "ChampionName": {
        "lower": "singed", 
        "pretty": "Singed"
    }, 
    "WeakAgainst": [
        {
            "champName": "Teemo", 
            "downvotes": "2201", 
            "upvotes": "6663"
        }, 
        {
            "champName": "Kayle", 
            "downvotes": "534", 
            "upvotes": "1525"
        }, 
        {
            "champName": "Elise", 
            "downvotes": "653", 
            "upvotes": "1837"
        }, 
        {
            "champName": "Vladimir", 
            "downvotes": "1002", 
            "upvotes": "2291"
        }, 
        {
            "champName": "Kennen", 
            "downvotes": "569", 
            "upvotes": "1261"
        }, 
        {
            "champName": "Jayce", 
            "downvotes": "1217", 
            "upvotes": "2421"
        }, 
        {
            "champName": "Yorick", 
            "downvotes": "184", 
            "upvotes": "429"
        }, 
        {
            "champName": "Renekton", 
            "downvotes": "221", 
            "upvotes": "457"
        }, 
        {
            "champName": "Aatrox", 
            "downvotes": "70", 
            "upvotes": "190"
        }, 
        {
            "champName": "Ryze", 
            "downvotes": "168", 
            "upvotes": "355"
        }
    ], 
    "StrongAgainst": [
        {
            "champName": "Jax", 
            "downvotes": "2398", 
            "upvotes": "5460"
        }, 
        {
            "champName": "Zed", 
            "downvotes": "1440", 
            "upvotes": "2928"
        }, 
        {
            "champName": "Fiora", 
            "downvotes": "1012", 
            "upvotes": "1883"
        }, 
        {
            "champName": "Irelia", 
            "downvotes": "697", 
            "upvotes": "1020"
        }, 
        {
            "champName": "Tryndamere", 
            "downvotes": "311", 
            "upvotes": "480"
        }, 
        {
            "champName": "Aatrox", 
            "downvotes": "283", 
            "upvotes": "439"
        }, 
        {
            "champName": "Wukong", 
            "downvotes": "586", 
            "upvotes": "812"
        }, 
        {
            "champName": "Nasus", 
            "downvotes": "137", 
            "upvotes": "226"
        }, 
        {
            "champName": "Renekton", 
            "downvotes": "152", 
            "upvotes": "242"
        }, 
        {
            "champName": "Yasuo", 
            "downvotes": "22", 
            "upvotes": "76"
        }
    ], 
    "ChampionImageLocation": "http://www.solomid.net/guide/champ/singed.png", 
    "GoodWith": [
        {
            "champName": "Cassiopeia", 
            "downvotes": "518", 
            "upvotes": "989"
        }, 
        {
            "champName": "Volibear", 
            "downvotes": "433", 
            "upvotes": "739"
        }, 
        {
            "champName": "Lulu", 
            "downvotes": "20", 
            "upvotes": "55"
        }, 
        {
            "champName": "Teemo", 
            "downvotes": "335", 
            "upvotes": "485"
        }, 
        {
            "champName": "Sion", 
            "downvotes": "125", 
            "upvotes": "194"
        }, 
        {
            "champName": "Aatrox", 
            "downvotes": "13", 
            "upvotes": "44"
        }, 
        {
            "champName": "Orianna", 
            "downvotes": "105", 
            "upvotes": "155"
        }, 
        {
            "champName": "Darius", 
            "downvotes": "145", 
            "upvotes": "193"
        }, 
        {
            "champName": "Zilean", 
            "downvotes": "319", 
            "upvotes": "393"
        }, 
        {
            "champName": "Yasuo", 
            "downvotes": "1", 
            "upvotes": "24"
        }
    ]
}