{
    "ChampionName": {
        "lower": "sion", 
        "pretty": "Sion"
    }, 
    "WeakAgainst": [
        {
            "champName": "Morgana", 
            "downvotes": "449", 
            "upvotes": "906"
        }, 
        {
            "champName": "Teemo", 
            "downvotes": "298", 
            "upvotes": "527"
        }, 
        {
            "champName": "Nasus", 
            "downvotes": "269", 
            "upvotes": "399"
        }, 
        {
            "champName": "Jax", 
            "downvotes": "361", 
            "upvotes": "488"
        }, 
        {
            "champName": "Teemo", 
            "downvotes": "111", 
            "upvotes": "175"
        }, 
        {
            "champName": "Darius", 
            "downvotes": "178", 
            "upvotes": "252"
        }, 
        {
            "champName": "Pantheon", 
            "downvotes": "114", 
            "upvotes": "164"
        }, 
        {
            "champName": "Garen", 
            "downvotes": "168", 
            "upvotes": "221"
        }, 
        {
            "champName": "Mordekaiser", 
            "downvotes": "156", 
            "upvotes": "206"
        }, 
        {
            "champName": "Riven", 
            "downvotes": "93", 
            "upvotes": "137"
        }
    ], 
    "StrongAgainst": [
        {
            "champName": "LeBlanc", 
            "downvotes": "637", 
            "upvotes": "1609"
        }, 
        {
            "champName": "Kassadin", 
            "downvotes": "641", 
            "upvotes": "1359"
        }, 
        {
            "champName": "Talon", 
            "downvotes": "305", 
            "upvotes": "487"
        }, 
        {
            "champName": "Riven", 
            "downvotes": "88", 
            "upvotes": "173"
        }, 
        {
            "champName": "Katarina", 
            "downvotes": "90", 
            "upvotes": "173"
        }, 
        {
            "champName": "Aatrox", 
            "downvotes": "98", 
            "upvotes": "183"
        }, 
        {
            "champName": "Irelia", 
            "downvotes": "161", 
            "upvotes": "264"
        }, 
        {
            "champName": "Tryndamere", 
            "downvotes": "94", 
            "upvotes": "170"
        }, 
        {
            "champName": "Fizz", 
            "downvotes": "141", 
            "upvotes": "209"
        }, 
        {
            "champName": "Renekton", 
            "downvotes": "125", 
            "upvotes": "189"
        }
    ], 
    "ChampionImageLocation": "http://www.solomid.net/guide/champ/sion.png", 
    "GoodWith": [
        {
            "champName": "Pantheon", 
            "downvotes": "145", 
            "upvotes": "254"
        }, 
        {
            "champName": "Talon", 
            "downvotes": "337", 
            "upvotes": "487"
        }, 
        {
            "champName": "Singed", 
            "downvotes": "126", 
            "upvotes": "193"
        }, 
        {
            "champName": "Taric", 
            "downvotes": "130", 
            "upvotes": "164"
        }, 
        {
            "champName": "Alistar", 
            "downvotes": "96", 
            "upvotes": "119"
        }, 
        {
            "champName": "Jax", 
            "downvotes": "26", 
            "upvotes": "46"
        }, 
        {
            "champName": "Volibear", 
            "downvotes": "30", 
            "upvotes": "48"
        }, 
        {
            "champName": "Syndra", 
            "downvotes": "94", 
            "upvotes": "108"
        }, 
        {
            "champName": "Darius", 
            "downvotes": "67", 
            "upvotes": "81"
        }, 
        {
            "champName": "Ahri", 
            "downvotes": "76", 
            "upvotes": "86"
        }
    ]
}