{
    "ChampionName": {
        "lower": "sion", 
        "pretty": "Sion"
    }, 
    "WeakAgainst": [
        {
            "champName": "Morgana", 
            "downvotes": "451", 
            "upvotes": "910"
        }, 
        {
            "champName": "Teemo", 
            "downvotes": "299", 
            "upvotes": "527"
        }, 
        {
            "champName": "Nasus", 
            "downvotes": "269", 
            "upvotes": "400"
        }, 
        {
            "champName": "Jax", 
            "downvotes": "362", 
            "upvotes": "488"
        }, 
        {
            "champName": "Teemo", 
            "downvotes": "111", 
            "upvotes": "176"
        }, 
        {
            "champName": "Darius", 
            "downvotes": "179", 
            "upvotes": "252"
        }, 
        {
            "champName": "Pantheon", 
            "downvotes": "114", 
            "upvotes": "165"
        }, 
        {
            "champName": "Garen", 
            "downvotes": "169", 
            "upvotes": "222"
        }, 
        {
            "champName": "Mordekaiser", 
            "downvotes": "158", 
            "upvotes": "206"
        }, 
        {
            "champName": "Riven", 
            "downvotes": "94", 
            "upvotes": "138"
        }
    ], 
    "StrongAgainst": [
        {
            "champName": "LeBlanc", 
            "downvotes": "640", 
            "upvotes": "1610"
        }, 
        {
            "champName": "Kassadin", 
            "downvotes": "641", 
            "upvotes": "1363"
        }, 
        {
            "champName": "Talon", 
            "downvotes": "305", 
            "upvotes": "488"
        }, 
        {
            "champName": "Riven", 
            "downvotes": "88", 
            "upvotes": "174"
        }, 
        {
            "champName": "Katarina", 
            "downvotes": "91", 
            "upvotes": "174"
        }, 
        {
            "champName": "Aatrox", 
            "downvotes": "99", 
            "upvotes": "183"
        }, 
        {
            "champName": "Irelia", 
            "downvotes": "162", 
            "upvotes": "265"
        }, 
        {
            "champName": "Tryndamere", 
            "downvotes": "94", 
            "upvotes": "172"
        }, 
        {
            "champName": "Fizz", 
            "downvotes": "140", 
            "upvotes": "210"
        }, 
        {
            "champName": "Renekton", 
            "downvotes": "125", 
            "upvotes": "190"
        }
    ], 
    "ChampionImageLocation": "http://www.solomid.net/guide/champ/sion.png", 
    "GoodWith": [
        {
            "champName": "Pantheon", 
            "downvotes": "146", 
            "upvotes": "253"
        }, 
        {
            "champName": "Talon", 
            "downvotes": "337", 
            "upvotes": "488"
        }, 
        {
            "champName": "Singed", 
            "downvotes": "125", 
            "upvotes": "194"
        }, 
        {
            "champName": "Taric", 
            "downvotes": "130", 
            "upvotes": "165"
        }, 
        {
            "champName": "Alistar", 
            "downvotes": "95", 
            "upvotes": "120"
        }, 
        {
            "champName": "Jax", 
            "downvotes": "26", 
            "upvotes": "46"
        }, 
        {
            "champName": "Volibear", 
            "downvotes": "30", 
            "upvotes": "48"
        }, 
        {
            "champName": "Syndra", 
            "downvotes": "94", 
            "upvotes": "108"
        }, 
        {
            "champName": "Darius", 
            "downvotes": "67", 
            "upvotes": "81"
        }, 
        {
            "champName": "Ahri", 
            "downvotes": "75", 
            "upvotes": "87"
        }
    ]
}