{
    "ChampionName": {
        "lower": "sivir", 
        "pretty": "Sivir"
    }, 
    "WeakAgainst": [
        {
            "champName": "Vayne", 
            "downvotes": "2261", 
            "upvotes": "4894"
        }, 
        {
            "champName": "Draven", 
            "downvotes": "807", 
            "upvotes": "1568"
        }, 
        {
            "champName": "Twitch", 
            "downvotes": "638", 
            "upvotes": "1101"
        }, 
        {
            "champName": "Kha'Zix", 
            "downvotes": "449", 
            "upvotes": "685"
        }, 
        {
            "champName": "Aatrox", 
            "downvotes": "117", 
            "upvotes": "204"
        }, 
        {
            "champName": "Miss Fortune", 
            "downvotes": "404", 
            "upvotes": "548"
        }, 
        {
            "champName": "Corki", 
            "downvotes": "451", 
            "upvotes": "598"
        }, 
        {
            "champName": "Tristana", 
            "downvotes": "225", 
            "upvotes": "319"
        }, 
        {
            "champName": "Draven", 
            "downvotes": "248", 
            "upvotes": "329"
        }, 
        {
            "champName": "Lucian", 
            "downvotes": "181", 
            "upvotes": "249"
        }
    ], 
    "StrongAgainst": [
        {
            "champName": "Caitlyn", 
            "downvotes": "3579", 
            "upvotes": "13554"
        }, 
        {
            "champName": "Blitzcrank", 
            "downvotes": "444", 
            "upvotes": "1529"
        }, 
        {
            "champName": "Jinx", 
            "downvotes": "803", 
            "upvotes": "2617"
        }, 
        {
            "champName": "Graves", 
            "downvotes": "1266", 
            "upvotes": "3028"
        }, 
        {
            "champName": "Taric", 
            "downvotes": "433", 
            "upvotes": "1023"
        }, 
        {
            "champName": "Varus", 
            "downvotes": "843", 
            "upvotes": "1813"
        }, 
        {
            "champName": "Ezreal", 
            "downvotes": "803", 
            "upvotes": "1651"
        }, 
        {
            "champName": "Thresh", 
            "downvotes": "210", 
            "upvotes": "438"
        }, 
        {
            "champName": "Ashe", 
            "downvotes": "1027", 
            "upvotes": "1866"
        }, 
        {
            "champName": "Karthus", 
            "downvotes": "47", 
            "upvotes": "151"
        }
    ], 
    "ChampionImageLocation": "http://www.solomid.net/guide/champ/sivir.png", 
    "GoodWith": [
        {
            "champName": "Morgana", 
            "downvotes": "6", 
            "upvotes": "105"
        }, 
        {
            "champName": "Thresh", 
            "downvotes": "87", 
            "upvotes": "416"
        }, 
        {
            "champName": "Nami", 
            "downvotes": "25", 
            "upvotes": "163"
        }, 
        {
            "champName": "Soraka", 
            "downvotes": "322", 
            "upvotes": "921"
        }, 
        {
            "champName": "Lulu", 
            "downvotes": "21", 
            "upvotes": "110"
        }, 
        {
            "champName": "Leona", 
            "downvotes": "226", 
            "upvotes": "646"
        }, 
        {
            "champName": "Janna", 
            "downvotes": "42", 
            "upvotes": "157"
        }, 
        {
            "champName": "Taric", 
            "downvotes": "485", 
            "upvotes": "1243"
        }, 
        {
            "champName": "Aatrox", 
            "downvotes": "0", 
            "upvotes": "44"
        }, 
        {
            "champName": "Sona", 
            "downvotes": "141", 
            "upvotes": "348"
        }
    ]
}