{
    "ChampionName": {
        "lower": "sivir", 
        "pretty": "Sivir"
    }, 
    "WeakAgainst": [
        {
            "champName": "Vayne", 
            "downvotes": "2277", 
            "upvotes": "4919"
        }, 
        {
            "champName": "Draven", 
            "downvotes": "810", 
            "upvotes": "1579"
        }, 
        {
            "champName": "Twitch", 
            "downvotes": "639", 
            "upvotes": "1109"
        }, 
        {
            "champName": "Kha'Zix", 
            "downvotes": "451", 
            "upvotes": "688"
        }, 
        {
            "champName": "Aatrox", 
            "downvotes": "118", 
            "upvotes": "205"
        }, 
        {
            "champName": "Miss Fortune", 
            "downvotes": "404", 
            "upvotes": "554"
        }, 
        {
            "champName": "Corki", 
            "downvotes": "452", 
            "upvotes": "602"
        }, 
        {
            "champName": "Tristana", 
            "downvotes": "225", 
            "upvotes": "322"
        }, 
        {
            "champName": "Draven", 
            "downvotes": "249", 
            "upvotes": "330"
        }, 
        {
            "champName": "Lucian", 
            "downvotes": "185", 
            "upvotes": "252"
        }
    ], 
    "StrongAgainst": [
        {
            "champName": "Caitlyn", 
            "downvotes": "3592", 
            "upvotes": "13627"
        }, 
        {
            "champName": "Blitzcrank", 
            "downvotes": "446", 
            "upvotes": "1532"
        }, 
        {
            "champName": "Jinx", 
            "downvotes": "808", 
            "upvotes": "2641"
        }, 
        {
            "champName": "Graves", 
            "downvotes": "1268", 
            "upvotes": "3036"
        }, 
        {
            "champName": "Taric", 
            "downvotes": "435", 
            "upvotes": "1024"
        }, 
        {
            "champName": "Varus", 
            "downvotes": "848", 
            "upvotes": "1820"
        }, 
        {
            "champName": "Ezreal", 
            "downvotes": "808", 
            "upvotes": "1654"
        }, 
        {
            "champName": "Thresh", 
            "downvotes": "211", 
            "upvotes": "442"
        }, 
        {
            "champName": "Ashe", 
            "downvotes": "1029", 
            "upvotes": "1873"
        }, 
        {
            "champName": "Karthus", 
            "downvotes": "48", 
            "upvotes": "151"
        }
    ], 
    "ChampionImageLocation": "http://www.solomid.net/guide/champ/sivir.png", 
    "GoodWith": [
        {
            "champName": "Morgana", 
            "downvotes": "6", 
            "upvotes": "106"
        }, 
        {
            "champName": "Thresh", 
            "downvotes": "88", 
            "upvotes": "418"
        }, 
        {
            "champName": "Nami", 
            "downvotes": "24", 
            "upvotes": "164"
        }, 
        {
            "champName": "Soraka", 
            "downvotes": "323", 
            "upvotes": "920"
        }, 
        {
            "champName": "Lulu", 
            "downvotes": "22", 
            "upvotes": "109"
        }, 
        {
            "champName": "Leona", 
            "downvotes": "230", 
            "upvotes": "648"
        }, 
        {
            "champName": "Janna", 
            "downvotes": "42", 
            "upvotes": "157"
        }, 
        {
            "champName": "Taric", 
            "downvotes": "486", 
            "upvotes": "1243"
        }, 
        {
            "champName": "Aatrox", 
            "downvotes": "0", 
            "upvotes": "44"
        }, 
        {
            "champName": "Sona", 
            "downvotes": "142", 
            "upvotes": "348"
        }
    ]
}