{
    "ChampionName": {
        "lower": "skarner", 
        "pretty": "Skarner"
    }, 
    "WeakAgainst": [
        {
            "champName": "Morgana", 
            "downvotes": "300", 
            "upvotes": "535"
        }, 
        {
            "champName": "Ashe", 
            "downvotes": "447", 
            "upvotes": "503"
        }, 
        {
            "champName": "Shyvana", 
            "downvotes": "198", 
            "upvotes": "219"
        }, 
        {
            "champName": "Olaf", 
            "downvotes": "164", 
            "upvotes": "184"
        }, 
        {
            "champName": "Gangplank", 
            "downvotes": "119", 
            "upvotes": "140"
        }, 
        {
            "champName": "Nautilus", 
            "downvotes": "158", 
            "upvotes": "169"
        }, 
        {
            "champName": "Ryze", 
            "downvotes": "160", 
            "upvotes": "167"
        }, 
        {
            "champName": "Ahri", 
            "downvotes": "92", 
            "upvotes": "100"
        }, 
        {
            "champName": "Nunu", 
            "downvotes": "95", 
            "upvotes": "97"
        }, 
        {
            "champName": "Janna", 
            "downvotes": "127", 
            "upvotes": "115"
        }
    ], 
    "StrongAgainst": [
        {
            "champName": "Mordekaiser", 
            "downvotes": "238", 
            "upvotes": "331"
        }, 
        {
            "champName": "Vi", 
            "downvotes": "125", 
            "upvotes": "183"
        }, 
        {
            "champName": "Katarina", 
            "downvotes": "91", 
            "upvotes": "132"
        }, 
        {
            "champName": "Warwick", 
            "downvotes": "230", 
            "upvotes": "268"
        }, 
        {
            "champName": "Rengar", 
            "downvotes": "159", 
            "upvotes": "183"
        }, 
        {
            "champName": "Janna", 
            "downvotes": "152", 
            "upvotes": "156"
        }, 
        {
            "champName": "Hecarim", 
            "downvotes": "69", 
            "upvotes": "88"
        }, 
        {
            "champName": "Rammus", 
            "downvotes": "112", 
            "upvotes": "120"
        }, 
        {
            "champName": "Tryndamere", 
            "downvotes": "134", 
            "upvotes": "137"
        }, 
        {
            "champName": "Amumu", 
            "downvotes": "104", 
            "upvotes": "108"
        }
    ], 
    "ChampionImageLocation": "http://www.solomid.net/guide/champ/skarner.png", 
    "GoodWith": [
        {
            "champName": "Thresh", 
            "downvotes": "121", 
            "upvotes": "207"
        }, 
        {
            "champName": "Orianna", 
            "downvotes": "160", 
            "upvotes": "228"
        }, 
        {
            "champName": "Jayce", 
            "downvotes": "163", 
            "upvotes": "226"
        }, 
        {
            "champName": "Heimerdinger", 
            "downvotes": "213", 
            "upvotes": "265"
        }, 
        {
            "champName": "Mordekaiser", 
            "downvotes": "303", 
            "upvotes": "365"
        }, 
        {
            "champName": "Blitzcrank", 
            "downvotes": "57", 
            "upvotes": "84"
        }, 
        {
            "champName": "Katarina", 
            "downvotes": "23", 
            "upvotes": "46"
        }, 
        {
            "champName": "Malzahar", 
            "downvotes": "168", 
            "upvotes": "195"
        }, 
        {
            "champName": "Olaf", 
            "downvotes": "348", 
            "upvotes": "368"
        }, 
        {
            "champName": "Teemo", 
            "downvotes": "16", 
            "upvotes": "35"
        }
    ]
}