{
    "ChampionName": {
        "lower": "skarner", 
        "pretty": "Skarner"
    }, 
    "WeakAgainst": [
        {
            "champName": "Morgana", 
            "downvotes": "298", 
            "upvotes": "532"
        }, 
        {
            "champName": "Ashe", 
            "downvotes": "446", 
            "upvotes": "504"
        }, 
        {
            "champName": "Shyvana", 
            "downvotes": "197", 
            "upvotes": "219"
        }, 
        {
            "champName": "Olaf", 
            "downvotes": "162", 
            "upvotes": "184"
        }, 
        {
            "champName": "Gangplank", 
            "downvotes": "118", 
            "upvotes": "140"
        }, 
        {
            "champName": "Nautilus", 
            "downvotes": "156", 
            "upvotes": "169"
        }, 
        {
            "champName": "Ryze", 
            "downvotes": "162", 
            "upvotes": "165"
        }, 
        {
            "champName": "Ahri", 
            "downvotes": "92", 
            "upvotes": "100"
        }, 
        {
            "champName": "Nunu", 
            "downvotes": "95", 
            "upvotes": "96"
        }, 
        {
            "champName": "Janna", 
            "downvotes": "127", 
            "upvotes": "115"
        }
    ], 
    "StrongAgainst": [
        {
            "champName": "Mordekaiser", 
            "downvotes": "239", 
            "upvotes": "329"
        }, 
        {
            "champName": "Vi", 
            "downvotes": "124", 
            "upvotes": "184"
        }, 
        {
            "champName": "Katarina", 
            "downvotes": "91", 
            "upvotes": "132"
        }, 
        {
            "champName": "Warwick", 
            "downvotes": "231", 
            "upvotes": "267"
        }, 
        {
            "champName": "Rengar", 
            "downvotes": "159", 
            "upvotes": "182"
        }, 
        {
            "champName": "Janna", 
            "downvotes": "152", 
            "upvotes": "156"
        }, 
        {
            "champName": "Hecarim", 
            "downvotes": "69", 
            "upvotes": "87"
        }, 
        {
            "champName": "Tryndamere", 
            "downvotes": "134", 
            "upvotes": "137"
        }, 
        {
            "champName": "Rammus", 
            "downvotes": "112", 
            "upvotes": "119"
        }, 
        {
            "champName": "Jax", 
            "downvotes": "114", 
            "upvotes": "115"
        }
    ], 
    "ChampionImageLocation": "http://www.solomid.net/guide/champ/skarner.png", 
    "GoodWith": [
        {
            "champName": "Thresh", 
            "downvotes": "120", 
            "upvotes": "207"
        }, 
        {
            "champName": "Orianna", 
            "downvotes": "161", 
            "upvotes": "227"
        }, 
        {
            "champName": "Jayce", 
            "downvotes": "162", 
            "upvotes": "227"
        }, 
        {
            "champName": "Heimerdinger", 
            "downvotes": "212", 
            "upvotes": "265"
        }, 
        {
            "champName": "Mordekaiser", 
            "downvotes": "304", 
            "upvotes": "362"
        }, 
        {
            "champName": "Blitzcrank", 
            "downvotes": "57", 
            "upvotes": "83"
        }, 
        {
            "champName": "Malzahar", 
            "downvotes": "167", 
            "upvotes": "192"
        }, 
        {
            "champName": "Katarina", 
            "downvotes": "24", 
            "upvotes": "45"
        }, 
        {
            "champName": "Olaf", 
            "downvotes": "348", 
            "upvotes": "368"
        }, 
        {
            "champName": "Teemo", 
            "downvotes": "16", 
            "upvotes": "35"
        }
    ]
}