{
    "ChampionName": {
        "lower": "sona", 
        "pretty": "Sona"
    }, 
    "WeakAgainst": [
        {
            "champName": "Blitzcrank", 
            "downvotes": "557", 
            "upvotes": "1765"
        }, 
        {
            "champName": "Thresh", 
            "downvotes": "420", 
            "upvotes": "795"
        }, 
        {
            "champName": "Leona", 
            "downvotes": "775", 
            "upvotes": "1370"
        }, 
        {
            "champName": "Miss Fortune", 
            "downvotes": "393", 
            "upvotes": "561"
        }, 
        {
            "champName": "Draven", 
            "downvotes": "243", 
            "upvotes": "363"
        }, 
        {
            "champName": "Taric", 
            "downvotes": "311", 
            "upvotes": "390"
        }, 
        {
            "champName": "Nidalee", 
            "downvotes": "175", 
            "upvotes": "227"
        }, 
        {
            "champName": "Aatrox", 
            "downvotes": "61", 
            "upvotes": "105"
        }, 
        {
            "champName": "Graves", 
            "downvotes": "201", 
            "upvotes": "231"
        }, 
        {
            "champName": "Zyra", 
            "downvotes": "219", 
            "upvotes": "247"
        }
    ], 
    "StrongAgainst": [
        {
            "champName": "Trundle", 
            "downvotes": "1041", 
            "upvotes": "2740"
        }, 
        {
            "champName": "Twitch", 
            "downvotes": "604", 
            "upvotes": "1204"
        }, 
        {
            "champName": "Janna", 
            "downvotes": "420", 
            "upvotes": "766"
        }, 
        {
            "champName": "Nunu", 
            "downvotes": "348", 
            "upvotes": "603"
        }, 
        {
            "champName": "Lulu", 
            "downvotes": "342", 
            "upvotes": "545"
        }, 
        {
            "champName": "Vayne", 
            "downvotes": "126", 
            "upvotes": "210"
        }, 
        {
            "champName": "Jax", 
            "downvotes": "198", 
            "upvotes": "218"
        }, 
        {
            "champName": "Nami", 
            "downvotes": "324", 
            "upvotes": "332"
        }, 
        {
            "champName": "Taric", 
            "downvotes": "196", 
            "upvotes": "209"
        }, 
        {
            "champName": "Thresh", 
            "downvotes": "142", 
            "upvotes": "153"
        }
    ], 
    "ChampionImageLocation": "http://www.solomid.net/guide/champ/sona.png", 
    "GoodWith": [
        {
            "champName": "Draven", 
            "downvotes": "25", 
            "upvotes": "400"
        }, 
        {
            "champName": "Caitlyn", 
            "downvotes": "58", 
            "upvotes": "588"
        }, 
        {
            "champName": "Vayne", 
            "downvotes": "41", 
            "upvotes": "417"
        }, 
        {
            "champName": "Tristana", 
            "downvotes": "25", 
            "upvotes": "214"
        }, 
        {
            "champName": "Katarina", 
            "downvotes": "21", 
            "upvotes": "171"
        }, 
        {
            "champName": "Kog'Maw", 
            "downvotes": "21", 
            "upvotes": "156"
        }, 
        {
            "champName": "Ezreal", 
            "downvotes": "1114", 
            "upvotes": "4013"
        }, 
        {
            "champName": "Quinn", 
            "downvotes": "23", 
            "upvotes": "126"
        }, 
        {
            "champName": "Graves", 
            "downvotes": "256", 
            "upvotes": "751"
        }, 
        {
            "champName": "Miss Fortune", 
            "downvotes": "696", 
            "upvotes": "1899"
        }
    ]
}