{
    "ChampionName": {
        "lower": "sona", 
        "pretty": "Sona"
    }, 
    "WeakAgainst": [
        {
            "champName": "Blitzcrank", 
            "downvotes": "557", 
            "upvotes": "1762"
        }, 
        {
            "champName": "Thresh", 
            "downvotes": "418", 
            "upvotes": "793"
        }, 
        {
            "champName": "Leona", 
            "downvotes": "773", 
            "upvotes": "1365"
        }, 
        {
            "champName": "Miss Fortune", 
            "downvotes": "392", 
            "upvotes": "559"
        }, 
        {
            "champName": "Draven", 
            "downvotes": "241", 
            "upvotes": "363"
        }, 
        {
            "champName": "Taric", 
            "downvotes": "310", 
            "upvotes": "389"
        }, 
        {
            "champName": "Nidalee", 
            "downvotes": "174", 
            "upvotes": "224"
        }, 
        {
            "champName": "Aatrox", 
            "downvotes": "61", 
            "upvotes": "104"
        }, 
        {
            "champName": "Zyra", 
            "downvotes": "218", 
            "upvotes": "248"
        }, 
        {
            "champName": "Graves", 
            "downvotes": "201", 
            "upvotes": "231"
        }
    ], 
    "StrongAgainst": [
        {
            "champName": "Trundle", 
            "downvotes": "1034", 
            "upvotes": "2714"
        }, 
        {
            "champName": "Twitch", 
            "downvotes": "603", 
            "upvotes": "1197"
        }, 
        {
            "champName": "Janna", 
            "downvotes": "419", 
            "upvotes": "760"
        }, 
        {
            "champName": "Nunu", 
            "downvotes": "348", 
            "upvotes": "600"
        }, 
        {
            "champName": "Lulu", 
            "downvotes": "341", 
            "upvotes": "543"
        }, 
        {
            "champName": "Vayne", 
            "downvotes": "127", 
            "upvotes": "208"
        }, 
        {
            "champName": "Jax", 
            "downvotes": "196", 
            "upvotes": "219"
        }, 
        {
            "champName": "Nami", 
            "downvotes": "324", 
            "upvotes": "330"
        }, 
        {
            "champName": "Taric", 
            "downvotes": "194", 
            "upvotes": "210"
        }, 
        {
            "champName": "Thresh", 
            "downvotes": "142", 
            "upvotes": "152"
        }
    ], 
    "ChampionImageLocation": "http://www.solomid.net/guide/champ/sona.png", 
    "GoodWith": [
        {
            "champName": "Draven", 
            "downvotes": "25", 
            "upvotes": "400"
        }, 
        {
            "champName": "Caitlyn", 
            "downvotes": "54", 
            "upvotes": "589"
        }, 
        {
            "champName": "Vayne", 
            "downvotes": "42", 
            "upvotes": "415"
        }, 
        {
            "champName": "Tristana", 
            "downvotes": "25", 
            "upvotes": "214"
        }, 
        {
            "champName": "Katarina", 
            "downvotes": "22", 
            "upvotes": "170"
        }, 
        {
            "champName": "Kog'Maw", 
            "downvotes": "21", 
            "upvotes": "156"
        }, 
        {
            "champName": "Ezreal", 
            "downvotes": "1109", 
            "upvotes": "4007"
        }, 
        {
            "champName": "Quinn", 
            "downvotes": "23", 
            "upvotes": "126"
        }, 
        {
            "champName": "Graves", 
            "downvotes": "256", 
            "upvotes": "750"
        }, 
        {
            "champName": "Miss Fortune", 
            "downvotes": "697", 
            "upvotes": "1893"
        }
    ]
}