{
    "ChampionName": {
        "lower": "soraka", 
        "pretty": "Soraka"
    }, 
    "WeakAgainst": [
        {
            "champName": "Miss Fortune", 
            "downvotes": "488", 
            "upvotes": "1311"
        }, 
        {
            "champName": "Tristana", 
            "downvotes": "323", 
            "upvotes": "626"
        }, 
        {
            "champName": "Blitzcrank", 
            "downvotes": "386", 
            "upvotes": "643"
        }, 
        {
            "champName": "Varus", 
            "downvotes": "339", 
            "upvotes": "481"
        }, 
        {
            "champName": "Zac", 
            "downvotes": "273", 
            "upvotes": "396"
        }, 
        {
            "champName": "Thresh", 
            "downvotes": "159", 
            "upvotes": "219"
        }, 
        {
            "champName": "Leona", 
            "downvotes": "252", 
            "upvotes": "319"
        }, 
        {
            "champName": "Hecarim", 
            "downvotes": "247", 
            "upvotes": "311"
        }, 
        {
            "champName": "Aatrox", 
            "downvotes": "51", 
            "upvotes": "91"
        }, 
        {
            "champName": "Shen", 
            "downvotes": "119", 
            "upvotes": "154"
        }
    ], 
    "StrongAgainst": [
        {
            "champName": "Karthus", 
            "downvotes": "439", 
            "upvotes": "2458"
        }, 
        {
            "champName": "Yasuo", 
            "downvotes": "888", 
            "upvotes": "2314"
        }, 
        {
            "champName": "Wukong", 
            "downvotes": "95", 
            "upvotes": "257"
        }, 
        {
            "champName": "Urgot", 
            "downvotes": "371", 
            "upvotes": "729"
        }, 
        {
            "champName": "Lulu", 
            "downvotes": "500", 
            "upvotes": "875"
        }, 
        {
            "champName": "Katarina", 
            "downvotes": "187", 
            "upvotes": "354"
        }, 
        {
            "champName": "Nasus", 
            "downvotes": "3", 
            "upvotes": "59"
        }, 
        {
            "champName": "Lucian", 
            "downvotes": "204", 
            "upvotes": "316"
        }, 
        {
            "champName": "Akali", 
            "downvotes": "79", 
            "upvotes": "154"
        }, 
        {
            "champName": "Nunu", 
            "downvotes": "395", 
            "upvotes": "551"
        }
    ], 
    "ChampionImageLocation": "http://www.solomid.net/guide/champ/soraka.png", 
    "GoodWith": [
        {
            "champName": "Jinx", 
            "downvotes": "20", 
            "upvotes": "207"
        }, 
        {
            "champName": "Caitlyn", 
            "downvotes": "136", 
            "upvotes": "649"
        }, 
        {
            "champName": "Miss Fortune", 
            "downvotes": "87", 
            "upvotes": "372"
        }, 
        {
            "champName": "Vayne", 
            "downvotes": "36", 
            "upvotes": "180"
        }, 
        {
            "champName": "Draven", 
            "downvotes": "36", 
            "upvotes": "163"
        }, 
        {
            "champName": "Urgot", 
            "downvotes": "337", 
            "upvotes": "1012"
        }, 
        {
            "champName": "Ashe", 
            "downvotes": "179", 
            "upvotes": "555"
        }, 
        {
            "champName": "Sivir", 
            "downvotes": "323", 
            "upvotes": "920"
        }, 
        {
            "champName": "Lucian", 
            "downvotes": "151", 
            "upvotes": "430"
        }, 
        {
            "champName": "Ezreal", 
            "downvotes": "1102", 
            "upvotes": "2796"
        }
    ]
}