{
    "ChampionName": {
        "lower": "soraka", 
        "pretty": "Soraka"
    }, 
    "WeakAgainst": [
        {
            "champName": "Miss Fortune", 
            "downvotes": "487", 
            "upvotes": "1307"
        }, 
        {
            "champName": "Tristana", 
            "downvotes": "323", 
            "upvotes": "623"
        }, 
        {
            "champName": "Blitzcrank", 
            "downvotes": "387", 
            "upvotes": "638"
        }, 
        {
            "champName": "Zac", 
            "downvotes": "273", 
            "upvotes": "395"
        }, 
        {
            "champName": "Varus", 
            "downvotes": "339", 
            "upvotes": "478"
        }, 
        {
            "champName": "Thresh", 
            "downvotes": "157", 
            "upvotes": "217"
        }, 
        {
            "champName": "Leona", 
            "downvotes": "252", 
            "upvotes": "318"
        }, 
        {
            "champName": "Hecarim", 
            "downvotes": "246", 
            "upvotes": "310"
        }, 
        {
            "champName": "Aatrox", 
            "downvotes": "51", 
            "upvotes": "90"
        }, 
        {
            "champName": "Shen", 
            "downvotes": "117", 
            "upvotes": "154"
        }
    ], 
    "StrongAgainst": [
        {
            "champName": "Karthus", 
            "downvotes": "437", 
            "upvotes": "2455"
        }, 
        {
            "champName": "Yasuo", 
            "downvotes": "884", 
            "upvotes": "2298"
        }, 
        {
            "champName": "Wukong", 
            "downvotes": "96", 
            "upvotes": "248"
        }, 
        {
            "champName": "Urgot", 
            "downvotes": "371", 
            "upvotes": "727"
        }, 
        {
            "champName": "Lulu", 
            "downvotes": "499", 
            "upvotes": "869"
        }, 
        {
            "champName": "Katarina", 
            "downvotes": "187", 
            "upvotes": "354"
        }, 
        {
            "champName": "Nasus", 
            "downvotes": "2", 
            "upvotes": "55"
        }, 
        {
            "champName": "Lucian", 
            "downvotes": "204", 
            "upvotes": "314"
        }, 
        {
            "champName": "Akali", 
            "downvotes": "79", 
            "upvotes": "152"
        }, 
        {
            "champName": "Nunu", 
            "downvotes": "395", 
            "upvotes": "550"
        }
    ], 
    "ChampionImageLocation": "http://www.solomid.net/guide/champ/soraka.png", 
    "GoodWith": [
        {
            "champName": "Jinx", 
            "downvotes": "21", 
            "upvotes": "205"
        }, 
        {
            "champName": "Caitlyn", 
            "downvotes": "136", 
            "upvotes": "648"
        }, 
        {
            "champName": "Miss Fortune", 
            "downvotes": "87", 
            "upvotes": "372"
        }, 
        {
            "champName": "Vayne", 
            "downvotes": "35", 
            "upvotes": "180"
        }, 
        {
            "champName": "Draven", 
            "downvotes": "35", 
            "upvotes": "164"
        }, 
        {
            "champName": "Urgot", 
            "downvotes": "337", 
            "upvotes": "1012"
        }, 
        {
            "champName": "Ashe", 
            "downvotes": "180", 
            "upvotes": "554"
        }, 
        {
            "champName": "Sivir", 
            "downvotes": "322", 
            "upvotes": "921"
        }, 
        {
            "champName": "Lucian", 
            "downvotes": "150", 
            "upvotes": "427"
        }, 
        {
            "champName": "Ezreal", 
            "downvotes": "1098", 
            "upvotes": "2794"
        }
    ]
}