{
    "ChampionName": {
        "lower": "swain", 
        "pretty": "Swain"
    }, 
    "WeakAgainst": [
        {
            "champName": "Viktor", 
            "downvotes": "839", 
            "upvotes": "2268"
        }, 
        {
            "champName": "Cassiopeia", 
            "downvotes": "797", 
            "upvotes": "1323"
        }, 
        {
            "champName": "LeBlanc", 
            "downvotes": "335", 
            "upvotes": "570"
        }, 
        {
            "champName": "Ziggs", 
            "downvotes": "86", 
            "upvotes": "185"
        }, 
        {
            "champName": "Tristana", 
            "downvotes": "56", 
            "upvotes": "138"
        }, 
        {
            "champName": "Brand", 
            "downvotes": "79", 
            "upvotes": "170"
        }, 
        {
            "champName": "Syndra", 
            "downvotes": "283", 
            "upvotes": "458"
        }, 
        {
            "champName": "Galio", 
            "downvotes": "316", 
            "upvotes": "503"
        }, 
        {
            "champName": "Fizz", 
            "downvotes": "1660", 
            "upvotes": "2301"
        }, 
        {
            "champName": "Lux", 
            "downvotes": "557", 
            "upvotes": "805"
        }
    ], 
    "StrongAgainst": [
        {
            "champName": "Vladimir", 
            "downvotes": "984", 
            "upvotes": "3847"
        }, 
        {
            "champName": "Yasuo", 
            "downvotes": "45", 
            "upvotes": "216"
        }, 
        {
            "champName": "Ahri", 
            "downvotes": "934", 
            "upvotes": "2126"
        }, 
        {
            "champName": "Yasuo", 
            "downvotes": "41", 
            "upvotes": "160"
        }, 
        {
            "champName": "Akali", 
            "downvotes": "593", 
            "upvotes": "1235"
        }, 
        {
            "champName": "Kassadin", 
            "downvotes": "652", 
            "upvotes": "1329"
        }, 
        {
            "champName": "Zed", 
            "downvotes": "210", 
            "upvotes": "458"
        }, 
        {
            "champName": "Diana", 
            "downvotes": "1039", 
            "upvotes": "1895"
        }, 
        {
            "champName": "Kennen", 
            "downvotes": "578", 
            "upvotes": "1066"
        }, 
        {
            "champName": "Mordekaiser", 
            "downvotes": "743", 
            "upvotes": "1347"
        }
    ], 
    "ChampionImageLocation": "http://www.solomid.net/guide/champ/swain.png", 
    "GoodWith": [
        {
            "champName": "Maokai", 
            "downvotes": "279", 
            "upvotes": "464"
        }, 
        {
            "champName": "Aatrox", 
            "downvotes": "65", 
            "upvotes": "99"
        }, 
        {
            "champName": "Amumu", 
            "downvotes": "131", 
            "upvotes": "169"
        }, 
        {
            "champName": "Diana", 
            "downvotes": "179", 
            "upvotes": "209"
        }, 
        {
            "champName": "Jarvan IV", 
            "downvotes": "157", 
            "upvotes": "183"
        }, 
        {
            "champName": "Vladimir", 
            "downvotes": "111", 
            "upvotes": "130"
        }, 
        {
            "champName": "Alistar", 
            "downvotes": "96", 
            "upvotes": "115"
        }, 
        {
            "champName": "Skarner", 
            "downvotes": "74", 
            "upvotes": "87"
        }, 
        {
            "champName": "Cho'Gath", 
            "downvotes": "92", 
            "upvotes": "103"
        }, 
        {
            "champName": "Sejuani", 
            "downvotes": "168", 
            "upvotes": "169"
        }
    ]
}