{
    "ChampionName": {
        "lower": "swain", 
        "pretty": "Swain"
    }, 
    "WeakAgainst": [
        {
            "champName": "Viktor", 
            "downvotes": "836", 
            "upvotes": "2259"
        }, 
        {
            "champName": "Cassiopeia", 
            "downvotes": "793", 
            "upvotes": "1321"
        }, 
        {
            "champName": "LeBlanc", 
            "downvotes": "332", 
            "upvotes": "566"
        }, 
        {
            "champName": "Ziggs", 
            "downvotes": "85", 
            "upvotes": "184"
        }, 
        {
            "champName": "Tristana", 
            "downvotes": "55", 
            "upvotes": "138"
        }, 
        {
            "champName": "Syndra", 
            "downvotes": "282", 
            "upvotes": "458"
        }, 
        {
            "champName": "Brand", 
            "downvotes": "79", 
            "upvotes": "169"
        }, 
        {
            "champName": "Galio", 
            "downvotes": "314", 
            "upvotes": "501"
        }, 
        {
            "champName": "Fizz", 
            "downvotes": "1653", 
            "upvotes": "2298"
        }, 
        {
            "champName": "Lux", 
            "downvotes": "556", 
            "upvotes": "802"
        }
    ], 
    "StrongAgainst": [
        {
            "champName": "Vladimir", 
            "downvotes": "984", 
            "upvotes": "3841"
        }, 
        {
            "champName": "Yasuo", 
            "downvotes": "44", 
            "upvotes": "206"
        }, 
        {
            "champName": "Ahri", 
            "downvotes": "931", 
            "upvotes": "2123"
        }, 
        {
            "champName": "Yasuo", 
            "downvotes": "40", 
            "upvotes": "157"
        }, 
        {
            "champName": "Akali", 
            "downvotes": "591", 
            "upvotes": "1225"
        }, 
        {
            "champName": "Kassadin", 
            "downvotes": "648", 
            "upvotes": "1330"
        }, 
        {
            "champName": "Zed", 
            "downvotes": "210", 
            "upvotes": "451"
        }, 
        {
            "champName": "Diana", 
            "downvotes": "1035", 
            "upvotes": "1888"
        }, 
        {
            "champName": "Kennen", 
            "downvotes": "578", 
            "upvotes": "1064"
        }, 
        {
            "champName": "Mordekaiser", 
            "downvotes": "742", 
            "upvotes": "1346"
        }
    ], 
    "ChampionImageLocation": "http://www.solomid.net/guide/champ/swain.png", 
    "GoodWith": [
        {
            "champName": "Maokai", 
            "downvotes": "278", 
            "upvotes": "463"
        }, 
        {
            "champName": "Aatrox", 
            "downvotes": "63", 
            "upvotes": "100"
        }, 
        {
            "champName": "Amumu", 
            "downvotes": "131", 
            "upvotes": "169"
        }, 
        {
            "champName": "Diana", 
            "downvotes": "178", 
            "upvotes": "210"
        }, 
        {
            "champName": "Jarvan IV", 
            "downvotes": "158", 
            "upvotes": "181"
        }, 
        {
            "champName": "Vladimir", 
            "downvotes": "111", 
            "upvotes": "130"
        }, 
        {
            "champName": "Alistar", 
            "downvotes": "97", 
            "upvotes": "114"
        }, 
        {
            "champName": "Cho'Gath", 
            "downvotes": "92", 
            "upvotes": "103"
        }, 
        {
            "champName": "Skarner", 
            "downvotes": "75", 
            "upvotes": "86"
        }, 
        {
            "champName": "Sejuani", 
            "downvotes": "168", 
            "upvotes": "169"
        }
    ]
}