{
    "ChampionName": {
        "lower": "syndra", 
        "pretty": "Syndra"
    }, 
    "WeakAgainst": [
        {
            "champName": "Fizz", 
            "downvotes": "1396", 
            "upvotes": "3060"
        }, 
        {
            "champName": "Yasuo", 
            "downvotes": "90", 
            "upvotes": "219"
        }, 
        {
            "champName": "Talon", 
            "downvotes": "500", 
            "upvotes": "902"
        }, 
        {
            "champName": "Yasuo", 
            "downvotes": "88", 
            "upvotes": "187"
        }, 
        {
            "champName": "Kayle", 
            "downvotes": "147", 
            "upvotes": "268"
        }, 
        {
            "champName": "Aatrox", 
            "downvotes": "44", 
            "upvotes": "117"
        }, 
        {
            "champName": "Gragas", 
            "downvotes": "269", 
            "upvotes": "418"
        }, 
        {
            "champName": "Ziggs", 
            "downvotes": "290", 
            "upvotes": "446"
        }, 
        {
            "champName": "Kassadin", 
            "downvotes": "527", 
            "upvotes": "766"
        }, 
        {
            "champName": "Morgana", 
            "downvotes": "62", 
            "upvotes": "134"
        }
    ], 
    "StrongAgainst": [
        {
            "champName": "Heimerdinger", 
            "downvotes": "682", 
            "upvotes": "2757"
        }, 
        {
            "champName": "Orianna", 
            "downvotes": "865", 
            "upvotes": "2217"
        }, 
        {
            "champName": "Vel'Koz", 
            "downvotes": "142", 
            "upvotes": "432"
        }, 
        {
            "champName": "Yasuo", 
            "downvotes": "23", 
            "upvotes": "123"
        }, 
        {
            "champName": "Nidalee", 
            "downvotes": "55", 
            "upvotes": "176"
        }, 
        {
            "champName": "LeBlanc", 
            "downvotes": "187", 
            "upvotes": "420"
        }, 
        {
            "champName": "Katarina", 
            "downvotes": "578", 
            "upvotes": "1116"
        }, 
        {
            "champName": "Ahri", 
            "downvotes": "301", 
            "upvotes": "597"
        }, 
        {
            "champName": "Zed", 
            "downvotes": "16", 
            "upvotes": "98"
        }, 
        {
            "champName": "Gragas", 
            "downvotes": "107", 
            "upvotes": "254"
        }
    ], 
    "ChampionImageLocation": "http://www.solomid.net/guide/champ/syndra.png", 
    "GoodWith": [
        {
            "champName": "Nami", 
            "downvotes": "145", 
            "upvotes": "257"
        }, 
        {
            "champName": "Zac", 
            "downvotes": "147", 
            "upvotes": "249"
        }, 
        {
            "champName": "Zilean", 
            "downvotes": "373", 
            "upvotes": "534"
        }, 
        {
            "champName": "Teemo", 
            "downvotes": "113", 
            "upvotes": "145"
        }, 
        {
            "champName": "Maokai", 
            "downvotes": "150", 
            "upvotes": "174"
        }, 
        {
            "champName": "Thresh", 
            "downvotes": "94", 
            "upvotes": "116"
        }, 
        {
            "champName": "Aatrox", 
            "downvotes": "24", 
            "upvotes": "43"
        }, 
        {
            "champName": "Amumu", 
            "downvotes": "23", 
            "upvotes": "41"
        }, 
        {
            "champName": "Sion", 
            "downvotes": "94", 
            "upvotes": "108"
        }, 
        {
            "champName": "Kha'Zix", 
            "downvotes": "49", 
            "upvotes": "61"
        }
    ]
}