{
    "ChampionName": {
        "lower": "syndra", 
        "pretty": "Syndra"
    }, 
    "WeakAgainst": [
        {
            "champName": "Fizz", 
            "downvotes": "1391", 
            "upvotes": "3048"
        }, 
        {
            "champName": "Talon", 
            "downvotes": "497", 
            "upvotes": "898"
        }, 
        {
            "champName": "Yasuo", 
            "downvotes": "90", 
            "upvotes": "217"
        }, 
        {
            "champName": "Yasuo", 
            "downvotes": "88", 
            "upvotes": "186"
        }, 
        {
            "champName": "Kayle", 
            "downvotes": "146", 
            "upvotes": "267"
        }, 
        {
            "champName": "Aatrox", 
            "downvotes": "44", 
            "upvotes": "115"
        }, 
        {
            "champName": "Kassadin", 
            "downvotes": "521", 
            "upvotes": "765"
        }, 
        {
            "champName": "Ziggs", 
            "downvotes": "287", 
            "upvotes": "444"
        }, 
        {
            "champName": "Gragas", 
            "downvotes": "269", 
            "upvotes": "416"
        }, 
        {
            "champName": "Morgana", 
            "downvotes": "61", 
            "upvotes": "133"
        }
    ], 
    "StrongAgainst": [
        {
            "champName": "Heimerdinger", 
            "downvotes": "679", 
            "upvotes": "2740"
        }, 
        {
            "champName": "Orianna", 
            "downvotes": "859", 
            "upvotes": "2202"
        }, 
        {
            "champName": "Vel'Koz", 
            "downvotes": "140", 
            "upvotes": "430"
        }, 
        {
            "champName": "Yasuo", 
            "downvotes": "21", 
            "upvotes": "119"
        }, 
        {
            "champName": "LeBlanc", 
            "downvotes": "183", 
            "upvotes": "407"
        }, 
        {
            "champName": "Nidalee", 
            "downvotes": "54", 
            "upvotes": "171"
        }, 
        {
            "champName": "Katarina", 
            "downvotes": "578", 
            "upvotes": "1109"
        }, 
        {
            "champName": "Zed", 
            "downvotes": "15", 
            "upvotes": "96"
        }, 
        {
            "champName": "Ahri", 
            "downvotes": "301", 
            "upvotes": "595"
        }, 
        {
            "champName": "Gragas", 
            "downvotes": "104", 
            "upvotes": "250"
        }
    ], 
    "ChampionImageLocation": "http://www.solomid.net/guide/champ/syndra.png", 
    "GoodWith": [
        {
            "champName": "Nami", 
            "downvotes": "146", 
            "upvotes": "256"
        }, 
        {
            "champName": "Zac", 
            "downvotes": "146", 
            "upvotes": "248"
        }, 
        {
            "champName": "Zilean", 
            "downvotes": "373", 
            "upvotes": "533"
        }, 
        {
            "champName": "Teemo", 
            "downvotes": "114", 
            "upvotes": "143"
        }, 
        {
            "champName": "Maokai", 
            "downvotes": "149", 
            "upvotes": "174"
        }, 
        {
            "champName": "Thresh", 
            "downvotes": "94", 
            "upvotes": "116"
        }, 
        {
            "champName": "Aatrox", 
            "downvotes": "24", 
            "upvotes": "43"
        }, 
        {
            "champName": "Amumu", 
            "downvotes": "23", 
            "upvotes": "41"
        }, 
        {
            "champName": "Sion", 
            "downvotes": "94", 
            "upvotes": "108"
        }, 
        {
            "champName": "Kha'Zix", 
            "downvotes": "48", 
            "upvotes": "62"
        }
    ]
}