{
    "ChampionName": {
        "lower": "syndra", 
        "pretty": "Syndra"
    }, 
    "WeakAgainst": [
        {
            "champName": "Fizz", 
            "downvotes": "1393", 
            "upvotes": "3053"
        }, 
        {
            "champName": "Talon", 
            "downvotes": "497", 
            "upvotes": "901"
        }, 
        {
            "champName": "Yasuo", 
            "downvotes": "90", 
            "upvotes": "218"
        }, 
        {
            "champName": "Yasuo", 
            "downvotes": "88", 
            "upvotes": "187"
        }, 
        {
            "champName": "Kayle", 
            "downvotes": "146", 
            "upvotes": "267"
        }, 
        {
            "champName": "Aatrox", 
            "downvotes": "44", 
            "upvotes": "117"
        }, 
        {
            "champName": "Kassadin", 
            "downvotes": "524", 
            "upvotes": "767"
        }, 
        {
            "champName": "Ziggs", 
            "downvotes": "289", 
            "upvotes": "446"
        }, 
        {
            "champName": "Gragas", 
            "downvotes": "270", 
            "upvotes": "417"
        }, 
        {
            "champName": "Morgana", 
            "downvotes": "61", 
            "upvotes": "134"
        }
    ], 
    "StrongAgainst": [
        {
            "champName": "Heimerdinger", 
            "downvotes": "681", 
            "upvotes": "2749"
        }, 
        {
            "champName": "Orianna", 
            "downvotes": "863", 
            "upvotes": "2213"
        }, 
        {
            "champName": "Vel'Koz", 
            "downvotes": "143", 
            "upvotes": "429"
        }, 
        {
            "champName": "Yasuo", 
            "downvotes": "22", 
            "upvotes": "120"
        }, 
        {
            "champName": "LeBlanc", 
            "downvotes": "185", 
            "upvotes": "415"
        }, 
        {
            "champName": "Nidalee", 
            "downvotes": "55", 
            "upvotes": "173"
        }, 
        {
            "champName": "Katarina", 
            "downvotes": "579", 
            "upvotes": "1112"
        }, 
        {
            "champName": "Ahri", 
            "downvotes": "300", 
            "upvotes": "597"
        }, 
        {
            "champName": "Zed", 
            "downvotes": "15", 
            "upvotes": "96"
        }, 
        {
            "champName": "Gragas", 
            "downvotes": "105", 
            "upvotes": "251"
        }
    ], 
    "ChampionImageLocation": "http://www.solomid.net/guide/champ/syndra.png", 
    "GoodWith": [
        {
            "champName": "Nami", 
            "downvotes": "147", 
            "upvotes": "255"
        }, 
        {
            "champName": "Zac", 
            "downvotes": "146", 
            "upvotes": "249"
        }, 
        {
            "champName": "Zilean", 
            "downvotes": "373", 
            "upvotes": "533"
        }, 
        {
            "champName": "Teemo", 
            "downvotes": "112", 
            "upvotes": "146"
        }, 
        {
            "champName": "Maokai", 
            "downvotes": "149", 
            "upvotes": "175"
        }, 
        {
            "champName": "Thresh", 
            "downvotes": "94", 
            "upvotes": "116"
        }, 
        {
            "champName": "Aatrox", 
            "downvotes": "24", 
            "upvotes": "43"
        }, 
        {
            "champName": "Amumu", 
            "downvotes": "23", 
            "upvotes": "41"
        }, 
        {
            "champName": "Sion", 
            "downvotes": "94", 
            "upvotes": "108"
        }, 
        {
            "champName": "Kha'Zix", 
            "downvotes": "48", 
            "upvotes": "62"
        }
    ]
}