{
    "ChampionName": {
        "lower": "talon", 
        "pretty": "Talon"
    }, 
    "WeakAgainst": [
        {
            "champName": "Lee Sin", 
            "downvotes": "940", 
            "upvotes": "2629"
        }, 
        {
            "champName": "Pantheon", 
            "downvotes": "362", 
            "upvotes": "799"
        }, 
        {
            "champName": "Yorick", 
            "downvotes": "288", 
            "upvotes": "623"
        }, 
        {
            "champName": "Diana", 
            "downvotes": "586", 
            "upvotes": "1066"
        }, 
        {
            "champName": "Gragas", 
            "downvotes": "175", 
            "upvotes": "361"
        }, 
        {
            "champName": "Kayle", 
            "downvotes": "185", 
            "upvotes": "373"
        }, 
        {
            "champName": "LeBlanc", 
            "downvotes": "25", 
            "upvotes": "107"
        }, 
        {
            "champName": "Aatrox", 
            "downvotes": "108", 
            "upvotes": "231"
        }, 
        {
            "champName": "Riven", 
            "downvotes": "691", 
            "upvotes": "1115"
        }, 
        {
            "champName": "Yasuo", 
            "downvotes": "3", 
            "upvotes": "65"
        }
    ], 
    "StrongAgainst": [
        {
            "champName": "Kassadin", 
            "downvotes": "2561", 
            "upvotes": "11670"
        }, 
        {
            "champName": "Lux", 
            "downvotes": "1446", 
            "upvotes": "5165"
        }, 
        {
            "champName": "Vel'Koz", 
            "downvotes": "247", 
            "upvotes": "953"
        }, 
        {
            "champName": "Morgana", 
            "downvotes": "847", 
            "upvotes": "2532"
        }, 
        {
            "champName": "Veigar", 
            "downvotes": "544", 
            "upvotes": "1450"
        }, 
        {
            "champName": "Ahri", 
            "downvotes": "1293", 
            "upvotes": "3113"
        }, 
        {
            "champName": "Katarina", 
            "downvotes": "623", 
            "upvotes": "1482"
        }, 
        {
            "champName": "Ziggs", 
            "downvotes": "496", 
            "upvotes": "1111"
        }, 
        {
            "champName": "Yasuo", 
            "downvotes": "40", 
            "upvotes": "163"
        }, 
        {
            "champName": "Zed", 
            "downvotes": "240", 
            "upvotes": "545"
        }
    ], 
    "ChampionImageLocation": "http://www.solomid.net/guide/champ/talon.png", 
    "GoodWith": [
        {
            "champName": "Zed", 
            "downvotes": "730", 
            "upvotes": "1365"
        }, 
        {
            "champName": "Katarina", 
            "downvotes": "25", 
            "upvotes": "79"
        }, 
        {
            "champName": "Darius", 
            "downvotes": "161", 
            "upvotes": "289"
        }, 
        {
            "champName": "Sejuani", 
            "downvotes": "173", 
            "upvotes": "299"
        }, 
        {
            "champName": "Sion", 
            "downvotes": "337", 
            "upvotes": "488"
        }, 
        {
            "champName": "Aatrox", 
            "downvotes": "21", 
            "upvotes": "54"
        }, 
        {
            "champName": "Amumu", 
            "downvotes": "139", 
            "upvotes": "188"
        }, 
        {
            "champName": "Fizz", 
            "downvotes": "76", 
            "upvotes": "98"
        }, 
        {
            "champName": "Ryze", 
            "downvotes": "184", 
            "upvotes": "202"
        }, 
        {
            "champName": "Ashe", 
            "downvotes": "20", 
            "upvotes": "39"
        }
    ]
}