{
    "ChampionName": {
        "lower": "talon", 
        "pretty": "Talon"
    }, 
    "WeakAgainst": [
        {
            "champName": "Lee Sin", 
            "downvotes": "937", 
            "upvotes": "2624"
        }, 
        {
            "champName": "Pantheon", 
            "downvotes": "361", 
            "upvotes": "796"
        }, 
        {
            "champName": "Yorick", 
            "downvotes": "288", 
            "upvotes": "623"
        }, 
        {
            "champName": "Diana", 
            "downvotes": "585", 
            "upvotes": "1056"
        }, 
        {
            "champName": "Gragas", 
            "downvotes": "173", 
            "upvotes": "354"
        }, 
        {
            "champName": "Kayle", 
            "downvotes": "183", 
            "upvotes": "368"
        }, 
        {
            "champName": "LeBlanc", 
            "downvotes": "25", 
            "upvotes": "107"
        }, 
        {
            "champName": "Aatrox", 
            "downvotes": "107", 
            "upvotes": "231"
        }, 
        {
            "champName": "Riven", 
            "downvotes": "685", 
            "upvotes": "1113"
        }, 
        {
            "champName": "Swain", 
            "downvotes": "86", 
            "upvotes": "188"
        }
    ], 
    "StrongAgainst": [
        {
            "champName": "Kassadin", 
            "downvotes": "2555", 
            "upvotes": "11650"
        }, 
        {
            "champName": "Lux", 
            "downvotes": "1440", 
            "upvotes": "5157"
        }, 
        {
            "champName": "Vel'Koz", 
            "downvotes": "246", 
            "upvotes": "947"
        }, 
        {
            "champName": "Morgana", 
            "downvotes": "843", 
            "upvotes": "2524"
        }, 
        {
            "champName": "Veigar", 
            "downvotes": "543", 
            "upvotes": "1448"
        }, 
        {
            "champName": "Ahri", 
            "downvotes": "1289", 
            "upvotes": "3108"
        }, 
        {
            "champName": "Katarina", 
            "downvotes": "619", 
            "upvotes": "1476"
        }, 
        {
            "champName": "Ziggs", 
            "downvotes": "496", 
            "upvotes": "1106"
        }, 
        {
            "champName": "Yasuo", 
            "downvotes": "39", 
            "upvotes": "162"
        }, 
        {
            "champName": "Zed", 
            "downvotes": "235", 
            "upvotes": "542"
        }
    ], 
    "ChampionImageLocation": "http://www.solomid.net/guide/champ/talon.png", 
    "GoodWith": [
        {
            "champName": "Zed", 
            "downvotes": "728", 
            "upvotes": "1355"
        }, 
        {
            "champName": "Katarina", 
            "downvotes": "25", 
            "upvotes": "78"
        }, 
        {
            "champName": "Darius", 
            "downvotes": "160", 
            "upvotes": "290"
        }, 
        {
            "champName": "Sejuani", 
            "downvotes": "173", 
            "upvotes": "298"
        }, 
        {
            "champName": "Sion", 
            "downvotes": "337", 
            "upvotes": "487"
        }, 
        {
            "champName": "Aatrox", 
            "downvotes": "21", 
            "upvotes": "54"
        }, 
        {
            "champName": "Amumu", 
            "downvotes": "138", 
            "upvotes": "189"
        }, 
        {
            "champName": "Ryze", 
            "downvotes": "183", 
            "upvotes": "203"
        }, 
        {
            "champName": "Fizz", 
            "downvotes": "78", 
            "upvotes": "96"
        }, 
        {
            "champName": "Diana", 
            "downvotes": "8", 
            "upvotes": "27"
        }
    ]
}