{
    "ChampionName": {
        "lower": "talon", 
        "pretty": "Talon"
    }, 
    "WeakAgainst": [
        {
            "champName": "Lee Sin", 
            "downvotes": "940", 
            "upvotes": "2626"
        }, 
        {
            "champName": "Pantheon", 
            "downvotes": "363", 
            "upvotes": "796"
        }, 
        {
            "champName": "Yorick", 
            "downvotes": "288", 
            "upvotes": "623"
        }, 
        {
            "champName": "Diana", 
            "downvotes": "586", 
            "upvotes": "1063"
        }, 
        {
            "champName": "Kayle", 
            "downvotes": "183", 
            "upvotes": "371"
        }, 
        {
            "champName": "Gragas", 
            "downvotes": "176", 
            "upvotes": "357"
        }, 
        {
            "champName": "LeBlanc", 
            "downvotes": "25", 
            "upvotes": "107"
        }, 
        {
            "champName": "Aatrox", 
            "downvotes": "107", 
            "upvotes": "231"
        }, 
        {
            "champName": "Riven", 
            "downvotes": "689", 
            "upvotes": "1115"
        }, 
        {
            "champName": "Swain", 
            "downvotes": "86", 
            "upvotes": "188"
        }
    ], 
    "StrongAgainst": [
        {
            "champName": "Kassadin", 
            "downvotes": "2561", 
            "upvotes": "11659"
        }, 
        {
            "champName": "Lux", 
            "downvotes": "1442", 
            "upvotes": "5162"
        }, 
        {
            "champName": "Vel'Koz", 
            "downvotes": "246", 
            "upvotes": "951"
        }, 
        {
            "champName": "Morgana", 
            "downvotes": "843", 
            "upvotes": "2531"
        }, 
        {
            "champName": "Veigar", 
            "downvotes": "544", 
            "upvotes": "1448"
        }, 
        {
            "champName": "Ahri", 
            "downvotes": "1291", 
            "upvotes": "3112"
        }, 
        {
            "champName": "Katarina", 
            "downvotes": "623", 
            "upvotes": "1479"
        }, 
        {
            "champName": "Ziggs", 
            "downvotes": "495", 
            "upvotes": "1109"
        }, 
        {
            "champName": "Yasuo", 
            "downvotes": "39", 
            "upvotes": "163"
        }, 
        {
            "champName": "Zed", 
            "downvotes": "239", 
            "upvotes": "542"
        }
    ], 
    "ChampionImageLocation": "http://www.solomid.net/guide/champ/talon.png", 
    "GoodWith": [
        {
            "champName": "Zed", 
            "downvotes": "730", 
            "upvotes": "1362"
        }, 
        {
            "champName": "Katarina", 
            "downvotes": "26", 
            "upvotes": "78"
        }, 
        {
            "champName": "Darius", 
            "downvotes": "160", 
            "upvotes": "290"
        }, 
        {
            "champName": "Sejuani", 
            "downvotes": "173", 
            "upvotes": "298"
        }, 
        {
            "champName": "Sion", 
            "downvotes": "337", 
            "upvotes": "487"
        }, 
        {
            "champName": "Aatrox", 
            "downvotes": "21", 
            "upvotes": "54"
        }, 
        {
            "champName": "Amumu", 
            "downvotes": "138", 
            "upvotes": "189"
        }, 
        {
            "champName": "Fizz", 
            "downvotes": "76", 
            "upvotes": "98"
        }, 
        {
            "champName": "Ryze", 
            "downvotes": "183", 
            "upvotes": "203"
        }, 
        {
            "champName": "Diana", 
            "downvotes": "8", 
            "upvotes": "27"
        }
    ]
}