{
    "ChampionName": {
        "lower": "taric", 
        "pretty": "Taric"
    }, 
    "WeakAgainst": [
        {
            "champName": "Sivir", 
            "downvotes": "433", 
            "upvotes": "1023"
        }, 
        {
            "champName": "Lulu", 
            "downvotes": "316", 
            "upvotes": "600"
        }, 
        {
            "champName": "Morgana", 
            "downvotes": "225", 
            "upvotes": "406"
        }, 
        {
            "champName": "Nami", 
            "downvotes": "428", 
            "upvotes": "692"
        }, 
        {
            "champName": "Alistar", 
            "downvotes": "259", 
            "upvotes": "319"
        }, 
        {
            "champName": "Corki", 
            "downvotes": "231", 
            "upvotes": "284"
        }, 
        {
            "champName": "Varus", 
            "downvotes": "196", 
            "upvotes": "247"
        }, 
        {
            "champName": "Leona", 
            "downvotes": "527", 
            "upvotes": "589"
        }, 
        {
            "champName": "Thresh", 
            "downvotes": "325", 
            "upvotes": "360"
        }, 
        {
            "champName": "Janna", 
            "downvotes": "240", 
            "upvotes": "269"
        }
    ], 
    "StrongAgainst": [
        {
            "champName": "Miss Fortune", 
            "downvotes": "465", 
            "upvotes": "1029"
        }, 
        {
            "champName": "Blitzcrank", 
            "downvotes": "395", 
            "upvotes": "690"
        }, 
        {
            "champName": "Vayne", 
            "downvotes": "244", 
            "upvotes": "419"
        }, 
        {
            "champName": "Draven", 
            "downvotes": "367", 
            "upvotes": "543"
        }, 
        {
            "champName": "Thresh", 
            "downvotes": "259", 
            "upvotes": "353"
        }, 
        {
            "champName": "Caitlyn", 
            "downvotes": "225", 
            "upvotes": "308"
        }, 
        {
            "champName": "Sona", 
            "downvotes": "310", 
            "upvotes": "389"
        }, 
        {
            "champName": "Graves", 
            "downvotes": "313", 
            "upvotes": "389"
        }, 
        {
            "champName": "Riven", 
            "downvotes": "75", 
            "upvotes": "120"
        }, 
        {
            "champName": "Ezreal", 
            "downvotes": "122", 
            "upvotes": "168"
        }
    ], 
    "ChampionImageLocation": "http://www.solomid.net/guide/champ/taric.png", 
    "GoodWith": [
        {
            "champName": "Graves", 
            "downvotes": "759", 
            "upvotes": "3808"
        }, 
        {
            "champName": "Ashe", 
            "downvotes": "75", 
            "upvotes": "449"
        }, 
        {
            "champName": "Jinx", 
            "downvotes": "22", 
            "upvotes": "197"
        }, 
        {
            "champName": "Lucian", 
            "downvotes": "16", 
            "upvotes": "143"
        }, 
        {
            "champName": "Ezreal", 
            "downvotes": "627", 
            "upvotes": "2394"
        }, 
        {
            "champName": "Vayne", 
            "downvotes": "388", 
            "upvotes": "1160"
        }, 
        {
            "champName": "Draven", 
            "downvotes": "562", 
            "upvotes": "1529"
        }, 
        {
            "champName": "Varus", 
            "downvotes": "237", 
            "upvotes": "656"
        }, 
        {
            "champName": "Miss Fortune", 
            "downvotes": "323", 
            "upvotes": "872"
        }, 
        {
            "champName": "Sivir", 
            "downvotes": "485", 
            "upvotes": "1243"
        }
    ]
}