{
    "ChampionName": {
        "lower": "taric", 
        "pretty": "Taric"
    }, 
    "WeakAgainst": [
        {
            "champName": "Sivir", 
            "downvotes": "435", 
            "upvotes": "1024"
        }, 
        {
            "champName": "Lulu", 
            "downvotes": "318", 
            "upvotes": "600"
        }, 
        {
            "champName": "Morgana", 
            "downvotes": "227", 
            "upvotes": "407"
        }, 
        {
            "champName": "Nami", 
            "downvotes": "427", 
            "upvotes": "695"
        }, 
        {
            "champName": "Alistar", 
            "downvotes": "259", 
            "upvotes": "323"
        }, 
        {
            "champName": "Leona", 
            "downvotes": "526", 
            "upvotes": "591"
        }, 
        {
            "champName": "Varus", 
            "downvotes": "197", 
            "upvotes": "247"
        }, 
        {
            "champName": "Corki", 
            "downvotes": "233", 
            "upvotes": "283"
        }, 
        {
            "champName": "Thresh", 
            "downvotes": "326", 
            "upvotes": "361"
        }, 
        {
            "champName": "Janna", 
            "downvotes": "240", 
            "upvotes": "271"
        }
    ], 
    "StrongAgainst": [
        {
            "champName": "Miss Fortune", 
            "downvotes": "465", 
            "upvotes": "1031"
        }, 
        {
            "champName": "Blitzcrank", 
            "downvotes": "397", 
            "upvotes": "690"
        }, 
        {
            "champName": "Vayne", 
            "downvotes": "245", 
            "upvotes": "420"
        }, 
        {
            "champName": "Draven", 
            "downvotes": "369", 
            "upvotes": "543"
        }, 
        {
            "champName": "Thresh", 
            "downvotes": "260", 
            "upvotes": "354"
        }, 
        {
            "champName": "Caitlyn", 
            "downvotes": "225", 
            "upvotes": "309"
        }, 
        {
            "champName": "Sona", 
            "downvotes": "311", 
            "upvotes": "390"
        }, 
        {
            "champName": "Graves", 
            "downvotes": "313", 
            "upvotes": "390"
        }, 
        {
            "champName": "Ezreal", 
            "downvotes": "122", 
            "upvotes": "170"
        }, 
        {
            "champName": "Riven", 
            "downvotes": "75", 
            "upvotes": "120"
        }
    ], 
    "ChampionImageLocation": "http://www.solomid.net/guide/champ/taric.png", 
    "GoodWith": [
        {
            "champName": "Jinx", 
            "downvotes": "20", 
            "upvotes": "202"
        }, 
        {
            "champName": "Graves", 
            "downvotes": "760", 
            "upvotes": "3807"
        }, 
        {
            "champName": "Ashe", 
            "downvotes": "76", 
            "upvotes": "448"
        }, 
        {
            "champName": "Lucian", 
            "downvotes": "16", 
            "upvotes": "143"
        }, 
        {
            "champName": "Ezreal", 
            "downvotes": "628", 
            "upvotes": "2398"
        }, 
        {
            "champName": "Vayne", 
            "downvotes": "387", 
            "upvotes": "1163"
        }, 
        {
            "champName": "Draven", 
            "downvotes": "566", 
            "upvotes": "1527"
        }, 
        {
            "champName": "Miss Fortune", 
            "downvotes": "323", 
            "upvotes": "872"
        }, 
        {
            "champName": "Varus", 
            "downvotes": "238", 
            "upvotes": "655"
        }, 
        {
            "champName": "Sivir", 
            "downvotes": "486", 
            "upvotes": "1243"
        }
    ]
}