{
    "ChampionName": {
        "lower": "teemo", 
        "pretty": "Teemo"
    }, 
    "WeakAgainst": [
        {
            "champName": "Yorick", 
            "downvotes": "1976", 
            "upvotes": "8042"
        }, 
        {
            "champName": "Pantheon", 
            "downvotes": "2042", 
            "upvotes": "4752"
        }, 
        {
            "champName": "Rumble", 
            "downvotes": "1160", 
            "upvotes": "2512"
        }, 
        {
            "champName": "Jayce", 
            "downvotes": "1586", 
            "upvotes": "2943"
        }, 
        {
            "champName": "LeBlanc", 
            "downvotes": "208", 
            "upvotes": "448"
        }, 
        {
            "champName": "Zed", 
            "downvotes": "1122", 
            "upvotes": "2096"
        }, 
        {
            "champName": "Renekton", 
            "downvotes": "320", 
            "upvotes": "643"
        }, 
        {
            "champName": "Aatrox", 
            "downvotes": "184", 
            "upvotes": "398"
        }, 
        {
            "champName": "Akali", 
            "downvotes": "866", 
            "upvotes": "1602"
        }, 
        {
            "champName": "Kayle", 
            "downvotes": "91", 
            "upvotes": "230"
        }
    ], 
    "StrongAgainst": [
        {
            "champName": "Tryndamere", 
            "downvotes": "2341", 
            "upvotes": "8684"
        }, 
        {
            "champName": "Singed", 
            "downvotes": "2201", 
            "upvotes": "6663"
        }, 
        {
            "champName": "Nasus", 
            "downvotes": "3335", 
            "upvotes": "9460"
        }, 
        {
            "champName": "Garen", 
            "downvotes": "4758", 
            "upvotes": "11510"
        }, 
        {
            "champName": "Darius", 
            "downvotes": "8987", 
            "upvotes": "18869"
        }, 
        {
            "champName": "Aatrox", 
            "downvotes": "1060", 
            "upvotes": "2277"
        }, 
        {
            "champName": "Yasuo", 
            "downvotes": "273", 
            "upvotes": "623"
        }, 
        {
            "champName": "Aatrox", 
            "downvotes": "124", 
            "upvotes": "319"
        }, 
        {
            "champName": "Volibear", 
            "downvotes": "1172", 
            "upvotes": "2276"
        }, 
        {
            "champName": "Master Yi", 
            "downvotes": "693", 
            "upvotes": "1363"
        }
    ], 
    "ChampionImageLocation": "http://www.solomid.net/guide/champ/teemo.png", 
    "GoodWith": [
        {
            "champName": "Darius", 
            "downvotes": "31", 
            "upvotes": "125"
        }, 
        {
            "champName": "Aatrox", 
            "downvotes": "24", 
            "upvotes": "107"
        }, 
        {
            "champName": "Cassiopeia", 
            "downvotes": "945", 
            "upvotes": "2011"
        }, 
        {
            "champName": "Twitch", 
            "downvotes": "35", 
            "upvotes": "113"
        }, 
        {
            "champName": "Lee Sin", 
            "downvotes": "944", 
            "upvotes": "1733"
        }, 
        {
            "champName": "Ashe", 
            "downvotes": "17", 
            "upvotes": "64"
        }, 
        {
            "champName": "Blitzcrank", 
            "downvotes": "516", 
            "upvotes": "923"
        }, 
        {
            "champName": "Akali", 
            "downvotes": "14", 
            "upvotes": "58"
        }, 
        {
            "champName": "Tristana", 
            "downvotes": "17", 
            "upvotes": "63"
        }, 
        {
            "champName": "Pantheon", 
            "downvotes": "3", 
            "upvotes": "39"
        }
    ]
}