{
    "ChampionName": {
        "lower": "teemo", 
        "pretty": "Teemo"
    }, 
    "WeakAgainst": [
        {
            "champName": "Yorick", 
            "downvotes": "1974", 
            "upvotes": "8037"
        }, 
        {
            "champName": "Pantheon", 
            "downvotes": "2041", 
            "upvotes": "4740"
        }, 
        {
            "champName": "Rumble", 
            "downvotes": "1160", 
            "upvotes": "2508"
        }, 
        {
            "champName": "Jayce", 
            "downvotes": "1584", 
            "upvotes": "2938"
        }, 
        {
            "champName": "Zed", 
            "downvotes": "1120", 
            "upvotes": "2091"
        }, 
        {
            "champName": "LeBlanc", 
            "downvotes": "208", 
            "upvotes": "446"
        }, 
        {
            "champName": "Aatrox", 
            "downvotes": "183", 
            "upvotes": "399"
        }, 
        {
            "champName": "Renekton", 
            "downvotes": "318", 
            "upvotes": "640"
        }, 
        {
            "champName": "Akali", 
            "downvotes": "867", 
            "upvotes": "1597"
        }, 
        {
            "champName": "Kayle", 
            "downvotes": "91", 
            "upvotes": "230"
        }
    ], 
    "StrongAgainst": [
        {
            "champName": "Tryndamere", 
            "downvotes": "2337", 
            "upvotes": "8677"
        }, 
        {
            "champName": "Singed", 
            "downvotes": "2202", 
            "upvotes": "6657"
        }, 
        {
            "champName": "Nasus", 
            "downvotes": "3330", 
            "upvotes": "9437"
        }, 
        {
            "champName": "Garen", 
            "downvotes": "4752", 
            "upvotes": "11489"
        }, 
        {
            "champName": "Darius", 
            "downvotes": "8974", 
            "upvotes": "18844"
        }, 
        {
            "champName": "Aatrox", 
            "downvotes": "1059", 
            "upvotes": "2276"
        }, 
        {
            "champName": "Yasuo", 
            "downvotes": "271", 
            "upvotes": "623"
        }, 
        {
            "champName": "Aatrox", 
            "downvotes": "122", 
            "upvotes": "319"
        }, 
        {
            "champName": "Volibear", 
            "downvotes": "1172", 
            "upvotes": "2274"
        }, 
        {
            "champName": "Master Yi", 
            "downvotes": "691", 
            "upvotes": "1359"
        }
    ], 
    "ChampionImageLocation": "http://www.solomid.net/guide/champ/teemo.png", 
    "GoodWith": [
        {
            "champName": "Darius", 
            "downvotes": "32", 
            "upvotes": "124"
        }, 
        {
            "champName": "Aatrox", 
            "downvotes": "25", 
            "upvotes": "106"
        }, 
        {
            "champName": "Twitch", 
            "downvotes": "33", 
            "upvotes": "115"
        }, 
        {
            "champName": "Cassiopeia", 
            "downvotes": "945", 
            "upvotes": "2011"
        }, 
        {
            "champName": "Lee Sin", 
            "downvotes": "943", 
            "upvotes": "1732"
        }, 
        {
            "champName": "Blitzcrank", 
            "downvotes": "514", 
            "upvotes": "925"
        }, 
        {
            "champName": "Ashe", 
            "downvotes": "17", 
            "upvotes": "64"
        }, 
        {
            "champName": "Tristana", 
            "downvotes": "17", 
            "upvotes": "63"
        }, 
        {
            "champName": "Akali", 
            "downvotes": "15", 
            "upvotes": "57"
        }, 
        {
            "champName": "Alistar", 
            "downvotes": "20", 
            "upvotes": "65"
        }
    ]
}