{
    "ChampionName": {
        "lower": "teemo", 
        "pretty": "Teemo"
    }, 
    "WeakAgainst": [
        {
            "champName": "Yorick", 
            "downvotes": "1971", 
            "upvotes": "8022"
        }, 
        {
            "champName": "Pantheon", 
            "downvotes": "2037", 
            "upvotes": "4730"
        }, 
        {
            "champName": "Rumble", 
            "downvotes": "1157", 
            "upvotes": "2506"
        }, 
        {
            "champName": "Zed", 
            "downvotes": "1117", 
            "upvotes": "2090"
        }, 
        {
            "champName": "Jayce", 
            "downvotes": "1583", 
            "upvotes": "2928"
        }, 
        {
            "champName": "LeBlanc", 
            "downvotes": "208", 
            "upvotes": "446"
        }, 
        {
            "champName": "Aatrox", 
            "downvotes": "183", 
            "upvotes": "399"
        }, 
        {
            "champName": "Renekton", 
            "downvotes": "316", 
            "upvotes": "635"
        }, 
        {
            "champName": "Akali", 
            "downvotes": "866", 
            "upvotes": "1594"
        }, 
        {
            "champName": "Kayle", 
            "downvotes": "90", 
            "upvotes": "228"
        }
    ], 
    "StrongAgainst": [
        {
            "champName": "Tryndamere", 
            "downvotes": "2334", 
            "upvotes": "8654"
        }, 
        {
            "champName": "Singed", 
            "downvotes": "2202", 
            "upvotes": "6651"
        }, 
        {
            "champName": "Nasus", 
            "downvotes": "3321", 
            "upvotes": "9406"
        }, 
        {
            "champName": "Garen", 
            "downvotes": "4745", 
            "upvotes": "11468"
        }, 
        {
            "champName": "Darius", 
            "downvotes": "8958", 
            "upvotes": "18821"
        }, 
        {
            "champName": "Aatrox", 
            "downvotes": "1058", 
            "upvotes": "2275"
        }, 
        {
            "champName": "Yasuo", 
            "downvotes": "271", 
            "upvotes": "622"
        }, 
        {
            "champName": "Aatrox", 
            "downvotes": "122", 
            "upvotes": "318"
        }, 
        {
            "champName": "Volibear", 
            "downvotes": "1170", 
            "upvotes": "2267"
        }, 
        {
            "champName": "Master Yi", 
            "downvotes": "687", 
            "upvotes": "1356"
        }
    ], 
    "ChampionImageLocation": "http://www.solomid.net/guide/champ/teemo.png", 
    "GoodWith": [
        {
            "champName": "Darius", 
            "downvotes": "31", 
            "upvotes": "125"
        }, 
        {
            "champName": "Aatrox", 
            "downvotes": "24", 
            "upvotes": "107"
        }, 
        {
            "champName": "Twitch", 
            "downvotes": "34", 
            "upvotes": "114"
        }, 
        {
            "champName": "Cassiopeia", 
            "downvotes": "943", 
            "upvotes": "2011"
        }, 
        {
            "champName": "Lee Sin", 
            "downvotes": "944", 
            "upvotes": "1729"
        }, 
        {
            "champName": "Tristana", 
            "downvotes": "16", 
            "upvotes": "64"
        }, 
        {
            "champName": "Blitzcrank", 
            "downvotes": "513", 
            "upvotes": "925"
        }, 
        {
            "champName": "Ashe", 
            "downvotes": "17", 
            "upvotes": "64"
        }, 
        {
            "champName": "Thresh", 
            "downvotes": "17", 
            "upvotes": "60"
        }, 
        {
            "champName": "Amumu", 
            "downvotes": "27", 
            "upvotes": "76"
        }
    ]
}