{
    "ChampionName": {
        "lower": "thresh", 
        "pretty": "Thresh"
    }, 
    "WeakAgainst": [
        {
            "champName": "Lulu", 
            "downvotes": "534", 
            "upvotes": "1592"
        }, 
        {
            "champName": "Morgana", 
            "downvotes": "200", 
            "upvotes": "605"
        }, 
        {
            "champName": "Alistar", 
            "downvotes": "660", 
            "upvotes": "1700"
        }, 
        {
            "champName": "Annie", 
            "downvotes": "62", 
            "upvotes": "186"
        }, 
        {
            "champName": "Lucian", 
            "downvotes": "588", 
            "upvotes": "1127"
        }, 
        {
            "champName": "Sivir", 
            "downvotes": "210", 
            "upvotes": "438"
        }, 
        {
            "champName": "Morgana", 
            "downvotes": "235", 
            "upvotes": "463"
        }, 
        {
            "champName": "Zyra", 
            "downvotes": "289", 
            "upvotes": "533"
        }, 
        {
            "champName": "Janna", 
            "downvotes": "345", 
            "upvotes": "609"
        }, 
        {
            "champName": "Aatrox", 
            "downvotes": "14", 
            "upvotes": "78"
        }
    ], 
    "StrongAgainst": [
        {
            "champName": "Blitzcrank", 
            "downvotes": "806", 
            "upvotes": "2171"
        }, 
        {
            "champName": "Draven", 
            "downvotes": "518", 
            "upvotes": "1353"
        }, 
        {
            "champName": "Sona", 
            "downvotes": "418", 
            "upvotes": "793"
        }, 
        {
            "champName": "Leona", 
            "downvotes": "774", 
            "upvotes": "1187"
        }, 
        {
            "champName": "Caitlyn", 
            "downvotes": "513", 
            "upvotes": "789"
        }, 
        {
            "champName": "Jarvan IV", 
            "downvotes": "144", 
            "upvotes": "236"
        }, 
        {
            "champName": "Katarina", 
            "downvotes": "121", 
            "upvotes": "194"
        }, 
        {
            "champName": "Miss Fortune", 
            "downvotes": "333", 
            "upvotes": "436"
        }, 
        {
            "champName": "Varus", 
            "downvotes": "285", 
            "upvotes": "372"
        }, 
        {
            "champName": "Soraka", 
            "downvotes": "157", 
            "upvotes": "217"
        }
    ], 
    "ChampionImageLocation": "http://www.solomid.net/guide/champ/thresh.png", 
    "GoodWith": [
        {
            "champName": "Ashe", 
            "downvotes": "19", 
            "upvotes": "419"
        }, 
        {
            "champName": "Ezreal", 
            "downvotes": "59", 
            "upvotes": "704"
        }, 
        {
            "champName": "Blitzcrank", 
            "downvotes": "26", 
            "upvotes": "360"
        }, 
        {
            "champName": "Corki", 
            "downvotes": "19", 
            "upvotes": "248"
        }, 
        {
            "champName": "Graves", 
            "downvotes": "75", 
            "upvotes": "524"
        }, 
        {
            "champName": "Vayne", 
            "downvotes": "326", 
            "upvotes": "1558"
        }, 
        {
            "champName": "Jinx", 
            "downvotes": "190", 
            "upvotes": "925"
        }, 
        {
            "champName": "Caitlyn", 
            "downvotes": "243", 
            "upvotes": "1109"
        }, 
        {
            "champName": "Sivir", 
            "downvotes": "87", 
            "upvotes": "416"
        }, 
        {
            "champName": "Lucian", 
            "downvotes": "292", 
            "upvotes": "1196"
        }
    ]
}