{
    "ChampionName": {
        "lower": "thresh", 
        "pretty": "Thresh"
    }, 
    "WeakAgainst": [
        {
            "champName": "Lulu", 
            "downvotes": "538", 
            "upvotes": "1593"
        }, 
        {
            "champName": "Morgana", 
            "downvotes": "201", 
            "upvotes": "613"
        }, 
        {
            "champName": "Alistar", 
            "downvotes": "662", 
            "upvotes": "1703"
        }, 
        {
            "champName": "Annie", 
            "downvotes": "63", 
            "upvotes": "187"
        }, 
        {
            "champName": "Lucian", 
            "downvotes": "589", 
            "upvotes": "1137"
        }, 
        {
            "champName": "Sivir", 
            "downvotes": "210", 
            "upvotes": "438"
        }, 
        {
            "champName": "Morgana", 
            "downvotes": "236", 
            "upvotes": "466"
        }, 
        {
            "champName": "Zyra", 
            "downvotes": "289", 
            "upvotes": "534"
        }, 
        {
            "champName": "Janna", 
            "downvotes": "345", 
            "upvotes": "610"
        }, 
        {
            "champName": "Aatrox", 
            "downvotes": "14", 
            "upvotes": "79"
        }
    ], 
    "StrongAgainst": [
        {
            "champName": "Blitzcrank", 
            "downvotes": "807", 
            "upvotes": "2176"
        }, 
        {
            "champName": "Draven", 
            "downvotes": "517", 
            "upvotes": "1356"
        }, 
        {
            "champName": "Sona", 
            "downvotes": "420", 
            "upvotes": "794"
        }, 
        {
            "champName": "Leona", 
            "downvotes": "776", 
            "upvotes": "1193"
        }, 
        {
            "champName": "Caitlyn", 
            "downvotes": "513", 
            "upvotes": "789"
        }, 
        {
            "champName": "Jarvan IV", 
            "downvotes": "144", 
            "upvotes": "236"
        }, 
        {
            "champName": "Katarina", 
            "downvotes": "121", 
            "upvotes": "194"
        }, 
        {
            "champName": "Miss Fortune", 
            "downvotes": "333", 
            "upvotes": "436"
        }, 
        {
            "champName": "Varus", 
            "downvotes": "285", 
            "upvotes": "372"
        }, 
        {
            "champName": "Soraka", 
            "downvotes": "158", 
            "upvotes": "218"
        }
    ], 
    "ChampionImageLocation": "http://www.solomid.net/guide/champ/thresh.png", 
    "GoodWith": [
        {
            "champName": "Ashe", 
            "downvotes": "20", 
            "upvotes": "419"
        }, 
        {
            "champName": "Ezreal", 
            "downvotes": "59", 
            "upvotes": "706"
        }, 
        {
            "champName": "Blitzcrank", 
            "downvotes": "28", 
            "upvotes": "361"
        }, 
        {
            "champName": "Corki", 
            "downvotes": "19", 
            "upvotes": "248"
        }, 
        {
            "champName": "Graves", 
            "downvotes": "75", 
            "upvotes": "524"
        }, 
        {
            "champName": "Vayne", 
            "downvotes": "325", 
            "upvotes": "1565"
        }, 
        {
            "champName": "Jinx", 
            "downvotes": "192", 
            "upvotes": "928"
        }, 
        {
            "champName": "Caitlyn", 
            "downvotes": "243", 
            "upvotes": "1111"
        }, 
        {
            "champName": "Sivir", 
            "downvotes": "87", 
            "upvotes": "418"
        }, 
        {
            "champName": "Lucian", 
            "downvotes": "294", 
            "upvotes": "1203"
        }
    ]
}