{
    "ChampionName": {
        "lower": "thresh", 
        "pretty": "Thresh"
    }, 
    "WeakAgainst": [
        {
            "champName": "Lulu", 
            "downvotes": "543", 
            "upvotes": "1602"
        }, 
        {
            "champName": "Morgana", 
            "downvotes": "201", 
            "upvotes": "616"
        }, 
        {
            "champName": "Alistar", 
            "downvotes": "664", 
            "upvotes": "1705"
        }, 
        {
            "champName": "Lucian", 
            "downvotes": "592", 
            "upvotes": "1143"
        }, 
        {
            "champName": "Annie", 
            "downvotes": "64", 
            "upvotes": "187"
        }, 
        {
            "champName": "Sivir", 
            "downvotes": "211", 
            "upvotes": "442"
        }, 
        {
            "champName": "Morgana", 
            "downvotes": "236", 
            "upvotes": "466"
        }, 
        {
            "champName": "Zyra", 
            "downvotes": "290", 
            "upvotes": "534"
        }, 
        {
            "champName": "Janna", 
            "downvotes": "345", 
            "upvotes": "611"
        }, 
        {
            "champName": "Aatrox", 
            "downvotes": "14", 
            "upvotes": "80"
        }
    ], 
    "StrongAgainst": [
        {
            "champName": "Blitzcrank", 
            "downvotes": "808", 
            "upvotes": "2179"
        }, 
        {
            "champName": "Draven", 
            "downvotes": "518", 
            "upvotes": "1359"
        }, 
        {
            "champName": "Sona", 
            "downvotes": "420", 
            "upvotes": "795"
        }, 
        {
            "champName": "Leona", 
            "downvotes": "783", 
            "upvotes": "1197"
        }, 
        {
            "champName": "Caitlyn", 
            "downvotes": "513", 
            "upvotes": "789"
        }, 
        {
            "champName": "Jarvan IV", 
            "downvotes": "144", 
            "upvotes": "236"
        }, 
        {
            "champName": "Katarina", 
            "downvotes": "120", 
            "upvotes": "195"
        }, 
        {
            "champName": "Miss Fortune", 
            "downvotes": "334", 
            "upvotes": "436"
        }, 
        {
            "champName": "Varus", 
            "downvotes": "285", 
            "upvotes": "372"
        }, 
        {
            "champName": "Soraka", 
            "downvotes": "159", 
            "upvotes": "219"
        }
    ], 
    "ChampionImageLocation": "http://www.solomid.net/guide/champ/thresh.png", 
    "GoodWith": [
        {
            "champName": "Ashe", 
            "downvotes": "19", 
            "upvotes": "420"
        }, 
        {
            "champName": "Ezreal", 
            "downvotes": "59", 
            "upvotes": "708"
        }, 
        {
            "champName": "Blitzcrank", 
            "downvotes": "26", 
            "upvotes": "363"
        }, 
        {
            "champName": "Corki", 
            "downvotes": "19", 
            "upvotes": "248"
        }, 
        {
            "champName": "Graves", 
            "downvotes": "75", 
            "upvotes": "524"
        }, 
        {
            "champName": "Vayne", 
            "downvotes": "326", 
            "upvotes": "1564"
        }, 
        {
            "champName": "Jinx", 
            "downvotes": "192", 
            "upvotes": "930"
        }, 
        {
            "champName": "Caitlyn", 
            "downvotes": "243", 
            "upvotes": "1113"
        }, 
        {
            "champName": "Sivir", 
            "downvotes": "88", 
            "upvotes": "418"
        }, 
        {
            "champName": "Lucian", 
            "downvotes": "296", 
            "upvotes": "1205"
        }
    ]
}