{
    "ChampionName": {
        "lower": "tristana", 
        "pretty": "Tristana"
    }, 
    "WeakAgainst": [
        {
            "champName": "Corki", 
            "downvotes": "1014", 
            "upvotes": "2656"
        }, 
        {
            "champName": "Diana", 
            "downvotes": "316", 
            "upvotes": "725"
        }, 
        {
            "champName": "Draven", 
            "downvotes": "1050", 
            "upvotes": "2081"
        }, 
        {
            "champName": "Caitlyn", 
            "downvotes": "1580", 
            "upvotes": "1977"
        }, 
        {
            "champName": "Sivir", 
            "downvotes": "340", 
            "upvotes": "461"
        }, 
        {
            "champName": "Twitch", 
            "downvotes": "298", 
            "upvotes": "373"
        }, 
        {
            "champName": "Lux", 
            "downvotes": "188", 
            "upvotes": "248"
        }, 
        {
            "champName": "Kog'Maw", 
            "downvotes": "202", 
            "upvotes": "260"
        }, 
        {
            "champName": "Talon", 
            "downvotes": "162", 
            "upvotes": "212"
        }, 
        {
            "champName": "Caitlyn", 
            "downvotes": "235", 
            "upvotes": "285"
        }
    ], 
    "StrongAgainst": [
        {
            "champName": "Miss Fortune", 
            "downvotes": "1857", 
            "upvotes": "5275"
        }, 
        {
            "champName": "Jinx", 
            "downvotes": "45", 
            "upvotes": "186"
        }, 
        {
            "champName": "Caitlyn", 
            "downvotes": "2160", 
            "upvotes": "4267"
        }, 
        {
            "champName": "Vayne", 
            "downvotes": "1023", 
            "upvotes": "2005"
        }, 
        {
            "champName": "Jinx", 
            "downvotes": "545", 
            "upvotes": "1042"
        }, 
        {
            "champName": "Soraka", 
            "downvotes": "323", 
            "upvotes": "626"
        }, 
        {
            "champName": "Katarina", 
            "downvotes": "186", 
            "upvotes": "389"
        }, 
        {
            "champName": "Dr. Mundo", 
            "downvotes": "410", 
            "upvotes": "760"
        }, 
        {
            "champName": "Varus", 
            "downvotes": "1264", 
            "upvotes": "2179"
        }, 
        {
            "champName": "Ezreal", 
            "downvotes": "950", 
            "upvotes": "1617"
        }
    ], 
    "ChampionImageLocation": "http://www.solomid.net/guide/champ/tristana.png", 
    "GoodWith": [
        {
            "champName": "Sona", 
            "downvotes": "25", 
            "upvotes": "214"
        }, 
        {
            "champName": "Nami", 
            "downvotes": "26", 
            "upvotes": "202"
        }, 
        {
            "champName": "Janna", 
            "downvotes": "32", 
            "upvotes": "187"
        }, 
        {
            "champName": "Leona", 
            "downvotes": "404", 
            "upvotes": "1347"
        }, 
        {
            "champName": "Thresh", 
            "downvotes": "198", 
            "upvotes": "658"
        }, 
        {
            "champName": "Lulu", 
            "downvotes": "103", 
            "upvotes": "358"
        }, 
        {
            "champName": "Soraka", 
            "downvotes": "29", 
            "upvotes": "116"
        }, 
        {
            "champName": "Nunu", 
            "downvotes": "123", 
            "upvotes": "323"
        }, 
        {
            "champName": "Taric", 
            "downvotes": "283", 
            "upvotes": "666"
        }, 
        {
            "champName": "Zyra", 
            "downvotes": "7", 
            "upvotes": "56"
        }
    ]
}