{
    "ChampionName": {
        "lower": "tristana", 
        "pretty": "Tristana"
    }, 
    "WeakAgainst": [
        {
            "champName": "Corki", 
            "downvotes": "1011", 
            "upvotes": "2651"
        }, 
        {
            "champName": "Diana", 
            "downvotes": "316", 
            "upvotes": "722"
        }, 
        {
            "champName": "Draven", 
            "downvotes": "1049", 
            "upvotes": "2074"
        }, 
        {
            "champName": "Caitlyn", 
            "downvotes": "1574", 
            "upvotes": "1969"
        }, 
        {
            "champName": "Sivir", 
            "downvotes": "341", 
            "upvotes": "454"
        }, 
        {
            "champName": "Twitch", 
            "downvotes": "296", 
            "upvotes": "370"
        }, 
        {
            "champName": "Lux", 
            "downvotes": "188", 
            "upvotes": "248"
        }, 
        {
            "champName": "Kog'Maw", 
            "downvotes": "201", 
            "upvotes": "259"
        }, 
        {
            "champName": "Caitlyn", 
            "downvotes": "233", 
            "upvotes": "286"
        }, 
        {
            "champName": "Talon", 
            "downvotes": "163", 
            "upvotes": "210"
        }
    ], 
    "StrongAgainst": [
        {
            "champName": "Miss Fortune", 
            "downvotes": "1850", 
            "upvotes": "5267"
        }, 
        {
            "champName": "Jinx", 
            "downvotes": "42", 
            "upvotes": "176"
        }, 
        {
            "champName": "Caitlyn", 
            "downvotes": "2151", 
            "upvotes": "4248"
        }, 
        {
            "champName": "Vayne", 
            "downvotes": "1023", 
            "upvotes": "1996"
        }, 
        {
            "champName": "Jinx", 
            "downvotes": "541", 
            "upvotes": "1037"
        }, 
        {
            "champName": "Soraka", 
            "downvotes": "323", 
            "upvotes": "623"
        }, 
        {
            "champName": "Katarina", 
            "downvotes": "186", 
            "upvotes": "386"
        }, 
        {
            "champName": "Dr. Mundo", 
            "downvotes": "410", 
            "upvotes": "759"
        }, 
        {
            "champName": "Varus", 
            "downvotes": "1258", 
            "upvotes": "2172"
        }, 
        {
            "champName": "Ezreal", 
            "downvotes": "947", 
            "upvotes": "1609"
        }
    ], 
    "ChampionImageLocation": "http://www.solomid.net/guide/champ/tristana.png", 
    "GoodWith": [
        {
            "champName": "Sona", 
            "downvotes": "25", 
            "upvotes": "214"
        }, 
        {
            "champName": "Nami", 
            "downvotes": "26", 
            "upvotes": "202"
        }, 
        {
            "champName": "Janna", 
            "downvotes": "31", 
            "upvotes": "188"
        }, 
        {
            "champName": "Leona", 
            "downvotes": "402", 
            "upvotes": "1344"
        }, 
        {
            "champName": "Thresh", 
            "downvotes": "197", 
            "upvotes": "656"
        }, 
        {
            "champName": "Lulu", 
            "downvotes": "102", 
            "upvotes": "358"
        }, 
        {
            "champName": "Soraka", 
            "downvotes": "29", 
            "upvotes": "116"
        }, 
        {
            "champName": "Nunu", 
            "downvotes": "123", 
            "upvotes": "323"
        }, 
        {
            "champName": "Taric", 
            "downvotes": "283", 
            "upvotes": "665"
        }, 
        {
            "champName": "Aatrox", 
            "downvotes": "15", 
            "upvotes": "72"
        }
    ]
}