{
    "ChampionName": {
        "lower": "tristana", 
        "pretty": "Tristana"
    }, 
    "WeakAgainst": [
        {
            "champName": "Corki", 
            "downvotes": "1014", 
            "upvotes": "2654"
        }, 
        {
            "champName": "Diana", 
            "downvotes": "316", 
            "upvotes": "724"
        }, 
        {
            "champName": "Draven", 
            "downvotes": "1051", 
            "upvotes": "2077"
        }, 
        {
            "champName": "Caitlyn", 
            "downvotes": "1577", 
            "upvotes": "1973"
        }, 
        {
            "champName": "Sivir", 
            "downvotes": "341", 
            "upvotes": "455"
        }, 
        {
            "champName": "Twitch", 
            "downvotes": "299", 
            "upvotes": "371"
        }, 
        {
            "champName": "Lux", 
            "downvotes": "188", 
            "upvotes": "248"
        }, 
        {
            "champName": "Kog'Maw", 
            "downvotes": "201", 
            "upvotes": "260"
        }, 
        {
            "champName": "Talon", 
            "downvotes": "162", 
            "upvotes": "211"
        }, 
        {
            "champName": "Caitlyn", 
            "downvotes": "235", 
            "upvotes": "285"
        }
    ], 
    "StrongAgainst": [
        {
            "champName": "Miss Fortune", 
            "downvotes": "1853", 
            "upvotes": "5271"
        }, 
        {
            "champName": "Jinx", 
            "downvotes": "43", 
            "upvotes": "182"
        }, 
        {
            "champName": "Caitlyn", 
            "downvotes": "2156", 
            "upvotes": "4261"
        }, 
        {
            "champName": "Vayne", 
            "downvotes": "1023", 
            "upvotes": "2000"
        }, 
        {
            "champName": "Jinx", 
            "downvotes": "544", 
            "upvotes": "1040"
        }, 
        {
            "champName": "Soraka", 
            "downvotes": "323", 
            "upvotes": "625"
        }, 
        {
            "champName": "Katarina", 
            "downvotes": "186", 
            "upvotes": "387"
        }, 
        {
            "champName": "Dr. Mundo", 
            "downvotes": "411", 
            "upvotes": "758"
        }, 
        {
            "champName": "Varus", 
            "downvotes": "1261", 
            "upvotes": "2176"
        }, 
        {
            "champName": "Ezreal", 
            "downvotes": "948", 
            "upvotes": "1615"
        }
    ], 
    "ChampionImageLocation": "http://www.solomid.net/guide/champ/tristana.png", 
    "GoodWith": [
        {
            "champName": "Sona", 
            "downvotes": "25", 
            "upvotes": "214"
        }, 
        {
            "champName": "Nami", 
            "downvotes": "27", 
            "upvotes": "201"
        }, 
        {
            "champName": "Janna", 
            "downvotes": "31", 
            "upvotes": "188"
        }, 
        {
            "champName": "Leona", 
            "downvotes": "402", 
            "upvotes": "1347"
        }, 
        {
            "champName": "Thresh", 
            "downvotes": "199", 
            "upvotes": "655"
        }, 
        {
            "champName": "Lulu", 
            "downvotes": "102", 
            "upvotes": "359"
        }, 
        {
            "champName": "Soraka", 
            "downvotes": "28", 
            "upvotes": "117"
        }, 
        {
            "champName": "Nunu", 
            "downvotes": "122", 
            "upvotes": "324"
        }, 
        {
            "champName": "Taric", 
            "downvotes": "284", 
            "upvotes": "665"
        }, 
        {
            "champName": "Aatrox", 
            "downvotes": "14", 
            "upvotes": "73"
        }
    ]
}