{
    "ChampionName": {
        "lower": "trundle", 
        "pretty": "Trundle"
    }, 
    "WeakAgainst": [
        {
            "champName": "Sona", 
            "downvotes": "1034", 
            "upvotes": "2714"
        }, 
        {
            "champName": "Teemo", 
            "downvotes": "323", 
            "upvotes": "585"
        }, 
        {
            "champName": "Jax", 
            "downvotes": "272", 
            "upvotes": "496"
        }, 
        {
            "champName": "Pantheon", 
            "downvotes": "185", 
            "upvotes": "304"
        }, 
        {
            "champName": "Kennen", 
            "downvotes": "317", 
            "upvotes": "482"
        }, 
        {
            "champName": "Ahri", 
            "downvotes": "191", 
            "upvotes": "290"
        }, 
        {
            "champName": "Aatrox", 
            "downvotes": "42", 
            "upvotes": "97"
        }, 
        {
            "champName": "Heimerdinger", 
            "downvotes": "197", 
            "upvotes": "262"
        }, 
        {
            "champName": "Garen", 
            "downvotes": "106", 
            "upvotes": "156"
        }, 
        {
            "champName": "Jayce", 
            "downvotes": "154", 
            "upvotes": "192"
        }
    ], 
    "StrongAgainst": [
        {
            "champName": "Lee Sin", 
            "downvotes": "1245", 
            "upvotes": "3973"
        }, 
        {
            "champName": "Dr. Mundo", 
            "downvotes": "192", 
            "upvotes": "707"
        }, 
        {
            "champName": "Nasus", 
            "downvotes": "217", 
            "upvotes": "475"
        }, 
        {
            "champName": "Rammus", 
            "downvotes": "376", 
            "upvotes": "755"
        }, 
        {
            "champName": "Renekton", 
            "downvotes": "614", 
            "upvotes": "1181"
        }, 
        {
            "champName": "Riven", 
            "downvotes": "234", 
            "upvotes": "469"
        }, 
        {
            "champName": "Yorick", 
            "downvotes": "1092", 
            "upvotes": "1936"
        }, 
        {
            "champName": "Udyr", 
            "downvotes": "444", 
            "upvotes": "715"
        }, 
        {
            "champName": "Jax", 
            "downvotes": "256", 
            "upvotes": "431"
        }, 
        {
            "champName": "Shyvana", 
            "downvotes": "143", 
            "upvotes": "259"
        }
    ], 
    "ChampionImageLocation": "http://www.solomid.net/guide/champ/trundle.png", 
    "GoodWith": [
        {
            "champName": "Lissandra", 
            "downvotes": "240", 
            "upvotes": "335"
        }, 
        {
            "champName": "Anivia", 
            "downvotes": "298", 
            "upvotes": "401"
        }, 
        {
            "champName": "Vayne", 
            "downvotes": "89", 
            "upvotes": "125"
        }, 
        {
            "champName": "Blitzcrank", 
            "downvotes": "122", 
            "upvotes": "149"
        }, 
        {
            "champName": "Aatrox", 
            "downvotes": "30", 
            "upvotes": "51"
        }, 
        {
            "champName": "Yasuo", 
            "downvotes": "12", 
            "upvotes": "32"
        }, 
        {
            "champName": "Jarvan IV", 
            "downvotes": "70", 
            "upvotes": "88"
        }, 
        {
            "champName": "Nidalee", 
            "downvotes": "146", 
            "upvotes": "153"
        }, 
        {
            "champName": "Darius", 
            "downvotes": "48", 
            "upvotes": "59"
        }, 
        {
            "champName": "Nunu", 
            "downvotes": "64", 
            "upvotes": "66"
        }
    ]
}