{
    "ChampionName": {
        "lower": "trundle", 
        "pretty": "Trundle"
    }, 
    "WeakAgainst": [
        {
            "champName": "Sona", 
            "downvotes": "1041", 
            "upvotes": "2740"
        }, 
        {
            "champName": "Teemo", 
            "downvotes": "325", 
            "upvotes": "588"
        }, 
        {
            "champName": "Jax", 
            "downvotes": "278", 
            "upvotes": "500"
        }, 
        {
            "champName": "Kennen", 
            "downvotes": "320", 
            "upvotes": "485"
        }, 
        {
            "champName": "Pantheon", 
            "downvotes": "189", 
            "upvotes": "307"
        }, 
        {
            "champName": "Ahri", 
            "downvotes": "192", 
            "upvotes": "292"
        }, 
        {
            "champName": "Aatrox", 
            "downvotes": "42", 
            "upvotes": "98"
        }, 
        {
            "champName": "Heimerdinger", 
            "downvotes": "198", 
            "upvotes": "263"
        }, 
        {
            "champName": "Garen", 
            "downvotes": "110", 
            "upvotes": "161"
        }, 
        {
            "champName": "Jayce", 
            "downvotes": "157", 
            "upvotes": "195"
        }
    ], 
    "StrongAgainst": [
        {
            "champName": "Lee Sin", 
            "downvotes": "1252", 
            "upvotes": "3987"
        }, 
        {
            "champName": "Dr. Mundo", 
            "downvotes": "193", 
            "upvotes": "712"
        }, 
        {
            "champName": "Nasus", 
            "downvotes": "217", 
            "upvotes": "479"
        }, 
        {
            "champName": "Renekton", 
            "downvotes": "622", 
            "upvotes": "1205"
        }, 
        {
            "champName": "Rammus", 
            "downvotes": "377", 
            "upvotes": "757"
        }, 
        {
            "champName": "Yorick", 
            "downvotes": "1094", 
            "upvotes": "1943"
        }, 
        {
            "champName": "Riven", 
            "downvotes": "238", 
            "upvotes": "472"
        }, 
        {
            "champName": "Udyr", 
            "downvotes": "443", 
            "upvotes": "719"
        }, 
        {
            "champName": "Shyvana", 
            "downvotes": "145", 
            "upvotes": "269"
        }, 
        {
            "champName": "Jax", 
            "downvotes": "259", 
            "upvotes": "431"
        }
    ], 
    "ChampionImageLocation": "http://www.solomid.net/guide/champ/trundle.png", 
    "GoodWith": [
        {
            "champName": "Lissandra", 
            "downvotes": "242", 
            "upvotes": "336"
        }, 
        {
            "champName": "Anivia", 
            "downvotes": "299", 
            "upvotes": "403"
        }, 
        {
            "champName": "Vayne", 
            "downvotes": "90", 
            "upvotes": "125"
        }, 
        {
            "champName": "Blitzcrank", 
            "downvotes": "122", 
            "upvotes": "153"
        }, 
        {
            "champName": "Aatrox", 
            "downvotes": "30", 
            "upvotes": "52"
        }, 
        {
            "champName": "Yasuo", 
            "downvotes": "13", 
            "upvotes": "33"
        }, 
        {
            "champName": "Jarvan IV", 
            "downvotes": "70", 
            "upvotes": "88"
        }, 
        {
            "champName": "Nidalee", 
            "downvotes": "146", 
            "upvotes": "153"
        }, 
        {
            "champName": "Darius", 
            "downvotes": "48", 
            "upvotes": "59"
        }, 
        {
            "champName": "Nunu", 
            "downvotes": "63", 
            "upvotes": "67"
        }
    ]
}