{
    "ChampionName": {
        "lower": "trundle", 
        "pretty": "Trundle"
    }, 
    "WeakAgainst": [
        {
            "champName": "Sona", 
            "downvotes": "1038", 
            "upvotes": "2726"
        }, 
        {
            "champName": "Teemo", 
            "downvotes": "323", 
            "upvotes": "586"
        }, 
        {
            "champName": "Jax", 
            "downvotes": "276", 
            "upvotes": "499"
        }, 
        {
            "champName": "Pantheon", 
            "downvotes": "186", 
            "upvotes": "306"
        }, 
        {
            "champName": "Kennen", 
            "downvotes": "318", 
            "upvotes": "483"
        }, 
        {
            "champName": "Ahri", 
            "downvotes": "193", 
            "upvotes": "290"
        }, 
        {
            "champName": "Aatrox", 
            "downvotes": "42", 
            "upvotes": "97"
        }, 
        {
            "champName": "Heimerdinger", 
            "downvotes": "197", 
            "upvotes": "263"
        }, 
        {
            "champName": "Garen", 
            "downvotes": "108", 
            "upvotes": "159"
        }, 
        {
            "champName": "Jayce", 
            "downvotes": "155", 
            "upvotes": "194"
        }
    ], 
    "StrongAgainst": [
        {
            "champName": "Lee Sin", 
            "downvotes": "1249", 
            "upvotes": "3978"
        }, 
        {
            "champName": "Dr. Mundo", 
            "downvotes": "193", 
            "upvotes": "709"
        }, 
        {
            "champName": "Nasus", 
            "downvotes": "217", 
            "upvotes": "479"
        }, 
        {
            "champName": "Renekton", 
            "downvotes": "620", 
            "upvotes": "1198"
        }, 
        {
            "champName": "Rammus", 
            "downvotes": "377", 
            "upvotes": "756"
        }, 
        {
            "champName": "Yorick", 
            "downvotes": "1095", 
            "upvotes": "1939"
        }, 
        {
            "champName": "Riven", 
            "downvotes": "237", 
            "upvotes": "470"
        }, 
        {
            "champName": "Udyr", 
            "downvotes": "444", 
            "upvotes": "716"
        }, 
        {
            "champName": "Jax", 
            "downvotes": "256", 
            "upvotes": "431"
        }, 
        {
            "champName": "Shyvana", 
            "downvotes": "144", 
            "upvotes": "263"
        }
    ], 
    "ChampionImageLocation": "http://www.solomid.net/guide/champ/trundle.png", 
    "GoodWith": [
        {
            "champName": "Lissandra", 
            "downvotes": "241", 
            "upvotes": "336"
        }, 
        {
            "champName": "Anivia", 
            "downvotes": "298", 
            "upvotes": "403"
        }, 
        {
            "champName": "Vayne", 
            "downvotes": "89", 
            "upvotes": "126"
        }, 
        {
            "champName": "Aatrox", 
            "downvotes": "29", 
            "upvotes": "52"
        }, 
        {
            "champName": "Blitzcrank", 
            "downvotes": "123", 
            "upvotes": "150"
        }, 
        {
            "champName": "Yasuo", 
            "downvotes": "13", 
            "upvotes": "33"
        }, 
        {
            "champName": "Jarvan IV", 
            "downvotes": "70", 
            "upvotes": "88"
        }, 
        {
            "champName": "Nidalee", 
            "downvotes": "146", 
            "upvotes": "153"
        }, 
        {
            "champName": "Darius", 
            "downvotes": "48", 
            "upvotes": "59"
        }, 
        {
            "champName": "Nunu", 
            "downvotes": "63", 
            "upvotes": "67"
        }
    ]
}