{
    "ChampionName": {
        "lower": "tryndamere", 
        "pretty": "Tryndamere"
    }, 
    "WeakAgainst": [
        {
            "champName": "Teemo", 
            "downvotes": "2341", 
            "upvotes": "8684"
        }, 
        {
            "champName": "Rammus", 
            "downvotes": "485", 
            "upvotes": "1454"
        }, 
        {
            "champName": "Jax", 
            "downvotes": "1701", 
            "upvotes": "3673"
        }, 
        {
            "champName": "Pantheon", 
            "downvotes": "548", 
            "upvotes": "1075"
        }, 
        {
            "champName": "Renekton", 
            "downvotes": "755", 
            "upvotes": "1435"
        }, 
        {
            "champName": "Malphite", 
            "downvotes": "1137", 
            "upvotes": "2099"
        }, 
        {
            "champName": "Darius", 
            "downvotes": "83", 
            "upvotes": "215"
        }, 
        {
            "champName": "Aatrox", 
            "downvotes": "98", 
            "upvotes": "240"
        }, 
        {
            "champName": "Lee Sin", 
            "downvotes": "394", 
            "upvotes": "744"
        }, 
        {
            "champName": "Riven", 
            "downvotes": "150", 
            "upvotes": "324"
        }
    ], 
    "StrongAgainst": [
        {
            "champName": "Yasuo", 
            "downvotes": "337", 
            "upvotes": "889"
        }, 
        {
            "champName": "Aatrox", 
            "downvotes": "837", 
            "upvotes": "1590"
        }, 
        {
            "champName": "Zed", 
            "downvotes": "397", 
            "upvotes": "764"
        }, 
        {
            "champName": "Master Yi", 
            "downvotes": "294", 
            "upvotes": "463"
        }, 
        {
            "champName": "Kha'Zix", 
            "downvotes": "574", 
            "upvotes": "830"
        }, 
        {
            "champName": "Darius", 
            "downvotes": "1201", 
            "upvotes": "1654"
        }, 
        {
            "champName": "Aatrox", 
            "downvotes": "191", 
            "upvotes": "306"
        }, 
        {
            "champName": "Riven", 
            "downvotes": "617", 
            "upvotes": "854"
        }, 
        {
            "champName": "Irelia", 
            "downvotes": "68", 
            "upvotes": "139"
        }, 
        {
            "champName": "Renekton", 
            "downvotes": "74", 
            "upvotes": "144"
        }
    ], 
    "ChampionImageLocation": "http://www.solomid.net/guide/champ/tryndamere.png", 
    "GoodWith": [
        {
            "champName": "Ashe", 
            "downvotes": "192", 
            "upvotes": "336"
        }, 
        {
            "champName": "Aatrox", 
            "downvotes": "457", 
            "upvotes": "726"
        }, 
        {
            "champName": "Zilean", 
            "downvotes": "321", 
            "upvotes": "495"
        }, 
        {
            "champName": "Kayle", 
            "downvotes": "334", 
            "upvotes": "492"
        }, 
        {
            "champName": "Nunu", 
            "downvotes": "63", 
            "upvotes": "109"
        }, 
        {
            "champName": "Amumu", 
            "downvotes": "36", 
            "upvotes": "73"
        }, 
        {
            "champName": "Jax", 
            "downvotes": "7", 
            "upvotes": "33"
        }, 
        {
            "champName": "Blitzcrank", 
            "downvotes": "195", 
            "upvotes": "244"
        }, 
        {
            "champName": "Yorick", 
            "downvotes": "163", 
            "upvotes": "206"
        }, 
        {
            "champName": "Darius", 
            "downvotes": "25", 
            "upvotes": "50"
        }
    ]
}