{
    "ChampionName": {
        "lower": "tryndamere", 
        "pretty": "Tryndamere"
    }, 
    "WeakAgainst": [
        {
            "champName": "Teemo", 
            "downvotes": "2334", 
            "upvotes": "8654"
        }, 
        {
            "champName": "Rammus", 
            "downvotes": "487", 
            "upvotes": "1450"
        }, 
        {
            "champName": "Jax", 
            "downvotes": "1691", 
            "upvotes": "3660"
        }, 
        {
            "champName": "Pantheon", 
            "downvotes": "546", 
            "upvotes": "1069"
        }, 
        {
            "champName": "Renekton", 
            "downvotes": "751", 
            "upvotes": "1423"
        }, 
        {
            "champName": "Malphite", 
            "downvotes": "1130", 
            "upvotes": "2091"
        }, 
        {
            "champName": "Aatrox", 
            "downvotes": "96", 
            "upvotes": "239"
        }, 
        {
            "champName": "Darius", 
            "downvotes": "81", 
            "upvotes": "211"
        }, 
        {
            "champName": "Riven", 
            "downvotes": "150", 
            "upvotes": "323"
        }, 
        {
            "champName": "Lee Sin", 
            "downvotes": "396", 
            "upvotes": "736"
        }
    ], 
    "StrongAgainst": [
        {
            "champName": "Yasuo", 
            "downvotes": "333", 
            "upvotes": "880"
        }, 
        {
            "champName": "Aatrox", 
            "downvotes": "828", 
            "upvotes": "1586"
        }, 
        {
            "champName": "Zed", 
            "downvotes": "396", 
            "upvotes": "758"
        }, 
        {
            "champName": "Master Yi", 
            "downvotes": "288", 
            "upvotes": "455"
        }, 
        {
            "champName": "Kha'Zix", 
            "downvotes": "574", 
            "upvotes": "828"
        }, 
        {
            "champName": "Aatrox", 
            "downvotes": "189", 
            "upvotes": "306"
        }, 
        {
            "champName": "Darius", 
            "downvotes": "1197", 
            "upvotes": "1650"
        }, 
        {
            "champName": "Renekton", 
            "downvotes": "70", 
            "upvotes": "144"
        }, 
        {
            "champName": "Riven", 
            "downvotes": "615", 
            "upvotes": "852"
        }, 
        {
            "champName": "Irelia", 
            "downvotes": "68", 
            "upvotes": "139"
        }
    ], 
    "ChampionImageLocation": "http://www.solomid.net/guide/champ/tryndamere.png", 
    "GoodWith": [
        {
            "champName": "Ashe", 
            "downvotes": "189", 
            "upvotes": "338"
        }, 
        {
            "champName": "Aatrox", 
            "downvotes": "456", 
            "upvotes": "721"
        }, 
        {
            "champName": "Zilean", 
            "downvotes": "321", 
            "upvotes": "492"
        }, 
        {
            "champName": "Kayle", 
            "downvotes": "332", 
            "upvotes": "493"
        }, 
        {
            "champName": "Nunu", 
            "downvotes": "63", 
            "upvotes": "109"
        }, 
        {
            "champName": "Amumu", 
            "downvotes": "36", 
            "upvotes": "73"
        }, 
        {
            "champName": "Blitzcrank", 
            "downvotes": "192", 
            "upvotes": "246"
        }, 
        {
            "champName": "Jax", 
            "downvotes": "8", 
            "upvotes": "32"
        }, 
        {
            "champName": "Morgana", 
            "downvotes": "53", 
            "upvotes": "81"
        }, 
        {
            "champName": "Yorick", 
            "downvotes": "164", 
            "upvotes": "204"
        }
    ]
}