{
    "ChampionName": {
        "lower": "twistedfate", 
        "pretty": "Twisted Fate"
    }, 
    "WeakAgainst": [
        {
            "champName": "Fizz", 
            "downvotes": "1226", 
            "upvotes": "4177"
        }, 
        {
            "champName": "Diana", 
            "downvotes": "728", 
            "upvotes": "1840"
        }, 
        {
            "champName": "Nocturne", 
            "downvotes": "355", 
            "upvotes": "777"
        }, 
        {
            "champName": "LeBlanc", 
            "downvotes": "709", 
            "upvotes": "1465"
        }, 
        {
            "champName": "Yasuo", 
            "downvotes": "3", 
            "upvotes": "83"
        }, 
        {
            "champName": "Kassadin", 
            "downvotes": "528", 
            "upvotes": "1072"
        }, 
        {
            "champName": "Ahri", 
            "downvotes": "1036", 
            "upvotes": "1915"
        }, 
        {
            "champName": "Talon", 
            "downvotes": "230", 
            "upvotes": "466"
        }, 
        {
            "champName": "Yasuo", 
            "downvotes": "141", 
            "upvotes": "311"
        }, 
        {
            "champName": "Zed", 
            "downvotes": "501", 
            "upvotes": "901"
        }
    ], 
    "StrongAgainst": [
        {
            "champName": "Ryze", 
            "downvotes": "873", 
            "upvotes": "1298"
        }, 
        {
            "champName": "Lissandra", 
            "downvotes": "325", 
            "upvotes": "447"
        }, 
        {
            "champName": "Evelynn", 
            "downvotes": "533", 
            "upvotes": "666"
        }, 
        {
            "champName": "Evelynn", 
            "downvotes": "439", 
            "upvotes": "539"
        }, 
        {
            "champName": "Karthus", 
            "downvotes": "305", 
            "upvotes": "379"
        }, 
        {
            "champName": "Aatrox", 
            "downvotes": "127", 
            "upvotes": "180"
        }, 
        {
            "champName": "Karthus", 
            "downvotes": "225", 
            "upvotes": "244"
        }, 
        {
            "champName": "Katarina", 
            "downvotes": "346", 
            "upvotes": "354"
        }, 
        {
            "champName": "Fiddlesticks", 
            "downvotes": "169", 
            "upvotes": "186"
        }, 
        {
            "champName": "Teemo", 
            "downvotes": "141", 
            "upvotes": "158"
        }
    ], 
    "ChampionImageLocation": "http://www.solomid.net/guide/champ/twistedfate.png", 
    "GoodWith": [
        {
            "champName": "Nocturne", 
            "downvotes": "395", 
            "upvotes": "959"
        }, 
        {
            "champName": "Shen", 
            "downvotes": "426", 
            "upvotes": "855"
        }, 
        {
            "champName": "Gangplank", 
            "downvotes": "268", 
            "upvotes": "348"
        }, 
        {
            "champName": "Aatrox", 
            "downvotes": "36", 
            "upvotes": "61"
        }, 
        {
            "champName": "Taric", 
            "downvotes": "92", 
            "upvotes": "118"
        }, 
        {
            "champName": "Rammus", 
            "downvotes": "298", 
            "upvotes": "330"
        }, 
        {
            "champName": "Pantheon", 
            "downvotes": "186", 
            "upvotes": "212"
        }, 
        {
            "champName": "Ashe", 
            "downvotes": "65", 
            "upvotes": "87"
        }, 
        {
            "champName": "Caitlyn", 
            "downvotes": "8", 
            "upvotes": "28"
        }, 
        {
            "champName": "Blitzcrank", 
            "downvotes": "127", 
            "upvotes": "139"
        }
    ]
}