{
    "ChampionName": {
        "lower": "twistedfate", 
        "pretty": "Twisted Fate"
    }, 
    "WeakAgainst": [
        {
            "champName": "Fizz", 
            "downvotes": "1233", 
            "upvotes": "4194"
        }, 
        {
            "champName": "Diana", 
            "downvotes": "729", 
            "upvotes": "1844"
        }, 
        {
            "champName": "Nocturne", 
            "downvotes": "355", 
            "upvotes": "779"
        }, 
        {
            "champName": "Yasuo", 
            "downvotes": "5", 
            "upvotes": "88"
        }, 
        {
            "champName": "LeBlanc", 
            "downvotes": "712", 
            "upvotes": "1468"
        }, 
        {
            "champName": "Kassadin", 
            "downvotes": "528", 
            "upvotes": "1073"
        }, 
        {
            "champName": "Ahri", 
            "downvotes": "1038", 
            "upvotes": "1917"
        }, 
        {
            "champName": "Talon", 
            "downvotes": "230", 
            "upvotes": "468"
        }, 
        {
            "champName": "Yasuo", 
            "downvotes": "142", 
            "upvotes": "310"
        }, 
        {
            "champName": "Aatrox", 
            "downvotes": "29", 
            "upvotes": "115"
        }
    ], 
    "StrongAgainst": [
        {
            "champName": "Ryze", 
            "downvotes": "874", 
            "upvotes": "1300"
        }, 
        {
            "champName": "Lissandra", 
            "downvotes": "324", 
            "upvotes": "450"
        }, 
        {
            "champName": "Evelynn", 
            "downvotes": "532", 
            "upvotes": "667"
        }, 
        {
            "champName": "Evelynn", 
            "downvotes": "440", 
            "upvotes": "541"
        }, 
        {
            "champName": "Karthus", 
            "downvotes": "303", 
            "upvotes": "381"
        }, 
        {
            "champName": "Aatrox", 
            "downvotes": "128", 
            "upvotes": "179"
        }, 
        {
            "champName": "Karthus", 
            "downvotes": "223", 
            "upvotes": "246"
        }, 
        {
            "champName": "Katarina", 
            "downvotes": "345", 
            "upvotes": "355"
        }, 
        {
            "champName": "Fiddlesticks", 
            "downvotes": "170", 
            "upvotes": "186"
        }, 
        {
            "champName": "Teemo", 
            "downvotes": "142", 
            "upvotes": "160"
        }
    ], 
    "ChampionImageLocation": "http://www.solomid.net/guide/champ/twistedfate.png", 
    "GoodWith": [
        {
            "champName": "Nocturne", 
            "downvotes": "396", 
            "upvotes": "958"
        }, 
        {
            "champName": "Shen", 
            "downvotes": "425", 
            "upvotes": "857"
        }, 
        {
            "champName": "Gangplank", 
            "downvotes": "268", 
            "upvotes": "349"
        }, 
        {
            "champName": "Aatrox", 
            "downvotes": "35", 
            "upvotes": "62"
        }, 
        {
            "champName": "Caitlyn", 
            "downvotes": "7", 
            "upvotes": "29"
        }, 
        {
            "champName": "Ashe", 
            "downvotes": "64", 
            "upvotes": "88"
        }, 
        {
            "champName": "Rammus", 
            "downvotes": "299", 
            "upvotes": "331"
        }, 
        {
            "champName": "Taric", 
            "downvotes": "93", 
            "upvotes": "117"
        }, 
        {
            "champName": "Pantheon", 
            "downvotes": "187", 
            "upvotes": "211"
        }, 
        {
            "champName": "Blitzcrank", 
            "downvotes": "128", 
            "upvotes": "138"
        }
    ]
}