{
    "ChampionName": {
        "lower": "twitch", 
        "pretty": "Twitch"
    }, 
    "WeakAgainst": [
        {
            "champName": "Lee Sin", 
            "downvotes": "450", 
            "upvotes": "1173"
        }, 
        {
            "champName": "Corki", 
            "downvotes": "480", 
            "upvotes": "1003"
        }, 
        {
            "champName": "Sona", 
            "downvotes": "604", 
            "upvotes": "1204"
        }, 
        {
            "champName": "Caitlyn", 
            "downvotes": "1016", 
            "upvotes": "1819"
        }, 
        {
            "champName": "Draven", 
            "downvotes": "657", 
            "upvotes": "1106"
        }, 
        {
            "champName": "Quinn", 
            "downvotes": "259", 
            "upvotes": "432"
        }, 
        {
            "champName": "Jinx", 
            "downvotes": "382", 
            "upvotes": "558"
        }, 
        {
            "champName": "Varus", 
            "downvotes": "446", 
            "upvotes": "621"
        }, 
        {
            "champName": "Miss Fortune", 
            "downvotes": "472", 
            "upvotes": "648"
        }, 
        {
            "champName": "Tristana", 
            "downvotes": "110", 
            "upvotes": "183"
        }
    ], 
    "StrongAgainst": [
        {
            "champName": "Ezreal", 
            "downvotes": "832", 
            "upvotes": "1786"
        }, 
        {
            "champName": "Vayne", 
            "downvotes": "373", 
            "upvotes": "712"
        }, 
        {
            "champName": "Sivir", 
            "downvotes": "639", 
            "upvotes": "1109"
        }, 
        {
            "champName": "Vayne", 
            "downvotes": "580", 
            "upvotes": "963"
        }, 
        {
            "champName": "Ashe", 
            "downvotes": "555", 
            "upvotes": "923"
        }, 
        {
            "champName": "Jinx", 
            "downvotes": "108", 
            "upvotes": "208"
        }, 
        {
            "champName": "Tristana", 
            "downvotes": "298", 
            "upvotes": "373"
        }, 
        {
            "champName": "Lucian", 
            "downvotes": "214", 
            "upvotes": "272"
        }, 
        {
            "champName": "Jinx", 
            "downvotes": "176", 
            "upvotes": "225"
        }, 
        {
            "champName": "Quinn", 
            "downvotes": "255", 
            "upvotes": "305"
        }
    ], 
    "ChampionImageLocation": "http://www.solomid.net/guide/champ/twitch.png", 
    "GoodWith": [
        {
            "champName": "Lulu", 
            "downvotes": "25", 
            "upvotes": "124"
        }, 
        {
            "champName": "Nami", 
            "downvotes": "125", 
            "upvotes": "366"
        }, 
        {
            "champName": "Janna", 
            "downvotes": "45", 
            "upvotes": "149"
        }, 
        {
            "champName": "Teemo", 
            "downvotes": "35", 
            "upvotes": "113"
        }, 
        {
            "champName": "Taric", 
            "downvotes": "363", 
            "upvotes": "784"
        }, 
        {
            "champName": "Sona", 
            "downvotes": "107", 
            "upvotes": "246"
        }, 
        {
            "champName": "Shen", 
            "downvotes": "68", 
            "upvotes": "169"
        }, 
        {
            "champName": "Blitzcrank", 
            "downvotes": "155", 
            "upvotes": "335"
        }, 
        {
            "champName": "Soraka", 
            "downvotes": "17", 
            "upvotes": "69"
        }, 
        {
            "champName": "Leona", 
            "downvotes": "362", 
            "upvotes": "700"
        }
    ]
}