{
    "ChampionName": {
        "lower": "twitch", 
        "pretty": "Twitch"
    }, 
    "WeakAgainst": [
        {
            "champName": "Lee Sin", 
            "downvotes": "448", 
            "upvotes": "1172"
        }, 
        {
            "champName": "Corki", 
            "downvotes": "479", 
            "upvotes": "996"
        }, 
        {
            "champName": "Sona", 
            "downvotes": "603", 
            "upvotes": "1197"
        }, 
        {
            "champName": "Caitlyn", 
            "downvotes": "1010", 
            "upvotes": "1812"
        }, 
        {
            "champName": "Draven", 
            "downvotes": "657", 
            "upvotes": "1103"
        }, 
        {
            "champName": "Quinn", 
            "downvotes": "259", 
            "upvotes": "428"
        }, 
        {
            "champName": "Jinx", 
            "downvotes": "375", 
            "upvotes": "550"
        }, 
        {
            "champName": "Varus", 
            "downvotes": "443", 
            "upvotes": "616"
        }, 
        {
            "champName": "Miss Fortune", 
            "downvotes": "472", 
            "upvotes": "644"
        }, 
        {
            "champName": "Tristana", 
            "downvotes": "109", 
            "upvotes": "184"
        }
    ], 
    "StrongAgainst": [
        {
            "champName": "Ezreal", 
            "downvotes": "829", 
            "upvotes": "1779"
        }, 
        {
            "champName": "Vayne", 
            "downvotes": "371", 
            "upvotes": "709"
        }, 
        {
            "champName": "Sivir", 
            "downvotes": "638", 
            "upvotes": "1101"
        }, 
        {
            "champName": "Ashe", 
            "downvotes": "552", 
            "upvotes": "920"
        }, 
        {
            "champName": "Vayne", 
            "downvotes": "580", 
            "upvotes": "958"
        }, 
        {
            "champName": "Jinx", 
            "downvotes": "105", 
            "upvotes": "208"
        }, 
        {
            "champName": "Tristana", 
            "downvotes": "296", 
            "upvotes": "370"
        }, 
        {
            "champName": "Lucian", 
            "downvotes": "210", 
            "upvotes": "267"
        }, 
        {
            "champName": "Jinx", 
            "downvotes": "175", 
            "upvotes": "223"
        }, 
        {
            "champName": "Quinn", 
            "downvotes": "254", 
            "upvotes": "302"
        }
    ], 
    "ChampionImageLocation": "http://www.solomid.net/guide/champ/twitch.png", 
    "GoodWith": [
        {
            "champName": "Lulu", 
            "downvotes": "24", 
            "upvotes": "125"
        }, 
        {
            "champName": "Nami", 
            "downvotes": "124", 
            "upvotes": "365"
        }, 
        {
            "champName": "Janna", 
            "downvotes": "45", 
            "upvotes": "149"
        }, 
        {
            "champName": "Teemo", 
            "downvotes": "34", 
            "upvotes": "114"
        }, 
        {
            "champName": "Taric", 
            "downvotes": "361", 
            "upvotes": "785"
        }, 
        {
            "champName": "Blitzcrank", 
            "downvotes": "156", 
            "upvotes": "334"
        }, 
        {
            "champName": "Sona", 
            "downvotes": "109", 
            "upvotes": "244"
        }, 
        {
            "champName": "Shen", 
            "downvotes": "69", 
            "upvotes": "168"
        }, 
        {
            "champName": "Alistar", 
            "downvotes": "77", 
            "upvotes": "177"
        }, 
        {
            "champName": "Leona", 
            "downvotes": "365", 
            "upvotes": "694"
        }
    ]
}