{
    "ChampionName": {
        "lower": "udyr", 
        "pretty": "Udyr"
    }, 
    "WeakAgainst": [
        {
            "champName": "Ashe", 
            "downvotes": "796", 
            "upvotes": "1639"
        }, 
        {
            "champName": "Teemo", 
            "downvotes": "349", 
            "upvotes": "612"
        }, 
        {
            "champName": "Trundle", 
            "downvotes": "443", 
            "upvotes": "719"
        }, 
        {
            "champName": "Kayle", 
            "downvotes": "354", 
            "upvotes": "504"
        }, 
        {
            "champName": "Jax", 
            "downvotes": "274", 
            "upvotes": "389"
        }, 
        {
            "champName": "Elise", 
            "downvotes": "128", 
            "upvotes": "180"
        }, 
        {
            "champName": "Janna", 
            "downvotes": "206", 
            "upvotes": "251"
        }, 
        {
            "champName": "Vladimir", 
            "downvotes": "171", 
            "upvotes": "214"
        }, 
        {
            "champName": "Garen", 
            "downvotes": "86", 
            "upvotes": "125"
        }, 
        {
            "champName": "Aatrox", 
            "downvotes": "131", 
            "upvotes": "169"
        }
    ], 
    "StrongAgainst": [
        {
            "champName": "Lee Sin", 
            "downvotes": "817", 
            "upvotes": "2328"
        }, 
        {
            "champName": "Lee Sin", 
            "downvotes": "690", 
            "upvotes": "1888"
        }, 
        {
            "champName": "Irelia", 
            "downvotes": "680", 
            "upvotes": "1787"
        }, 
        {
            "champName": "Pantheon", 
            "downvotes": "599", 
            "upvotes": "1371"
        }, 
        {
            "champName": "Gangplank", 
            "downvotes": "442", 
            "upvotes": "991"
        }, 
        {
            "champName": "Galio", 
            "downvotes": "375", 
            "upvotes": "747"
        }, 
        {
            "champName": "Yasuo", 
            "downvotes": "12", 
            "upvotes": "91"
        }, 
        {
            "champName": "Nasus", 
            "downvotes": "29", 
            "upvotes": "107"
        }, 
        {
            "champName": "Riven", 
            "downvotes": "344", 
            "upvotes": "590"
        }, 
        {
            "champName": "Jax", 
            "downvotes": "17", 
            "upvotes": "75"
        }
    ], 
    "ChampionImageLocation": "http://www.solomid.net/guide/champ/udyr.png", 
    "GoodWith": [
        {
            "champName": "LeBlanc", 
            "downvotes": "375", 
            "upvotes": "526"
        }, 
        {
            "champName": "Janna", 
            "downvotes": "127", 
            "upvotes": "193"
        }, 
        {
            "champName": "Ryze", 
            "downvotes": "353", 
            "upvotes": "478"
        }, 
        {
            "champName": "Aatrox", 
            "downvotes": "89", 
            "upvotes": "137"
        }, 
        {
            "champName": "Amumu", 
            "downvotes": "97", 
            "upvotes": "137"
        }, 
        {
            "champName": "Blitzcrank", 
            "downvotes": "67", 
            "upvotes": "100"
        }, 
        {
            "champName": "Ahri", 
            "downvotes": "92", 
            "upvotes": "126"
        }, 
        {
            "champName": "Evelynn", 
            "downvotes": "112", 
            "upvotes": "129"
        }, 
        {
            "champName": "Gragas", 
            "downvotes": "118", 
            "upvotes": "131"
        }, 
        {
            "champName": "Lee Sin", 
            "downvotes": "83", 
            "upvotes": "96"
        }
    ]
}