{
    "ChampionName": {
        "lower": "udyr", 
        "pretty": "Udyr"
    }, 
    "WeakAgainst": [
        {
            "champName": "Ashe", 
            "downvotes": "794", 
            "upvotes": "1638"
        }, 
        {
            "champName": "Teemo", 
            "downvotes": "349", 
            "upvotes": "609"
        }, 
        {
            "champName": "Trundle", 
            "downvotes": "444", 
            "upvotes": "715"
        }, 
        {
            "champName": "Kayle", 
            "downvotes": "354", 
            "upvotes": "498"
        }, 
        {
            "champName": "Jax", 
            "downvotes": "271", 
            "upvotes": "388"
        }, 
        {
            "champName": "Elise", 
            "downvotes": "128", 
            "upvotes": "178"
        }, 
        {
            "champName": "Janna", 
            "downvotes": "205", 
            "upvotes": "251"
        }, 
        {
            "champName": "Vladimir", 
            "downvotes": "171", 
            "upvotes": "214"
        }, 
        {
            "champName": "Garen", 
            "downvotes": "85", 
            "upvotes": "124"
        }, 
        {
            "champName": "Aatrox", 
            "downvotes": "131", 
            "upvotes": "169"
        }
    ], 
    "StrongAgainst": [
        {
            "champName": "Lee Sin", 
            "downvotes": "814", 
            "upvotes": "2318"
        }, 
        {
            "champName": "Lee Sin", 
            "downvotes": "689", 
            "upvotes": "1877"
        }, 
        {
            "champName": "Irelia", 
            "downvotes": "679", 
            "upvotes": "1785"
        }, 
        {
            "champName": "Pantheon", 
            "downvotes": "598", 
            "upvotes": "1364"
        }, 
        {
            "champName": "Gangplank", 
            "downvotes": "442", 
            "upvotes": "989"
        }, 
        {
            "champName": "Yasuo", 
            "downvotes": "10", 
            "upvotes": "91"
        }, 
        {
            "champName": "Galio", 
            "downvotes": "375", 
            "upvotes": "746"
        }, 
        {
            "champName": "Nasus", 
            "downvotes": "29", 
            "upvotes": "106"
        }, 
        {
            "champName": "Riven", 
            "downvotes": "343", 
            "upvotes": "588"
        }, 
        {
            "champName": "Jax", 
            "downvotes": "16", 
            "upvotes": "73"
        }
    ], 
    "ChampionImageLocation": "http://www.solomid.net/guide/champ/udyr.png", 
    "GoodWith": [
        {
            "champName": "LeBlanc", 
            "downvotes": "373", 
            "upvotes": "524"
        }, 
        {
            "champName": "Janna", 
            "downvotes": "128", 
            "upvotes": "192"
        }, 
        {
            "champName": "Ryze", 
            "downvotes": "352", 
            "upvotes": "478"
        }, 
        {
            "champName": "Aatrox", 
            "downvotes": "88", 
            "upvotes": "138"
        }, 
        {
            "champName": "Amumu", 
            "downvotes": "97", 
            "upvotes": "137"
        }, 
        {
            "champName": "Ahri", 
            "downvotes": "91", 
            "upvotes": "127"
        }, 
        {
            "champName": "Blitzcrank", 
            "downvotes": "67", 
            "upvotes": "99"
        }, 
        {
            "champName": "Evelynn", 
            "downvotes": "112", 
            "upvotes": "129"
        }, 
        {
            "champName": "Gragas", 
            "downvotes": "119", 
            "upvotes": "130"
        }, 
        {
            "champName": "Lee Sin", 
            "downvotes": "83", 
            "upvotes": "96"
        }
    ]
}