{
    "ChampionName": {
        "lower": "urgot", 
        "pretty": "Urgot"
    }, 
    "WeakAgainst": [
        {
            "champName": "Soraka", 
            "downvotes": "371", 
            "upvotes": "729"
        }, 
        {
            "champName": "Sivir", 
            "downvotes": "277", 
            "upvotes": "420"
        }, 
        {
            "champName": "Nami", 
            "downvotes": "275", 
            "upvotes": "370"
        }, 
        {
            "champName": "Yasuo", 
            "downvotes": "51", 
            "upvotes": "104"
        }, 
        {
            "champName": "Thresh", 
            "downvotes": "93", 
            "upvotes": "125"
        }, 
        {
            "champName": "Caitlyn", 
            "downvotes": "169", 
            "upvotes": "191"
        }, 
        {
            "champName": "Alistar", 
            "downvotes": "101", 
            "upvotes": "105"
        }, 
        {
            "champName": "Ahri", 
            "downvotes": "105", 
            "upvotes": "107"
        }, 
        {
            "champName": "Alistar", 
            "downvotes": "100", 
            "upvotes": "101"
        }, 
        {
            "champName": "Trundle", 
            "downvotes": "91", 
            "upvotes": "87"
        }
    ], 
    "StrongAgainst": [
        {
            "champName": "Graves", 
            "downvotes": "443", 
            "upvotes": "1068"
        }, 
        {
            "champName": "Ashe", 
            "downvotes": "227", 
            "upvotes": "373"
        }, 
        {
            "champName": "Vayne", 
            "downvotes": "402", 
            "upvotes": "613"
        }, 
        {
            "champName": "Draven", 
            "downvotes": "294", 
            "upvotes": "441"
        }, 
        {
            "champName": "Jinx", 
            "downvotes": "55", 
            "upvotes": "116"
        }, 
        {
            "champName": "Teemo", 
            "downvotes": "82", 
            "upvotes": "136"
        }, 
        {
            "champName": "Corki", 
            "downvotes": "444", 
            "upvotes": "524"
        }, 
        {
            "champName": "Varus", 
            "downvotes": "220", 
            "upvotes": "280"
        }, 
        {
            "champName": "Ezreal", 
            "downvotes": "193", 
            "upvotes": "246"
        }, 
        {
            "champName": "Darius", 
            "downvotes": "114", 
            "upvotes": "143"
        }
    ], 
    "ChampionImageLocation": "http://www.solomid.net/guide/champ/urgot.png", 
    "GoodWith": [
        {
            "champName": "Soraka", 
            "downvotes": "337", 
            "upvotes": "1012"
        }, 
        {
            "champName": "Taric", 
            "downvotes": "174", 
            "upvotes": "351"
        }, 
        {
            "champName": "Alistar", 
            "downvotes": "93", 
            "upvotes": "189"
        }, 
        {
            "champName": "Nunu", 
            "downvotes": "23", 
            "upvotes": "68"
        }, 
        {
            "champName": "Leona", 
            "downvotes": "75", 
            "upvotes": "150"
        }, 
        {
            "champName": "Lulu", 
            "downvotes": "20", 
            "upvotes": "60"
        }, 
        {
            "champName": "Thresh", 
            "downvotes": "142", 
            "upvotes": "231"
        }, 
        {
            "champName": "Blitzcrank", 
            "downvotes": "99", 
            "upvotes": "159"
        }, 
        {
            "champName": "Nami", 
            "downvotes": "16", 
            "upvotes": "48"
        }, 
        {
            "champName": "Sona", 
            "downvotes": "14", 
            "upvotes": "44"
        }
    ]
}