{
    "ChampionName": {
        "lower": "varus", 
        "pretty": "Varus"
    }, 
    "WeakAgainst": [
        {
            "champName": "Graves", 
            "downvotes": "1763", 
            "upvotes": "5555"
        }, 
        {
            "champName": "Lucian", 
            "downvotes": "908", 
            "upvotes": "2738"
        }, 
        {
            "champName": "Sivir", 
            "downvotes": "848", 
            "upvotes": "1820"
        }, 
        {
            "champName": "Tristana", 
            "downvotes": "1264", 
            "upvotes": "2179"
        }, 
        {
            "champName": "Blitzcrank", 
            "downvotes": "604", 
            "upvotes": "1063"
        }, 
        {
            "champName": "Leona", 
            "downvotes": "455", 
            "upvotes": "798"
        }, 
        {
            "champName": "Lucian", 
            "downvotes": "409", 
            "upvotes": "622"
        }, 
        {
            "champName": "Aatrox", 
            "downvotes": "170", 
            "upvotes": "285"
        }, 
        {
            "champName": "Teemo", 
            "downvotes": "66", 
            "upvotes": "126"
        }, 
        {
            "champName": "Thresh", 
            "downvotes": "285", 
            "upvotes": "372"
        }
    ], 
    "StrongAgainst": [
        {
            "champName": "Draven", 
            "downvotes": "3087", 
            "upvotes": "8838"
        }, 
        {
            "champName": "Jinx", 
            "downvotes": "1216", 
            "upvotes": "2710"
        }, 
        {
            "champName": "Caitlyn", 
            "downvotes": "2829", 
            "upvotes": "6040"
        }, 
        {
            "champName": "Vayne", 
            "downvotes": "1725", 
            "upvotes": "3177"
        }, 
        {
            "champName": "Aatrox", 
            "downvotes": "53", 
            "upvotes": "158"
        }, 
        {
            "champName": "Quinn", 
            "downvotes": "774", 
            "upvotes": "1378"
        }, 
        {
            "champName": "Ezreal", 
            "downvotes": "780", 
            "upvotes": "1232"
        }, 
        {
            "champName": "Ashe", 
            "downvotes": "805", 
            "upvotes": "1232"
        }, 
        {
            "champName": "Miss Fortune", 
            "downvotes": "858", 
            "upvotes": "1253"
        }, 
        {
            "champName": "Ezreal", 
            "downvotes": "39", 
            "upvotes": "108"
        }
    ], 
    "ChampionImageLocation": "http://www.solomid.net/guide/champ/varus.png", 
    "GoodWith": [
        {
            "champName": "Janna", 
            "downvotes": "37", 
            "upvotes": "303"
        }, 
        {
            "champName": "Nami", 
            "downvotes": "148", 
            "upvotes": "675"
        }, 
        {
            "champName": "Blitzcrank", 
            "downvotes": "123", 
            "upvotes": "560"
        }, 
        {
            "champName": "Lulu", 
            "downvotes": "55", 
            "upvotes": "287"
        }, 
        {
            "champName": "Thresh", 
            "downvotes": "253", 
            "upvotes": "970"
        }, 
        {
            "champName": "Alistar", 
            "downvotes": "66", 
            "upvotes": "280"
        }, 
        {
            "champName": "Leona", 
            "downvotes": "902", 
            "upvotes": "2533"
        }, 
        {
            "champName": "Aatrox", 
            "downvotes": "14", 
            "upvotes": "89"
        }, 
        {
            "champName": "Taric", 
            "downvotes": "238", 
            "upvotes": "655"
        }, 
        {
            "champName": "Zyra", 
            "downvotes": "98", 
            "upvotes": "292"
        }
    ]
}