{
    "ChampionName": {
        "lower": "varus", 
        "pretty": "Varus"
    }, 
    "WeakAgainst": [
        {
            "champName": "Graves", 
            "downvotes": "1762", 
            "upvotes": "5533"
        }, 
        {
            "champName": "Lucian", 
            "downvotes": "905", 
            "upvotes": "2705"
        }, 
        {
            "champName": "Sivir", 
            "downvotes": "843", 
            "upvotes": "1813"
        }, 
        {
            "champName": "Tristana", 
            "downvotes": "1258", 
            "upvotes": "2172"
        }, 
        {
            "champName": "Blitzcrank", 
            "downvotes": "600", 
            "upvotes": "1060"
        }, 
        {
            "champName": "Leona", 
            "downvotes": "454", 
            "upvotes": "797"
        }, 
        {
            "champName": "Lucian", 
            "downvotes": "408", 
            "upvotes": "618"
        }, 
        {
            "champName": "Aatrox", 
            "downvotes": "170", 
            "upvotes": "284"
        }, 
        {
            "champName": "Teemo", 
            "downvotes": "65", 
            "upvotes": "127"
        }, 
        {
            "champName": "Thresh", 
            "downvotes": "285", 
            "upvotes": "372"
        }
    ], 
    "StrongAgainst": [
        {
            "champName": "Draven", 
            "downvotes": "3080", 
            "upvotes": "8806"
        }, 
        {
            "champName": "Jinx", 
            "downvotes": "1211", 
            "upvotes": "2686"
        }, 
        {
            "champName": "Caitlyn", 
            "downvotes": "2821", 
            "upvotes": "6026"
        }, 
        {
            "champName": "Vayne", 
            "downvotes": "1719", 
            "upvotes": "3169"
        }, 
        {
            "champName": "Aatrox", 
            "downvotes": "53", 
            "upvotes": "158"
        }, 
        {
            "champName": "Quinn", 
            "downvotes": "771", 
            "upvotes": "1371"
        }, 
        {
            "champName": "Ezreal", 
            "downvotes": "779", 
            "upvotes": "1229"
        }, 
        {
            "champName": "Ashe", 
            "downvotes": "804", 
            "upvotes": "1229"
        }, 
        {
            "champName": "Miss Fortune", 
            "downvotes": "855", 
            "upvotes": "1253"
        }, 
        {
            "champName": "Ezreal", 
            "downvotes": "40", 
            "upvotes": "107"
        }
    ], 
    "ChampionImageLocation": "http://www.solomid.net/guide/champ/varus.png", 
    "GoodWith": [
        {
            "champName": "Janna", 
            "downvotes": "37", 
            "upvotes": "303"
        }, 
        {
            "champName": "Nami", 
            "downvotes": "149", 
            "upvotes": "673"
        }, 
        {
            "champName": "Blitzcrank", 
            "downvotes": "122", 
            "upvotes": "561"
        }, 
        {
            "champName": "Lulu", 
            "downvotes": "54", 
            "upvotes": "287"
        }, 
        {
            "champName": "Thresh", 
            "downvotes": "252", 
            "upvotes": "966"
        }, 
        {
            "champName": "Alistar", 
            "downvotes": "66", 
            "upvotes": "280"
        }, 
        {
            "champName": "Leona", 
            "downvotes": "899", 
            "upvotes": "2533"
        }, 
        {
            "champName": "Taric", 
            "downvotes": "237", 
            "upvotes": "656"
        }, 
        {
            "champName": "Zyra", 
            "downvotes": "98", 
            "upvotes": "292"
        }, 
        {
            "champName": "Sona", 
            "downvotes": "356", 
            "upvotes": "916"
        }
    ]
}