{
    "ChampionName": {
        "lower": "vayne", 
        "pretty": "Vayne"
    }, 
    "WeakAgainst": [
        {
            "champName": "Caitlyn", 
            "downvotes": "5720", 
            "upvotes": "21547"
        }, 
        {
            "champName": "Quinn", 
            "downvotes": "1263", 
            "upvotes": "3902"
        }, 
        {
            "champName": "Draven", 
            "downvotes": "1819", 
            "upvotes": "4821"
        }, 
        {
            "champName": "Graves", 
            "downvotes": "1991", 
            "upvotes": "3869"
        }, 
        {
            "champName": "Jinx", 
            "downvotes": "1823", 
            "upvotes": "3508"
        }, 
        {
            "champName": "Tristana", 
            "downvotes": "1023", 
            "upvotes": "1996"
        }, 
        {
            "champName": "Corki", 
            "downvotes": "1087", 
            "upvotes": "2108"
        }, 
        {
            "champName": "Varus", 
            "downvotes": "1719", 
            "upvotes": "3169"
        }, 
        {
            "champName": "Twitch", 
            "downvotes": "371", 
            "upvotes": "709"
        }, 
        {
            "champName": "Aatrox", 
            "downvotes": "147", 
            "upvotes": "322"
        }
    ], 
    "StrongAgainst": [
        {
            "champName": "Lucian", 
            "downvotes": "2813", 
            "upvotes": "9470"
        }, 
        {
            "champName": "Renekton", 
            "downvotes": "768", 
            "upvotes": "1928"
        }, 
        {
            "champName": "Cho'Gath", 
            "downvotes": "582", 
            "upvotes": "1346"
        }, 
        {
            "champName": "Sivir", 
            "downvotes": "2261", 
            "upvotes": "4894"
        }, 
        {
            "champName": "Lucian", 
            "downvotes": "1240", 
            "upvotes": "2653"
        }, 
        {
            "champName": "Jinx", 
            "downvotes": "2010", 
            "upvotes": "4051"
        }, 
        {
            "champName": "Singed", 
            "downvotes": "483", 
            "upvotes": "861"
        }, 
        {
            "champName": "Nasus", 
            "downvotes": "72", 
            "upvotes": "179"
        }, 
        {
            "champName": "Aatrox", 
            "downvotes": "172", 
            "upvotes": "336"
        }, 
        {
            "champName": "Ezreal", 
            "downvotes": "1763", 
            "upvotes": "2804"
        }
    ], 
    "ChampionImageLocation": "http://www.solomid.net/guide/champ/vayne.png", 
    "GoodWith": [
        {
            "champName": "Sona", 
            "downvotes": "42", 
            "upvotes": "415"
        }, 
        {
            "champName": "Nami", 
            "downvotes": "166", 
            "upvotes": "1163"
        }, 
        {
            "champName": "Thresh", 
            "downvotes": "326", 
            "upvotes": "1558"
        }, 
        {
            "champName": "Lulu", 
            "downvotes": "197", 
            "upvotes": "913"
        }, 
        {
            "champName": "Janna", 
            "downvotes": "139", 
            "upvotes": "595"
        }, 
        {
            "champName": "Nunu", 
            "downvotes": "1166", 
            "upvotes": "4304"
        }, 
        {
            "champName": "Soraka", 
            "downvotes": "35", 
            "upvotes": "180"
        }, 
        {
            "champName": "Leona", 
            "downvotes": "498", 
            "upvotes": "1671"
        }, 
        {
            "champName": "Blitzcrank", 
            "downvotes": "968", 
            "upvotes": "2916"
        }, 
        {
            "champName": "Ahri", 
            "downvotes": "26", 
            "upvotes": "134"
        }
    ]
}