{
    "ChampionName": {
        "lower": "vayne", 
        "pretty": "Vayne"
    }, 
    "WeakAgainst": [
        {
            "champName": "Caitlyn", 
            "downvotes": "5744", 
            "upvotes": "21618"
        }, 
        {
            "champName": "Quinn", 
            "downvotes": "1273", 
            "upvotes": "3905"
        }, 
        {
            "champName": "Draven", 
            "downvotes": "1823", 
            "upvotes": "4843"
        }, 
        {
            "champName": "Graves", 
            "downvotes": "1999", 
            "upvotes": "3878"
        }, 
        {
            "champName": "Tristana", 
            "downvotes": "1023", 
            "upvotes": "2005"
        }, 
        {
            "champName": "Jinx", 
            "downvotes": "1837", 
            "upvotes": "3539"
        }, 
        {
            "champName": "Corki", 
            "downvotes": "1093", 
            "upvotes": "2113"
        }, 
        {
            "champName": "Varus", 
            "downvotes": "1725", 
            "upvotes": "3177"
        }, 
        {
            "champName": "Teemo", 
            "downvotes": "55", 
            "upvotes": "164"
        }, 
        {
            "champName": "Twitch", 
            "downvotes": "373", 
            "upvotes": "712"
        }
    ], 
    "StrongAgainst": [
        {
            "champName": "Lucian", 
            "downvotes": "2835", 
            "upvotes": "9548"
        }, 
        {
            "champName": "Renekton", 
            "downvotes": "772", 
            "upvotes": "1946"
        }, 
        {
            "champName": "Cho'Gath", 
            "downvotes": "585", 
            "upvotes": "1348"
        }, 
        {
            "champName": "Sivir", 
            "downvotes": "2277", 
            "upvotes": "4919"
        }, 
        {
            "champName": "Lucian", 
            "downvotes": "1247", 
            "upvotes": "2672"
        }, 
        {
            "champName": "Jinx", 
            "downvotes": "2016", 
            "upvotes": "4089"
        }, 
        {
            "champName": "Singed", 
            "downvotes": "485", 
            "upvotes": "860"
        }, 
        {
            "champName": "Nasus", 
            "downvotes": "72", 
            "upvotes": "181"
        }, 
        {
            "champName": "Aatrox", 
            "downvotes": "172", 
            "upvotes": "336"
        }, 
        {
            "champName": "Ezreal", 
            "downvotes": "1774", 
            "upvotes": "2812"
        }
    ], 
    "ChampionImageLocation": "http://www.solomid.net/guide/champ/vayne.png", 
    "GoodWith": [
        {
            "champName": "Sona", 
            "downvotes": "41", 
            "upvotes": "417"
        }, 
        {
            "champName": "Nami", 
            "downvotes": "166", 
            "upvotes": "1165"
        }, 
        {
            "champName": "Thresh", 
            "downvotes": "326", 
            "upvotes": "1564"
        }, 
        {
            "champName": "Lulu", 
            "downvotes": "197", 
            "upvotes": "915"
        }, 
        {
            "champName": "Janna", 
            "downvotes": "139", 
            "upvotes": "598"
        }, 
        {
            "champName": "Nunu", 
            "downvotes": "1172", 
            "upvotes": "4312"
        }, 
        {
            "champName": "Leona", 
            "downvotes": "500", 
            "upvotes": "1674"
        }, 
        {
            "champName": "Soraka", 
            "downvotes": "36", 
            "upvotes": "180"
        }, 
        {
            "champName": "Ahri", 
            "downvotes": "25", 
            "upvotes": "135"
        }, 
        {
            "champName": "Blitzcrank", 
            "downvotes": "969", 
            "upvotes": "2921"
        }
    ]
}