{
    "ChampionName": {
        "lower": "veigar", 
        "pretty": "Veigar"
    }, 
    "WeakAgainst": [
        {
            "champName": "Fizz", 
            "downvotes": "1009", 
            "upvotes": "2884"
        }, 
        {
            "champName": "Talon", 
            "downvotes": "543", 
            "upvotes": "1448"
        }, 
        {
            "champName": "Ryze", 
            "downvotes": "1600", 
            "upvotes": "3496"
        }, 
        {
            "champName": "Zed", 
            "downvotes": "503", 
            "upvotes": "1059"
        }, 
        {
            "champName": "Kassadin", 
            "downvotes": "656", 
            "upvotes": "1331"
        }, 
        {
            "champName": "Yasuo", 
            "downvotes": "35", 
            "upvotes": "140"
        }, 
        {
            "champName": "LeBlanc", 
            "downvotes": "403", 
            "upvotes": "774"
        }, 
        {
            "champName": "Galio", 
            "downvotes": "349", 
            "upvotes": "665"
        }, 
        {
            "champName": "Diana", 
            "downvotes": "302", 
            "upvotes": "561"
        }, 
        {
            "champName": "Morgana", 
            "downvotes": "189", 
            "upvotes": "372"
        }
    ], 
    "StrongAgainst": [
        {
            "champName": "Karthus", 
            "downvotes": "543", 
            "upvotes": "1716"
        }, 
        {
            "champName": "Twisted Fate", 
            "downvotes": "298", 
            "upvotes": "534"
        }, 
        {
            "champName": "Ahri", 
            "downvotes": "749", 
            "upvotes": "1146"
        }, 
        {
            "champName": "Ziggs", 
            "downvotes": "31", 
            "upvotes": "99"
        }, 
        {
            "champName": "Nidalee", 
            "downvotes": "96", 
            "upvotes": "187"
        }, 
        {
            "champName": "LeBlanc", 
            "downvotes": "79", 
            "upvotes": "161"
        }, 
        {
            "champName": "Karma", 
            "downvotes": "575", 
            "upvotes": "807"
        }, 
        {
            "champName": "Vel'Koz", 
            "downvotes": "13", 
            "upvotes": "69"
        }, 
        {
            "champName": "Akali", 
            "downvotes": "45", 
            "upvotes": "110"
        }, 
        {
            "champName": "Lissandra", 
            "downvotes": "174", 
            "upvotes": "264"
        }
    ], 
    "ChampionImageLocation": "http://www.solomid.net/guide/champ/veigar.png", 
    "GoodWith": [
        {
            "champName": "Warwick", 
            "downvotes": "344", 
            "upvotes": "481"
        }, 
        {
            "champName": "Amumu", 
            "downvotes": "114", 
            "upvotes": "176"
        }, 
        {
            "champName": "Maokai", 
            "downvotes": "157", 
            "upvotes": "193"
        }, 
        {
            "champName": "Lux", 
            "downvotes": "246", 
            "upvotes": "287"
        }, 
        {
            "champName": "LeBlanc", 
            "downvotes": "106", 
            "upvotes": "131"
        }, 
        {
            "champName": "Cho'Gath", 
            "downvotes": "94", 
            "upvotes": "118"
        }, 
        {
            "champName": "Ahri", 
            "downvotes": "21", 
            "upvotes": "42"
        }, 
        {
            "champName": "Katarina", 
            "downvotes": "30", 
            "upvotes": "48"
        }, 
        {
            "champName": "Evelynn", 
            "downvotes": "143", 
            "upvotes": "153"
        }, 
        {
            "champName": "Blitzcrank", 
            "downvotes": "92", 
            "upvotes": "105"
        }
    ]
}