{
    "ChampionName": {
        "lower": "veigar", 
        "pretty": "Veigar"
    }, 
    "WeakAgainst": [
        {
            "champName": "Fizz", 
            "downvotes": "1014", 
            "upvotes": "2900"
        }, 
        {
            "champName": "Talon", 
            "downvotes": "544", 
            "upvotes": "1450"
        }, 
        {
            "champName": "Ryze", 
            "downvotes": "1606", 
            "upvotes": "3502"
        }, 
        {
            "champName": "Zed", 
            "downvotes": "508", 
            "upvotes": "1071"
        }, 
        {
            "champName": "Kassadin", 
            "downvotes": "659", 
            "upvotes": "1338"
        }, 
        {
            "champName": "Yasuo", 
            "downvotes": "35", 
            "upvotes": "142"
        }, 
        {
            "champName": "LeBlanc", 
            "downvotes": "405", 
            "upvotes": "778"
        }, 
        {
            "champName": "Galio", 
            "downvotes": "349", 
            "upvotes": "665"
        }, 
        {
            "champName": "Morgana", 
            "downvotes": "189", 
            "upvotes": "374"
        }, 
        {
            "champName": "Diana", 
            "downvotes": "305", 
            "upvotes": "561"
        }
    ], 
    "StrongAgainst": [
        {
            "champName": "Karthus", 
            "downvotes": "547", 
            "upvotes": "1720"
        }, 
        {
            "champName": "Twisted Fate", 
            "downvotes": "299", 
            "upvotes": "537"
        }, 
        {
            "champName": "Ahri", 
            "downvotes": "751", 
            "upvotes": "1149"
        }, 
        {
            "champName": "Ziggs", 
            "downvotes": "31", 
            "upvotes": "100"
        }, 
        {
            "champName": "Nidalee", 
            "downvotes": "96", 
            "upvotes": "191"
        }, 
        {
            "champName": "LeBlanc", 
            "downvotes": "82", 
            "upvotes": "168"
        }, 
        {
            "champName": "Vel'Koz", 
            "downvotes": "13", 
            "upvotes": "71"
        }, 
        {
            "champName": "Karma", 
            "downvotes": "577", 
            "upvotes": "806"
        }, 
        {
            "champName": "Akali", 
            "downvotes": "45", 
            "upvotes": "111"
        }, 
        {
            "champName": "Lissandra", 
            "downvotes": "174", 
            "upvotes": "265"
        }
    ], 
    "ChampionImageLocation": "http://www.solomid.net/guide/champ/veigar.png", 
    "GoodWith": [
        {
            "champName": "Warwick", 
            "downvotes": "345", 
            "upvotes": "480"
        }, 
        {
            "champName": "Amumu", 
            "downvotes": "115", 
            "upvotes": "175"
        }, 
        {
            "champName": "Maokai", 
            "downvotes": "156", 
            "upvotes": "195"
        }, 
        {
            "champName": "Lux", 
            "downvotes": "245", 
            "upvotes": "289"
        }, 
        {
            "champName": "Ahri", 
            "downvotes": "21", 
            "upvotes": "42"
        }, 
        {
            "champName": "Cho'Gath", 
            "downvotes": "95", 
            "upvotes": "117"
        }, 
        {
            "champName": "LeBlanc", 
            "downvotes": "108", 
            "upvotes": "130"
        }, 
        {
            "champName": "Katarina", 
            "downvotes": "30", 
            "upvotes": "49"
        }, 
        {
            "champName": "Evelynn", 
            "downvotes": "143", 
            "upvotes": "153"
        }, 
        {
            "champName": "Blitzcrank", 
            "downvotes": "92", 
            "upvotes": "105"
        }
    ]
}