{
    "ChampionName": {
        "lower": "velkoz", 
        "pretty": "Vel'Koz"
    }, 
    "WeakAgainst": [
        {
            "champName": "Yasuo", 
            "downvotes": "1004", 
            "upvotes": "5401"
        }, 
        {
            "champName": "LeBlanc", 
            "downvotes": "407", 
            "upvotes": "1925"
        }, 
        {
            "champName": "Fizz", 
            "downvotes": "280", 
            "upvotes": "1317"
        }, 
        {
            "champName": "Talon", 
            "downvotes": "247", 
            "upvotes": "953"
        }, 
        {
            "champName": "Zed", 
            "downvotes": "220", 
            "upvotes": "774"
        }, 
        {
            "champName": "Akali", 
            "downvotes": "122", 
            "upvotes": "465"
        }, 
        {
            "champName": "Ahri", 
            "downvotes": "167", 
            "upvotes": "550"
        }, 
        {
            "champName": "Diana", 
            "downvotes": "129", 
            "upvotes": "432"
        }, 
        {
            "champName": "Syndra", 
            "downvotes": "142", 
            "upvotes": "432"
        }, 
        {
            "champName": "Katarina", 
            "downvotes": "324", 
            "upvotes": "857"
        }
    ], 
    "StrongAgainst": [
        {
            "champName": "Heimerdinger", 
            "downvotes": "309", 
            "upvotes": "810"
        }, 
        {
            "champName": "Teemo", 
            "downvotes": "161", 
            "upvotes": "341"
        }, 
        {
            "champName": "Twisted Fate", 
            "downvotes": "125", 
            "upvotes": "223"
        }, 
        {
            "champName": "Ryze", 
            "downvotes": "197", 
            "upvotes": "294"
        }, 
        {
            "champName": "Gragas", 
            "downvotes": "678", 
            "upvotes": "659"
        }, 
        {
            "champName": "Aatrox", 
            "downvotes": "65", 
            "upvotes": "90"
        }, 
        {
            "champName": "Karthus", 
            "downvotes": "63", 
            "upvotes": "88"
        }, 
        {
            "champName": "Swain", 
            "downvotes": "42", 
            "upvotes": "70"
        }, 
        {
            "champName": "Lux", 
            "downvotes": "142", 
            "upvotes": "151"
        }, 
        {
            "champName": "Gragas", 
            "downvotes": "117", 
            "upvotes": "128"
        }
    ], 
    "ChampionImageLocation": "http://www.solomid.net/guide/champ/velkoz.png", 
    "GoodWith": [
        {
            "champName": "Amumu", 
            "downvotes": "39", 
            "upvotes": "163"
        }, 
        {
            "champName": "Leona", 
            "downvotes": "31", 
            "upvotes": "74"
        }, 
        {
            "champName": "Yasuo", 
            "downvotes": "56", 
            "upvotes": "101"
        }, 
        {
            "champName": "Jarvan IV", 
            "downvotes": "39", 
            "upvotes": "66"
        }, 
        {
            "champName": "Galio", 
            "downvotes": "33", 
            "upvotes": "54"
        }, 
        {
            "champName": "Annie", 
            "downvotes": "3", 
            "upvotes": "16"
        }, 
        {
            "champName": "Lux", 
            "downvotes": "11", 
            "upvotes": "21"
        }, 
        {
            "champName": "Wukong", 
            "downvotes": "5", 
            "upvotes": "16"
        }, 
        {
            "champName": "Sejuani", 
            "downvotes": "3", 
            "upvotes": "14"
        }, 
        {
            "champName": "Malphite", 
            "downvotes": "3", 
            "upvotes": "14"
        }
    ]
}