{
    "ChampionName": {
        "lower": "velkoz", 
        "pretty": "Vel'Koz"
    }, 
    "WeakAgainst": [
        {
            "champName": "Yasuo", 
            "downvotes": "1001", 
            "upvotes": "5390"
        }, 
        {
            "champName": "LeBlanc", 
            "downvotes": "402", 
            "upvotes": "1921"
        }, 
        {
            "champName": "Fizz", 
            "downvotes": "279", 
            "upvotes": "1312"
        }, 
        {
            "champName": "Talon", 
            "downvotes": "246", 
            "upvotes": "951"
        }, 
        {
            "champName": "Zed", 
            "downvotes": "217", 
            "upvotes": "773"
        }, 
        {
            "champName": "Akali", 
            "downvotes": "121", 
            "upvotes": "459"
        }, 
        {
            "champName": "Ahri", 
            "downvotes": "169", 
            "upvotes": "543"
        }, 
        {
            "champName": "Diana", 
            "downvotes": "128", 
            "upvotes": "432"
        }, 
        {
            "champName": "Syndra", 
            "downvotes": "143", 
            "upvotes": "429"
        }, 
        {
            "champName": "Xerath", 
            "downvotes": "37", 
            "upvotes": "180"
        }
    ], 
    "StrongAgainst": [
        {
            "champName": "Heimerdinger", 
            "downvotes": "307", 
            "upvotes": "808"
        }, 
        {
            "champName": "Teemo", 
            "downvotes": "160", 
            "upvotes": "341"
        }, 
        {
            "champName": "Twisted Fate", 
            "downvotes": "124", 
            "upvotes": "222"
        }, 
        {
            "champName": "Ryze", 
            "downvotes": "196", 
            "upvotes": "291"
        }, 
        {
            "champName": "Gragas", 
            "downvotes": "678", 
            "upvotes": "657"
        }, 
        {
            "champName": "Aatrox", 
            "downvotes": "64", 
            "upvotes": "90"
        }, 
        {
            "champName": "Karthus", 
            "downvotes": "63", 
            "upvotes": "87"
        }, 
        {
            "champName": "Swain", 
            "downvotes": "42", 
            "upvotes": "69"
        }, 
        {
            "champName": "Lux", 
            "downvotes": "142", 
            "upvotes": "150"
        }, 
        {
            "champName": "Katarina", 
            "downvotes": "211", 
            "upvotes": "204"
        }
    ], 
    "ChampionImageLocation": "http://www.solomid.net/guide/champ/velkoz.png", 
    "GoodWith": [
        {
            "champName": "Amumu", 
            "downvotes": "39", 
            "upvotes": "162"
        }, 
        {
            "champName": "Leona", 
            "downvotes": "30", 
            "upvotes": "75"
        }, 
        {
            "champName": "Yasuo", 
            "downvotes": "55", 
            "upvotes": "102"
        }, 
        {
            "champName": "Jarvan IV", 
            "downvotes": "40", 
            "upvotes": "65"
        }, 
        {
            "champName": "Galio", 
            "downvotes": "35", 
            "upvotes": "52"
        }, 
        {
            "champName": "Lux", 
            "downvotes": "10", 
            "upvotes": "22"
        }, 
        {
            "champName": "Annie", 
            "downvotes": "3", 
            "upvotes": "16"
        }, 
        {
            "champName": "Sejuani", 
            "downvotes": "2", 
            "upvotes": "15"
        }, 
        {
            "champName": "Wukong", 
            "downvotes": "5", 
            "upvotes": "16"
        }, 
        {
            "champName": "Malphite", 
            "downvotes": "3", 
            "upvotes": "13"
        }
    ]
}