{
    "ChampionName": {
        "lower": "velkoz", 
        "pretty": "Vel'Koz"
    }, 
    "WeakAgainst": [
        {
            "champName": "Yasuo", 
            "downvotes": "996", 
            "upvotes": "5379"
        }, 
        {
            "champName": "LeBlanc", 
            "downvotes": "402", 
            "upvotes": "1914"
        }, 
        {
            "champName": "Fizz", 
            "downvotes": "278", 
            "upvotes": "1303"
        }, 
        {
            "champName": "Talon", 
            "downvotes": "246", 
            "upvotes": "947"
        }, 
        {
            "champName": "Zed", 
            "downvotes": "217", 
            "upvotes": "767"
        }, 
        {
            "champName": "Akali", 
            "downvotes": "120", 
            "upvotes": "456"
        }, 
        {
            "champName": "Ahri", 
            "downvotes": "168", 
            "upvotes": "544"
        }, 
        {
            "champName": "Diana", 
            "downvotes": "129", 
            "upvotes": "430"
        }, 
        {
            "champName": "Syndra", 
            "downvotes": "140", 
            "upvotes": "430"
        }, 
        {
            "champName": "Katarina", 
            "downvotes": "321", 
            "upvotes": "844"
        }
    ], 
    "StrongAgainst": [
        {
            "champName": "Heimerdinger", 
            "downvotes": "306", 
            "upvotes": "803"
        }, 
        {
            "champName": "Teemo", 
            "downvotes": "158", 
            "upvotes": "342"
        }, 
        {
            "champName": "Twisted Fate", 
            "downvotes": "122", 
            "upvotes": "222"
        }, 
        {
            "champName": "Ryze", 
            "downvotes": "196", 
            "upvotes": "290"
        }, 
        {
            "champName": "Gragas", 
            "downvotes": "678", 
            "upvotes": "657"
        }, 
        {
            "champName": "Aatrox", 
            "downvotes": "63", 
            "upvotes": "91"
        }, 
        {
            "champName": "Karthus", 
            "downvotes": "62", 
            "upvotes": "87"
        }, 
        {
            "champName": "Swain", 
            "downvotes": "40", 
            "upvotes": "68"
        }, 
        {
            "champName": "Lux", 
            "downvotes": "142", 
            "upvotes": "150"
        }, 
        {
            "champName": "Katarina", 
            "downvotes": "209", 
            "upvotes": "203"
        }
    ], 
    "ChampionImageLocation": "http://www.solomid.net/guide/champ/velkoz.png", 
    "GoodWith": [
        {
            "champName": "Amumu", 
            "downvotes": "37", 
            "upvotes": "163"
        }, 
        {
            "champName": "Leona", 
            "downvotes": "29", 
            "upvotes": "74"
        }, 
        {
            "champName": "Yasuo", 
            "downvotes": "53", 
            "upvotes": "101"
        }, 
        {
            "champName": "Jarvan IV", 
            "downvotes": "39", 
            "upvotes": "65"
        }, 
        {
            "champName": "Galio", 
            "downvotes": "32", 
            "upvotes": "53"
        }, 
        {
            "champName": "Lux", 
            "downvotes": "9", 
            "upvotes": "23"
        }, 
        {
            "champName": "Annie", 
            "downvotes": "2", 
            "upvotes": "17"
        }, 
        {
            "champName": "Wukong", 
            "downvotes": "4", 
            "upvotes": "17"
        }, 
        {
            "champName": "Sejuani", 
            "downvotes": "2", 
            "upvotes": "15"
        }, 
        {
            "champName": "Malphite", 
            "downvotes": "3", 
            "upvotes": "13"
        }
    ]
}