{
    "ChampionName": {
        "lower": "vi", 
        "pretty": "Vi"
    }, 
    "WeakAgainst": [
        {
            "champName": "Jax", 
            "downvotes": "939", 
            "upvotes": "2534"
        }, 
        {
            "champName": "Lee Sin", 
            "downvotes": "231", 
            "upvotes": "490"
        }, 
        {
            "champName": "Riven", 
            "downvotes": "803", 
            "upvotes": "1478"
        }, 
        {
            "champName": "Darius", 
            "downvotes": "928", 
            "upvotes": "1593"
        }, 
        {
            "champName": "Teemo", 
            "downvotes": "1041", 
            "upvotes": "1762"
        }, 
        {
            "champName": "Pantheon", 
            "downvotes": "289", 
            "upvotes": "530"
        }, 
        {
            "champName": "Karma", 
            "downvotes": "465", 
            "upvotes": "779"
        }, 
        {
            "champName": "Aatrox", 
            "downvotes": "21", 
            "upvotes": "92"
        }, 
        {
            "champName": "Renekton", 
            "downvotes": "258", 
            "upvotes": "427"
        }, 
        {
            "champName": "Xin Zhao", 
            "downvotes": "41", 
            "upvotes": "115"
        }
    ], 
    "StrongAgainst": [
        {
            "champName": "Zac", 
            "downvotes": "509", 
            "upvotes": "1867"
        }, 
        {
            "champName": "Katarina", 
            "downvotes": "321", 
            "upvotes": "846"
        }, 
        {
            "champName": "Jarvan IV", 
            "downvotes": "227", 
            "upvotes": "443"
        }, 
        {
            "champName": "Aatrox", 
            "downvotes": "3", 
            "upvotes": "57"
        }, 
        {
            "champName": "Nasus", 
            "downvotes": "33", 
            "upvotes": "96"
        }, 
        {
            "champName": "Malphite", 
            "downvotes": "500", 
            "upvotes": "705"
        }, 
        {
            "champName": "Shyvana", 
            "downvotes": "257", 
            "upvotes": "384"
        }, 
        {
            "champName": "Yasuo", 
            "downvotes": "54", 
            "upvotes": "120"
        }, 
        {
            "champName": "Shaco", 
            "downvotes": "191", 
            "upvotes": "293"
        }, 
        {
            "champName": "Master Yi", 
            "downvotes": "18", 
            "upvotes": "73"
        }
    ], 
    "ChampionImageLocation": "http://www.solomid.net/guide/champ/vi.png", 
    "GoodWith": [
        {
            "champName": "Yasuo", 
            "downvotes": "122", 
            "upvotes": "539"
        }, 
        {
            "champName": "Caitlyn", 
            "downvotes": "576", 
            "upvotes": "1551"
        }, 
        {
            "champName": "Orianna", 
            "downvotes": "158", 
            "upvotes": "371"
        }, 
        {
            "champName": "Riven", 
            "downvotes": "11", 
            "upvotes": "58"
        }, 
        {
            "champName": "Fizz", 
            "downvotes": "24", 
            "upvotes": "61"
        }, 
        {
            "champName": "Blitzcrank", 
            "downvotes": "164", 
            "upvotes": "253"
        }, 
        {
            "champName": "Jinx", 
            "downvotes": "23", 
            "upvotes": "56"
        }, 
        {
            "champName": "Ahri", 
            "downvotes": "81", 
            "upvotes": "127"
        }, 
        {
            "champName": "Jayce", 
            "downvotes": "17", 
            "upvotes": "46"
        }, 
        {
            "champName": "Zed", 
            "downvotes": "35", 
            "upvotes": "68"
        }
    ]
}