{
    "ChampionName": {
        "lower": "vi", 
        "pretty": "Vi"
    }, 
    "WeakAgainst": [
        {
            "champName": "Jax", 
            "downvotes": "934", 
            "upvotes": "2528"
        }, 
        {
            "champName": "Lee Sin", 
            "downvotes": "222", 
            "upvotes": "484"
        }, 
        {
            "champName": "Riven", 
            "downvotes": "803", 
            "upvotes": "1471"
        }, 
        {
            "champName": "Darius", 
            "downvotes": "928", 
            "upvotes": "1588"
        }, 
        {
            "champName": "Teemo", 
            "downvotes": "1037", 
            "upvotes": "1762"
        }, 
        {
            "champName": "Pantheon", 
            "downvotes": "288", 
            "upvotes": "530"
        }, 
        {
            "champName": "Karma", 
            "downvotes": "462", 
            "upvotes": "779"
        }, 
        {
            "champName": "Aatrox", 
            "downvotes": "21", 
            "upvotes": "92"
        }, 
        {
            "champName": "Renekton", 
            "downvotes": "258", 
            "upvotes": "426"
        }, 
        {
            "champName": "Olaf", 
            "downvotes": "205", 
            "upvotes": "348"
        }
    ], 
    "StrongAgainst": [
        {
            "champName": "Zac", 
            "downvotes": "508", 
            "upvotes": "1863"
        }, 
        {
            "champName": "Katarina", 
            "downvotes": "321", 
            "upvotes": "843"
        }, 
        {
            "champName": "Jarvan IV", 
            "downvotes": "227", 
            "upvotes": "442"
        }, 
        {
            "champName": "Shyvana", 
            "downvotes": "253", 
            "upvotes": "386"
        }, 
        {
            "champName": "Nasus", 
            "downvotes": "33", 
            "upvotes": "96"
        }, 
        {
            "champName": "Aatrox", 
            "downvotes": "3", 
            "upvotes": "56"
        }, 
        {
            "champName": "Malphite", 
            "downvotes": "500", 
            "upvotes": "702"
        }, 
        {
            "champName": "Shaco", 
            "downvotes": "190", 
            "upvotes": "292"
        }, 
        {
            "champName": "Yasuo", 
            "downvotes": "54", 
            "upvotes": "119"
        }, 
        {
            "champName": "Kha'Zix", 
            "downvotes": "24", 
            "upvotes": "77"
        }
    ], 
    "ChampionImageLocation": "http://www.solomid.net/guide/champ/vi.png", 
    "GoodWith": [
        {
            "champName": "Yasuo", 
            "downvotes": "119", 
            "upvotes": "538"
        }, 
        {
            "champName": "Caitlyn", 
            "downvotes": "575", 
            "upvotes": "1548"
        }, 
        {
            "champName": "Orianna", 
            "downvotes": "158", 
            "upvotes": "370"
        }, 
        {
            "champName": "Riven", 
            "downvotes": "12", 
            "upvotes": "57"
        }, 
        {
            "champName": "Fizz", 
            "downvotes": "23", 
            "upvotes": "62"
        }, 
        {
            "champName": "Blitzcrank", 
            "downvotes": "164", 
            "upvotes": "253"
        }, 
        {
            "champName": "Jayce", 
            "downvotes": "16", 
            "upvotes": "47"
        }, 
        {
            "champName": "Ahri", 
            "downvotes": "81", 
            "upvotes": "127"
        }, 
        {
            "champName": "Jinx", 
            "downvotes": "24", 
            "upvotes": "55"
        }, 
        {
            "champName": "Zed", 
            "downvotes": "35", 
            "upvotes": "68"
        }
    ]
}