{
    "ChampionName": {
        "lower": "viktor", 
        "pretty": "Viktor"
    }, 
    "WeakAgainst": [
        {
            "champName": "Syndra", 
            "downvotes": "248", 
            "upvotes": "442"
        }, 
        {
            "champName": "LeBlanc", 
            "downvotes": "403", 
            "upvotes": "624"
        }, 
        {
            "champName": "Talon", 
            "downvotes": "445", 
            "upvotes": "661"
        }, 
        {
            "champName": "Fizz", 
            "downvotes": "642", 
            "upvotes": "780"
        }, 
        {
            "champName": "Ahri", 
            "downvotes": "204", 
            "upvotes": "268"
        }, 
        {
            "champName": "Gragas", 
            "downvotes": "144", 
            "upvotes": "200"
        }, 
        {
            "champName": "Lux", 
            "downvotes": "303", 
            "upvotes": "371"
        }, 
        {
            "champName": "Zed", 
            "downvotes": "156", 
            "upvotes": "206"
        }, 
        {
            "champName": "Ziggs", 
            "downvotes": "92", 
            "upvotes": "138"
        }, 
        {
            "champName": "Kassadin", 
            "downvotes": "237", 
            "upvotes": "283"
        }
    ], 
    "StrongAgainst": [
        {
            "champName": "Swain", 
            "downvotes": "836", 
            "upvotes": "2259"
        }, 
        {
            "champName": "Katarina", 
            "downvotes": "318", 
            "upvotes": "779"
        }, 
        {
            "champName": "Rumble", 
            "downvotes": "190", 
            "upvotes": "419"
        }, 
        {
            "champName": "Ryze", 
            "downvotes": "263", 
            "upvotes": "510"
        }, 
        {
            "champName": "Yasuo", 
            "downvotes": "5", 
            "upvotes": "69"
        }, 
        {
            "champName": "Fizz", 
            "downvotes": "184", 
            "upvotes": "343"
        }, 
        {
            "champName": "Karthus", 
            "downvotes": "209", 
            "upvotes": "368"
        }, 
        {
            "champName": "Ahri", 
            "downvotes": "248", 
            "upvotes": "373"
        }, 
        {
            "champName": "Akali", 
            "downvotes": "182", 
            "upvotes": "284"
        }, 
        {
            "champName": "Lux", 
            "downvotes": "95", 
            "upvotes": "167"
        }
    ], 
    "ChampionImageLocation": "http://www.solomid.net/guide/champ/viktor.png", 
    "GoodWith": [
        {
            "champName": "Jarvan IV", 
            "downvotes": "189", 
            "upvotes": "367"
        }, 
        {
            "champName": "Amumu", 
            "downvotes": "156", 
            "upvotes": "219"
        }, 
        {
            "champName": "Sona", 
            "downvotes": "76", 
            "upvotes": "108"
        }, 
        {
            "champName": "Zilean", 
            "downvotes": "90", 
            "upvotes": "104"
        }, 
        {
            "champName": "Leona", 
            "downvotes": "60", 
            "upvotes": "75"
        }, 
        {
            "champName": "Cho'Gath", 
            "downvotes": "85", 
            "upvotes": "98"
        }, 
        {
            "champName": "Aatrox", 
            "downvotes": "61", 
            "upvotes": "75"
        }, 
        {
            "champName": "Diana", 
            "downvotes": "129", 
            "upvotes": "134"
        }, 
        {
            "champName": "Akali", 
            "downvotes": "104", 
            "upvotes": "109"
        }, 
        {
            "champName": "Malzahar", 
            "downvotes": "64", 
            "upvotes": "72"
        }
    ]
}