{
    "ChampionName": {
        "lower": "viktor", 
        "pretty": "Viktor"
    }, 
    "WeakAgainst": [
        {
            "champName": "Syndra", 
            "downvotes": "251", 
            "upvotes": "448"
        }, 
        {
            "champName": "LeBlanc", 
            "downvotes": "407", 
            "upvotes": "628"
        }, 
        {
            "champName": "Talon", 
            "downvotes": "449", 
            "upvotes": "661"
        }, 
        {
            "champName": "Fizz", 
            "downvotes": "647", 
            "upvotes": "782"
        }, 
        {
            "champName": "Ahri", 
            "downvotes": "207", 
            "upvotes": "271"
        }, 
        {
            "champName": "Lux", 
            "downvotes": "303", 
            "upvotes": "373"
        }, 
        {
            "champName": "Gragas", 
            "downvotes": "144", 
            "upvotes": "200"
        }, 
        {
            "champName": "Ziggs", 
            "downvotes": "92", 
            "upvotes": "141"
        }, 
        {
            "champName": "Zed", 
            "downvotes": "158", 
            "upvotes": "207"
        }, 
        {
            "champName": "Kassadin", 
            "downvotes": "237", 
            "upvotes": "285"
        }
    ], 
    "StrongAgainst": [
        {
            "champName": "Swain", 
            "downvotes": "839", 
            "upvotes": "2268"
        }, 
        {
            "champName": "Katarina", 
            "downvotes": "318", 
            "upvotes": "782"
        }, 
        {
            "champName": "Rumble", 
            "downvotes": "191", 
            "upvotes": "422"
        }, 
        {
            "champName": "Ryze", 
            "downvotes": "264", 
            "upvotes": "513"
        }, 
        {
            "champName": "Yasuo", 
            "downvotes": "5", 
            "upvotes": "71"
        }, 
        {
            "champName": "Fizz", 
            "downvotes": "185", 
            "upvotes": "347"
        }, 
        {
            "champName": "Karthus", 
            "downvotes": "210", 
            "upvotes": "368"
        }, 
        {
            "champName": "Ahri", 
            "downvotes": "248", 
            "upvotes": "374"
        }, 
        {
            "champName": "Akali", 
            "downvotes": "183", 
            "upvotes": "285"
        }, 
        {
            "champName": "Lux", 
            "downvotes": "95", 
            "upvotes": "169"
        }
    ], 
    "ChampionImageLocation": "http://www.solomid.net/guide/champ/viktor.png", 
    "GoodWith": [
        {
            "champName": "Jarvan IV", 
            "downvotes": "189", 
            "upvotes": "367"
        }, 
        {
            "champName": "Amumu", 
            "downvotes": "155", 
            "upvotes": "221"
        }, 
        {
            "champName": "Sona", 
            "downvotes": "77", 
            "upvotes": "107"
        }, 
        {
            "champName": "Leona", 
            "downvotes": "59", 
            "upvotes": "76"
        }, 
        {
            "champName": "Zilean", 
            "downvotes": "90", 
            "upvotes": "104"
        }, 
        {
            "champName": "Cho'Gath", 
            "downvotes": "85", 
            "upvotes": "98"
        }, 
        {
            "champName": "Aatrox", 
            "downvotes": "61", 
            "upvotes": "75"
        }, 
        {
            "champName": "Akali", 
            "downvotes": "103", 
            "upvotes": "110"
        }, 
        {
            "champName": "Diana", 
            "downvotes": "130", 
            "upvotes": "133"
        }, 
        {
            "champName": "Malzahar", 
            "downvotes": "65", 
            "upvotes": "71"
        }
    ]
}