{
    "ChampionName": {
        "lower": "vladimir", 
        "pretty": "Vladimir"
    }, 
    "WeakAgainst": [
        {
            "champName": "Swain", 
            "downvotes": "984", 
            "upvotes": "3847"
        }, 
        {
            "champName": "Fiddlesticks", 
            "downvotes": "648", 
            "upvotes": "2077"
        }, 
        {
            "champName": "Malzahar", 
            "downvotes": "650", 
            "upvotes": "1547"
        }, 
        {
            "champName": "Riven", 
            "downvotes": "1604", 
            "upvotes": "2986"
        }, 
        {
            "champName": "Xin Zhao", 
            "downvotes": "722", 
            "upvotes": "1380"
        }, 
        {
            "champName": "Yorick", 
            "downvotes": "264", 
            "upvotes": "536"
        }, 
        {
            "champName": "Irelia", 
            "downvotes": "813", 
            "upvotes": "1500"
        }, 
        {
            "champName": "Aatrox", 
            "downvotes": "45", 
            "upvotes": "146"
        }, 
        {
            "champName": "Kayle", 
            "downvotes": "208", 
            "upvotes": "413"
        }, 
        {
            "champName": "Pantheon", 
            "downvotes": "103", 
            "upvotes": "229"
        }
    ], 
    "StrongAgainst": [
        {
            "champName": "Yasuo", 
            "downvotes": "75", 
            "upvotes": "282"
        }, 
        {
            "champName": "Singed", 
            "downvotes": "1002", 
            "upvotes": "2291"
        }, 
        {
            "champName": "Shen", 
            "downvotes": "1083", 
            "upvotes": "2195"
        }, 
        {
            "champName": "Nasus", 
            "downvotes": "616", 
            "upvotes": "1234"
        }, 
        {
            "champName": "Fizz", 
            "downvotes": "170", 
            "upvotes": "376"
        }, 
        {
            "champName": "Zed", 
            "downvotes": "104", 
            "upvotes": "257"
        }, 
        {
            "champName": "Morgana", 
            "downvotes": "819", 
            "upvotes": "1496"
        }, 
        {
            "champName": "Zed", 
            "downvotes": "374", 
            "upvotes": "721"
        }, 
        {
            "champName": "Tryndamere", 
            "downvotes": "79", 
            "upvotes": "198"
        }, 
        {
            "champName": "Akali", 
            "downvotes": "50", 
            "upvotes": "149"
        }
    ], 
    "ChampionImageLocation": "http://www.solomid.net/guide/champ/vladimir.png", 
    "GoodWith": [
        {
            "champName": "Lulu", 
            "downvotes": "19", 
            "upvotes": "77"
        }, 
        {
            "champName": "Jarvan IV", 
            "downvotes": "129", 
            "upvotes": "294"
        }, 
        {
            "champName": "Kennen", 
            "downvotes": "525", 
            "upvotes": "877"
        }, 
        {
            "champName": "Aatrox", 
            "downvotes": "8", 
            "upvotes": "42"
        }, 
        {
            "champName": "Amumu", 
            "downvotes": "190", 
            "upvotes": "307"
        }, 
        {
            "champName": "Galio", 
            "downvotes": "80", 
            "upvotes": "123"
        }, 
        {
            "champName": "Orianna", 
            "downvotes": "132", 
            "upvotes": "184"
        }, 
        {
            "champName": "Zed", 
            "downvotes": "62", 
            "upvotes": "97"
        }, 
        {
            "champName": "Brand", 
            "downvotes": "329", 
            "upvotes": "393"
        }, 
        {
            "champName": "Karthus", 
            "downvotes": "431", 
            "upvotes": "494"
        }
    ]
}