{
    "ChampionName": {
        "lower": "vladimir", 
        "pretty": "Vladimir"
    }, 
    "WeakAgainst": [
        {
            "champName": "Swain", 
            "downvotes": "984", 
            "upvotes": "3841"
        }, 
        {
            "champName": "Fiddlesticks", 
            "downvotes": "644", 
            "upvotes": "2078"
        }, 
        {
            "champName": "Malzahar", 
            "downvotes": "651", 
            "upvotes": "1540"
        }, 
        {
            "champName": "Riven", 
            "downvotes": "1598", 
            "upvotes": "2978"
        }, 
        {
            "champName": "Xin Zhao", 
            "downvotes": "720", 
            "upvotes": "1375"
        }, 
        {
            "champName": "Yorick", 
            "downvotes": "262", 
            "upvotes": "537"
        }, 
        {
            "champName": "Irelia", 
            "downvotes": "810", 
            "upvotes": "1493"
        }, 
        {
            "champName": "Aatrox", 
            "downvotes": "44", 
            "upvotes": "146"
        }, 
        {
            "champName": "Pantheon", 
            "downvotes": "99", 
            "upvotes": "231"
        }, 
        {
            "champName": "Kayle", 
            "downvotes": "208", 
            "upvotes": "412"
        }
    ], 
    "StrongAgainst": [
        {
            "champName": "Yasuo", 
            "downvotes": "75", 
            "upvotes": "280"
        }, 
        {
            "champName": "Singed", 
            "downvotes": "997", 
            "upvotes": "2285"
        }, 
        {
            "champName": "Shen", 
            "downvotes": "1081", 
            "upvotes": "2187"
        }, 
        {
            "champName": "Nasus", 
            "downvotes": "609", 
            "upvotes": "1229"
        }, 
        {
            "champName": "Fizz", 
            "downvotes": "171", 
            "upvotes": "375"
        }, 
        {
            "champName": "Zed", 
            "downvotes": "104", 
            "upvotes": "254"
        }, 
        {
            "champName": "Zed", 
            "downvotes": "373", 
            "upvotes": "720"
        }, 
        {
            "champName": "Morgana", 
            "downvotes": "816", 
            "upvotes": "1490"
        }, 
        {
            "champName": "Tryndamere", 
            "downvotes": "78", 
            "upvotes": "197"
        }, 
        {
            "champName": "Akali", 
            "downvotes": "50", 
            "upvotes": "148"
        }
    ], 
    "ChampionImageLocation": "http://www.solomid.net/guide/champ/vladimir.png", 
    "GoodWith": [
        {
            "champName": "Jarvan IV", 
            "downvotes": "127", 
            "upvotes": "294"
        }, 
        {
            "champName": "Lulu", 
            "downvotes": "19", 
            "upvotes": "77"
        }, 
        {
            "champName": "Kennen", 
            "downvotes": "525", 
            "upvotes": "874"
        }, 
        {
            "champName": "Aatrox", 
            "downvotes": "8", 
            "upvotes": "42"
        }, 
        {
            "champName": "Amumu", 
            "downvotes": "190", 
            "upvotes": "306"
        }, 
        {
            "champName": "Orianna", 
            "downvotes": "132", 
            "upvotes": "184"
        }, 
        {
            "champName": "Galio", 
            "downvotes": "81", 
            "upvotes": "122"
        }, 
        {
            "champName": "Zed", 
            "downvotes": "62", 
            "upvotes": "97"
        }, 
        {
            "champName": "Brand", 
            "downvotes": "327", 
            "upvotes": "393"
        }, 
        {
            "champName": "Karthus", 
            "downvotes": "430", 
            "upvotes": "494"
        }
    ]
}