{
    "ChampionName": {
        "lower": "volibear", 
        "pretty": "Volibear"
    }, 
    "WeakAgainst": [
        {
            "champName": "Teemo", 
            "downvotes": "1172", 
            "upvotes": "2276"
        }, 
        {
            "champName": "Kayle", 
            "downvotes": "331", 
            "upvotes": "622"
        }, 
        {
            "champName": "Jayce", 
            "downvotes": "375", 
            "upvotes": "673"
        }, 
        {
            "champName": "Kennen", 
            "downvotes": "405", 
            "upvotes": "690"
        }, 
        {
            "champName": "Elise", 
            "downvotes": "200", 
            "upvotes": "370"
        }, 
        {
            "champName": "Aatrox", 
            "downvotes": "59", 
            "upvotes": "142"
        }, 
        {
            "champName": "Vayne", 
            "downvotes": "195", 
            "upvotes": "327"
        }, 
        {
            "champName": "Pantheon", 
            "downvotes": "106", 
            "upvotes": "202"
        }, 
        {
            "champName": "Renekton", 
            "downvotes": "308", 
            "upvotes": "471"
        }, 
        {
            "champName": "Darius", 
            "downvotes": "191", 
            "upvotes": "302"
        }
    ], 
    "StrongAgainst": [
        {
            "champName": "Nasus", 
            "downvotes": "129", 
            "upvotes": "314"
        }, 
        {
            "champName": "Renekton", 
            "downvotes": "301", 
            "upvotes": "589"
        }, 
        {
            "champName": "Olaf", 
            "downvotes": "1099", 
            "upvotes": "1943"
        }, 
        {
            "champName": "Jax", 
            "downvotes": "554", 
            "upvotes": "1002"
        }, 
        {
            "champName": "Riven", 
            "downvotes": "284", 
            "upvotes": "543"
        }, 
        {
            "champName": "Xin Zhao", 
            "downvotes": "511", 
            "upvotes": "857"
        }, 
        {
            "champName": "Wukong", 
            "downvotes": "98", 
            "upvotes": "213"
        }, 
        {
            "champName": "Irelia", 
            "downvotes": "534", 
            "upvotes": "849"
        }, 
        {
            "champName": "Tryndamere", 
            "downvotes": "49", 
            "upvotes": "130"
        }, 
        {
            "champName": "Yasuo", 
            "downvotes": "8", 
            "upvotes": "70"
        }
    ], 
    "ChampionImageLocation": "http://www.solomid.net/guide/champ/volibear.png", 
    "GoodWith": [
        {
            "champName": "Yasuo", 
            "downvotes": "9", 
            "upvotes": "80"
        }, 
        {
            "champName": "Draven", 
            "downvotes": "25", 
            "upvotes": "112"
        }, 
        {
            "champName": "Caitlyn", 
            "downvotes": "41", 
            "upvotes": "140"
        }, 
        {
            "champName": "Varus", 
            "downvotes": "20", 
            "upvotes": "86"
        }, 
        {
            "champName": "Ashe", 
            "downvotes": "183", 
            "upvotes": "400"
        }, 
        {
            "champName": "Aatrox", 
            "downvotes": "11", 
            "upvotes": "61"
        }, 
        {
            "champName": "Darius", 
            "downvotes": "42", 
            "upvotes": "121"
        }, 
        {
            "champName": "Jinx", 
            "downvotes": "9", 
            "upvotes": "54"
        }, 
        {
            "champName": "Jayce", 
            "downvotes": "17", 
            "upvotes": "68"
        }, 
        {
            "champName": "Tristana", 
            "downvotes": "4", 
            "upvotes": "43"
        }
    ]
}