{
    "ChampionName": {
        "lower": "volibear", 
        "pretty": "Volibear"
    }, 
    "WeakAgainst": [
        {
            "champName": "Teemo", 
            "downvotes": "1170", 
            "upvotes": "2267"
        }, 
        {
            "champName": "Kayle", 
            "downvotes": "329", 
            "upvotes": "620"
        }, 
        {
            "champName": "Jayce", 
            "downvotes": "375", 
            "upvotes": "672"
        }, 
        {
            "champName": "Kennen", 
            "downvotes": "401", 
            "upvotes": "690"
        }, 
        {
            "champName": "Elise", 
            "downvotes": "200", 
            "upvotes": "369"
        }, 
        {
            "champName": "Aatrox", 
            "downvotes": "59", 
            "upvotes": "142"
        }, 
        {
            "champName": "Vayne", 
            "downvotes": "195", 
            "upvotes": "325"
        }, 
        {
            "champName": "Renekton", 
            "downvotes": "305", 
            "upvotes": "468"
        }, 
        {
            "champName": "Pantheon", 
            "downvotes": "106", 
            "upvotes": "198"
        }, 
        {
            "champName": "Darius", 
            "downvotes": "189", 
            "upvotes": "298"
        }
    ], 
    "StrongAgainst": [
        {
            "champName": "Nasus", 
            "downvotes": "127", 
            "upvotes": "309"
        }, 
        {
            "champName": "Renekton", 
            "downvotes": "301", 
            "upvotes": "584"
        }, 
        {
            "champName": "Olaf", 
            "downvotes": "1091", 
            "upvotes": "1936"
        }, 
        {
            "champName": "Jax", 
            "downvotes": "549", 
            "upvotes": "994"
        }, 
        {
            "champName": "Riven", 
            "downvotes": "283", 
            "upvotes": "542"
        }, 
        {
            "champName": "Xin Zhao", 
            "downvotes": "510", 
            "upvotes": "854"
        }, 
        {
            "champName": "Wukong", 
            "downvotes": "98", 
            "upvotes": "212"
        }, 
        {
            "champName": "Irelia", 
            "downvotes": "533", 
            "upvotes": "848"
        }, 
        {
            "champName": "Tryndamere", 
            "downvotes": "49", 
            "upvotes": "130"
        }, 
        {
            "champName": "Yasuo", 
            "downvotes": "8", 
            "upvotes": "68"
        }
    ], 
    "ChampionImageLocation": "http://www.solomid.net/guide/champ/volibear.png", 
    "GoodWith": [
        {
            "champName": "Yasuo", 
            "downvotes": "9", 
            "upvotes": "80"
        }, 
        {
            "champName": "Draven", 
            "downvotes": "25", 
            "upvotes": "112"
        }, 
        {
            "champName": "Caitlyn", 
            "downvotes": "42", 
            "upvotes": "139"
        }, 
        {
            "champName": "Varus", 
            "downvotes": "20", 
            "upvotes": "86"
        }, 
        {
            "champName": "Ashe", 
            "downvotes": "183", 
            "upvotes": "400"
        }, 
        {
            "champName": "Darius", 
            "downvotes": "42", 
            "upvotes": "121"
        }, 
        {
            "champName": "Jinx", 
            "downvotes": "9", 
            "upvotes": "54"
        }, 
        {
            "champName": "Aatrox", 
            "downvotes": "12", 
            "upvotes": "59"
        }, 
        {
            "champName": "Jayce", 
            "downvotes": "18", 
            "upvotes": "67"
        }, 
        {
            "champName": "Miss Fortune", 
            "downvotes": "17", 
            "upvotes": "65"
        }
    ]
}