{
    "ChampionName": {
        "lower": "volibear", 
        "pretty": "Volibear"
    }, 
    "WeakAgainst": [
        {
            "champName": "Teemo", 
            "downvotes": "1172", 
            "upvotes": "2274"
        }, 
        {
            "champName": "Kayle", 
            "downvotes": "329", 
            "upvotes": "621"
        }, 
        {
            "champName": "Jayce", 
            "downvotes": "375", 
            "upvotes": "672"
        }, 
        {
            "champName": "Kennen", 
            "downvotes": "403", 
            "upvotes": "691"
        }, 
        {
            "champName": "Elise", 
            "downvotes": "200", 
            "upvotes": "369"
        }, 
        {
            "champName": "Aatrox", 
            "downvotes": "59", 
            "upvotes": "142"
        }, 
        {
            "champName": "Vayne", 
            "downvotes": "195", 
            "upvotes": "327"
        }, 
        {
            "champName": "Pantheon", 
            "downvotes": "106", 
            "upvotes": "199"
        }, 
        {
            "champName": "Renekton", 
            "downvotes": "308", 
            "upvotes": "471"
        }, 
        {
            "champName": "Darius", 
            "downvotes": "190", 
            "upvotes": "301"
        }
    ], 
    "StrongAgainst": [
        {
            "champName": "Nasus", 
            "downvotes": "129", 
            "upvotes": "312"
        }, 
        {
            "champName": "Renekton", 
            "downvotes": "301", 
            "upvotes": "586"
        }, 
        {
            "champName": "Olaf", 
            "downvotes": "1097", 
            "upvotes": "1938"
        }, 
        {
            "champName": "Jax", 
            "downvotes": "551", 
            "upvotes": "995"
        }, 
        {
            "champName": "Riven", 
            "downvotes": "283", 
            "upvotes": "542"
        }, 
        {
            "champName": "Xin Zhao", 
            "downvotes": "510", 
            "upvotes": "857"
        }, 
        {
            "champName": "Wukong", 
            "downvotes": "98", 
            "upvotes": "213"
        }, 
        {
            "champName": "Irelia", 
            "downvotes": "532", 
            "upvotes": "850"
        }, 
        {
            "champName": "Tryndamere", 
            "downvotes": "49", 
            "upvotes": "130"
        }, 
        {
            "champName": "Yasuo", 
            "downvotes": "8", 
            "upvotes": "68"
        }
    ], 
    "ChampionImageLocation": "http://www.solomid.net/guide/champ/volibear.png", 
    "GoodWith": [
        {
            "champName": "Yasuo", 
            "downvotes": "9", 
            "upvotes": "80"
        }, 
        {
            "champName": "Draven", 
            "downvotes": "25", 
            "upvotes": "112"
        }, 
        {
            "champName": "Caitlyn", 
            "downvotes": "42", 
            "upvotes": "139"
        }, 
        {
            "champName": "Varus", 
            "downvotes": "21", 
            "upvotes": "85"
        }, 
        {
            "champName": "Ashe", 
            "downvotes": "183", 
            "upvotes": "400"
        }, 
        {
            "champName": "Darius", 
            "downvotes": "42", 
            "upvotes": "121"
        }, 
        {
            "champName": "Aatrox", 
            "downvotes": "12", 
            "upvotes": "60"
        }, 
        {
            "champName": "Jinx", 
            "downvotes": "9", 
            "upvotes": "54"
        }, 
        {
            "champName": "Jayce", 
            "downvotes": "18", 
            "upvotes": "67"
        }, 
        {
            "champName": "Miss Fortune", 
            "downvotes": "17", 
            "upvotes": "65"
        }
    ]
}