{
    "ChampionName": {
        "lower": "warwick", 
        "pretty": "Warwick"
    }, 
    "WeakAgainst": [
        {
            "champName": "Yorick", 
            "downvotes": "578", 
            "upvotes": "1199"
        }, 
        {
            "champName": "Kayle", 
            "downvotes": "332", 
            "upvotes": "643"
        }, 
        {
            "champName": "Olaf", 
            "downvotes": "403", 
            "upvotes": "647"
        }, 
        {
            "champName": "Udyr", 
            "downvotes": "599", 
            "upvotes": "816"
        }, 
        {
            "champName": "Jax", 
            "downvotes": "232", 
            "upvotes": "337"
        }, 
        {
            "champName": "Renekton", 
            "downvotes": "95", 
            "upvotes": "164"
        }, 
        {
            "champName": "Lee Sin", 
            "downvotes": "222", 
            "upvotes": "313"
        }, 
        {
            "champName": "Rengar", 
            "downvotes": "422", 
            "upvotes": "536"
        }, 
        {
            "champName": "Nasus", 
            "downvotes": "130", 
            "upvotes": "196"
        }, 
        {
            "champName": "Teemo", 
            "downvotes": "305", 
            "upvotes": "386"
        }
    ], 
    "StrongAgainst": [
        {
            "champName": "Cho'Gath", 
            "downvotes": "1078", 
            "upvotes": "2856"
        }, 
        {
            "champName": "Shen", 
            "downvotes": "782", 
            "upvotes": "1951"
        }, 
        {
            "champName": "Dr. Mundo", 
            "downvotes": "41", 
            "upvotes": "133"
        }, 
        {
            "champName": "Singed", 
            "downvotes": "272", 
            "upvotes": "465"
        }, 
        {
            "champName": "Renekton", 
            "downvotes": "74", 
            "upvotes": "168"
        }, 
        {
            "champName": "Malphite", 
            "downvotes": "376", 
            "upvotes": "564"
        }, 
        {
            "champName": "Aatrox", 
            "downvotes": "151", 
            "upvotes": "251"
        }, 
        {
            "champName": "Nasus", 
            "downvotes": "162", 
            "upvotes": "262"
        }, 
        {
            "champName": "Riven", 
            "downvotes": "111", 
            "upvotes": "191"
        }, 
        {
            "champName": "Jax", 
            "downvotes": "350", 
            "upvotes": "483"
        }
    ], 
    "ChampionImageLocation": "http://www.solomid.net/guide/champ/warwick.png", 
    "GoodWith": [
        {
            "champName": "Malzahar", 
            "downvotes": "344", 
            "upvotes": "599"
        }, 
        {
            "champName": "Katarina", 
            "downvotes": "155", 
            "upvotes": "264"
        }, 
        {
            "champName": "Caitlyn", 
            "downvotes": "20", 
            "upvotes": "60"
        }, 
        {
            "champName": "Lee Sin", 
            "downvotes": "448", 
            "upvotes": "632"
        }, 
        {
            "champName": "Lux", 
            "downvotes": "107", 
            "upvotes": "169"
        }, 
        {
            "champName": "Veigar", 
            "downvotes": "345", 
            "upvotes": "480"
        }, 
        {
            "champName": "Aatrox", 
            "downvotes": "20", 
            "upvotes": "43"
        }, 
        {
            "champName": "Jax", 
            "downvotes": "11", 
            "upvotes": "32"
        }, 
        {
            "champName": "Fizz", 
            "downvotes": "140", 
            "upvotes": "164"
        }, 
        {
            "champName": "Ahri", 
            "downvotes": "58", 
            "upvotes": "76"
        }
    ]
}