{
    "ChampionName": {
        "lower": "warwick", 
        "pretty": "Warwick"
    }, 
    "WeakAgainst": [
        {
            "champName": "Yorick", 
            "downvotes": "576", 
            "upvotes": "1197"
        }, 
        {
            "champName": "Kayle", 
            "downvotes": "331", 
            "upvotes": "642"
        }, 
        {
            "champName": "Olaf", 
            "downvotes": "399", 
            "upvotes": "647"
        }, 
        {
            "champName": "Udyr", 
            "downvotes": "596", 
            "upvotes": "810"
        }, 
        {
            "champName": "Jax", 
            "downvotes": "231", 
            "upvotes": "332"
        }, 
        {
            "champName": "Renekton", 
            "downvotes": "94", 
            "upvotes": "162"
        }, 
        {
            "champName": "Lee Sin", 
            "downvotes": "220", 
            "upvotes": "308"
        }, 
        {
            "champName": "Rengar", 
            "downvotes": "422", 
            "upvotes": "534"
        }, 
        {
            "champName": "Nasus", 
            "downvotes": "131", 
            "upvotes": "193"
        }, 
        {
            "champName": "Teemo", 
            "downvotes": "302", 
            "upvotes": "386"
        }
    ], 
    "StrongAgainst": [
        {
            "champName": "Cho'Gath", 
            "downvotes": "1075", 
            "upvotes": "2853"
        }, 
        {
            "champName": "Shen", 
            "downvotes": "782", 
            "upvotes": "1942"
        }, 
        {
            "champName": "Dr. Mundo", 
            "downvotes": "41", 
            "upvotes": "132"
        }, 
        {
            "champName": "Singed", 
            "downvotes": "273", 
            "upvotes": "462"
        }, 
        {
            "champName": "Renekton", 
            "downvotes": "75", 
            "upvotes": "163"
        }, 
        {
            "champName": "Malphite", 
            "downvotes": "377", 
            "upvotes": "561"
        }, 
        {
            "champName": "Aatrox", 
            "downvotes": "153", 
            "upvotes": "249"
        }, 
        {
            "champName": "Nasus", 
            "downvotes": "163", 
            "upvotes": "259"
        }, 
        {
            "champName": "Riven", 
            "downvotes": "110", 
            "upvotes": "189"
        }, 
        {
            "champName": "Jax", 
            "downvotes": "347", 
            "upvotes": "477"
        }
    ], 
    "ChampionImageLocation": "http://www.solomid.net/guide/champ/warwick.png", 
    "GoodWith": [
        {
            "champName": "Malzahar", 
            "downvotes": "345", 
            "upvotes": "595"
        }, 
        {
            "champName": "Caitlyn", 
            "downvotes": "20", 
            "upvotes": "60"
        }, 
        {
            "champName": "Katarina", 
            "downvotes": "156", 
            "upvotes": "263"
        }, 
        {
            "champName": "Lux", 
            "downvotes": "105", 
            "upvotes": "171"
        }, 
        {
            "champName": "Lee Sin", 
            "downvotes": "450", 
            "upvotes": "627"
        }, 
        {
            "champName": "Veigar", 
            "downvotes": "344", 
            "upvotes": "481"
        }, 
        {
            "champName": "Aatrox", 
            "downvotes": "19", 
            "upvotes": "44"
        }, 
        {
            "champName": "Jax", 
            "downvotes": "11", 
            "upvotes": "32"
        }, 
        {
            "champName": "Fizz", 
            "downvotes": "140", 
            "upvotes": "164"
        }, 
        {
            "champName": "Ahri", 
            "downvotes": "58", 
            "upvotes": "76"
        }
    ]
}