{
    "ChampionName": {
        "lower": "warwick", 
        "pretty": "Warwick"
    }, 
    "WeakAgainst": [
        {
            "champName": "Yorick", 
            "downvotes": "577", 
            "upvotes": "1197"
        }, 
        {
            "champName": "Kayle", 
            "downvotes": "331", 
            "upvotes": "643"
        }, 
        {
            "champName": "Olaf", 
            "downvotes": "401", 
            "upvotes": "647"
        }, 
        {
            "champName": "Udyr", 
            "downvotes": "596", 
            "upvotes": "814"
        }, 
        {
            "champName": "Jax", 
            "downvotes": "233", 
            "upvotes": "333"
        }, 
        {
            "champName": "Renekton", 
            "downvotes": "94", 
            "upvotes": "163"
        }, 
        {
            "champName": "Lee Sin", 
            "downvotes": "221", 
            "upvotes": "310"
        }, 
        {
            "champName": "Rengar", 
            "downvotes": "422", 
            "upvotes": "534"
        }, 
        {
            "champName": "Nasus", 
            "downvotes": "130", 
            "upvotes": "194"
        }, 
        {
            "champName": "Teemo", 
            "downvotes": "305", 
            "upvotes": "385"
        }
    ], 
    "StrongAgainst": [
        {
            "champName": "Cho'Gath", 
            "downvotes": "1078", 
            "upvotes": "2856"
        }, 
        {
            "champName": "Shen", 
            "downvotes": "781", 
            "upvotes": "1945"
        }, 
        {
            "champName": "Dr. Mundo", 
            "downvotes": "41", 
            "upvotes": "133"
        }, 
        {
            "champName": "Singed", 
            "downvotes": "272", 
            "upvotes": "464"
        }, 
        {
            "champName": "Renekton", 
            "downvotes": "74", 
            "upvotes": "166"
        }, 
        {
            "champName": "Malphite", 
            "downvotes": "375", 
            "upvotes": "563"
        }, 
        {
            "champName": "Nasus", 
            "downvotes": "162", 
            "upvotes": "261"
        }, 
        {
            "champName": "Aatrox", 
            "downvotes": "153", 
            "upvotes": "249"
        }, 
        {
            "champName": "Riven", 
            "downvotes": "110", 
            "upvotes": "190"
        }, 
        {
            "champName": "Jax", 
            "downvotes": "348", 
            "upvotes": "480"
        }
    ], 
    "ChampionImageLocation": "http://www.solomid.net/guide/champ/warwick.png", 
    "GoodWith": [
        {
            "champName": "Malzahar", 
            "downvotes": "343", 
            "upvotes": "598"
        }, 
        {
            "champName": "Caitlyn", 
            "downvotes": "20", 
            "upvotes": "60"
        }, 
        {
            "champName": "Katarina", 
            "downvotes": "156", 
            "upvotes": "263"
        }, 
        {
            "champName": "Lux", 
            "downvotes": "106", 
            "upvotes": "170"
        }, 
        {
            "champName": "Lee Sin", 
            "downvotes": "450", 
            "upvotes": "630"
        }, 
        {
            "champName": "Veigar", 
            "downvotes": "344", 
            "upvotes": "481"
        }, 
        {
            "champName": "Aatrox", 
            "downvotes": "19", 
            "upvotes": "44"
        }, 
        {
            "champName": "Jax", 
            "downvotes": "11", 
            "upvotes": "32"
        }, 
        {
            "champName": "Fizz", 
            "downvotes": "140", 
            "upvotes": "164"
        }, 
        {
            "champName": "Ahri", 
            "downvotes": "58", 
            "upvotes": "76"
        }
    ]
}