{
    "ChampionName": {
        "lower": "wukong", 
        "pretty": "Wukong"
    }, 
    "WeakAgainst": [
        {
            "champName": "Lee Sin", 
            "downvotes": "1886", 
            "upvotes": "5515"
        }, 
        {
            "champName": "Darius", 
            "downvotes": "2041", 
            "upvotes": "4919"
        }, 
        {
            "champName": "Garen", 
            "downvotes": "1296", 
            "upvotes": "2606"
        }, 
        {
            "champName": "Soraka", 
            "downvotes": "95", 
            "upvotes": "257"
        }, 
        {
            "champName": "Olaf", 
            "downvotes": "953", 
            "upvotes": "1882"
        }, 
        {
            "champName": "Renekton", 
            "downvotes": "865", 
            "upvotes": "1679"
        }, 
        {
            "champName": "Pantheon", 
            "downvotes": "614", 
            "upvotes": "1213"
        }, 
        {
            "champName": "Shyvana", 
            "downvotes": "87", 
            "upvotes": "228"
        }, 
        {
            "champName": "Aatrox", 
            "downvotes": "93", 
            "upvotes": "223"
        }, 
        {
            "champName": "Jax", 
            "downvotes": "116", 
            "upvotes": "253"
        }
    ], 
    "StrongAgainst": [
        {
            "champName": "Zed", 
            "downvotes": "1117", 
            "upvotes": "2575"
        }, 
        {
            "champName": "Aatrox", 
            "downvotes": "79", 
            "upvotes": "202"
        }, 
        {
            "champName": "Jax", 
            "downvotes": "40", 
            "upvotes": "133"
        }, 
        {
            "champName": "Yasuo", 
            "downvotes": "80", 
            "upvotes": "191"
        }, 
        {
            "champName": "Teemo", 
            "downvotes": "1033", 
            "upvotes": "1702"
        }, 
        {
            "champName": "Elise", 
            "downvotes": "939", 
            "upvotes": "1540"
        }, 
        {
            "champName": "Jayce", 
            "downvotes": "1788", 
            "upvotes": "2858"
        }, 
        {
            "champName": "Nasus", 
            "downvotes": "116", 
            "upvotes": "241"
        }, 
        {
            "champName": "Master Yi", 
            "downvotes": "549", 
            "upvotes": "887"
        }, 
        {
            "champName": "Jax", 
            "downvotes": "610", 
            "upvotes": "975"
        }
    ], 
    "ChampionImageLocation": "http://www.solomid.net/guide/champ/wukong.png", 
    "GoodWith": [
        {
            "champName": "Yasuo", 
            "downvotes": "139", 
            "upvotes": "681"
        }, 
        {
            "champName": "Lulu", 
            "downvotes": "31", 
            "upvotes": "109"
        }, 
        {
            "champName": "Aatrox", 
            "downvotes": "20", 
            "upvotes": "80"
        }, 
        {
            "champName": "Jarvan IV", 
            "downvotes": "178", 
            "upvotes": "395"
        }, 
        {
            "champName": "Orianna", 
            "downvotes": "430", 
            "upvotes": "867"
        }, 
        {
            "champName": "Katarina", 
            "downvotes": "204", 
            "upvotes": "429"
        }, 
        {
            "champName": "Soraka", 
            "downvotes": "5", 
            "upvotes": "47"
        }, 
        {
            "champName": "Galio", 
            "downvotes": "169", 
            "upvotes": "333"
        }, 
        {
            "champName": "Sejuani", 
            "downvotes": "19", 
            "upvotes": "63"
        }, 
        {
            "champName": "Amumu", 
            "downvotes": "229", 
            "upvotes": "402"
        }
    ]
}