{
    "ChampionName": {
        "lower": "wukong", 
        "pretty": "Wukong"
    }, 
    "WeakAgainst": [
        {
            "champName": "Lee Sin", 
            "downvotes": "1879", 
            "upvotes": "5496"
        }, 
        {
            "champName": "Darius", 
            "downvotes": "2034", 
            "upvotes": "4909"
        }, 
        {
            "champName": "Garen", 
            "downvotes": "1291", 
            "upvotes": "2594"
        }, 
        {
            "champName": "Olaf", 
            "downvotes": "949", 
            "upvotes": "1874"
        }, 
        {
            "champName": "Renekton", 
            "downvotes": "862", 
            "upvotes": "1673"
        }, 
        {
            "champName": "Pantheon", 
            "downvotes": "613", 
            "upvotes": "1206"
        }, 
        {
            "champName": "Soraka", 
            "downvotes": "96", 
            "upvotes": "248"
        }, 
        {
            "champName": "Shyvana", 
            "downvotes": "86", 
            "upvotes": "226"
        }, 
        {
            "champName": "Aatrox", 
            "downvotes": "91", 
            "upvotes": "222"
        }, 
        {
            "champName": "Jax", 
            "downvotes": "116", 
            "upvotes": "251"
        }
    ], 
    "StrongAgainst": [
        {
            "champName": "Zed", 
            "downvotes": "1111", 
            "upvotes": "2558"
        }, 
        {
            "champName": "Aatrox", 
            "downvotes": "78", 
            "upvotes": "203"
        }, 
        {
            "champName": "Jax", 
            "downvotes": "38", 
            "upvotes": "129"
        }, 
        {
            "champName": "Yasuo", 
            "downvotes": "77", 
            "upvotes": "191"
        }, 
        {
            "champName": "Teemo", 
            "downvotes": "1028", 
            "upvotes": "1696"
        }, 
        {
            "champName": "Nasus", 
            "downvotes": "113", 
            "upvotes": "242"
        }, 
        {
            "champName": "Elise", 
            "downvotes": "938", 
            "upvotes": "1534"
        }, 
        {
            "champName": "Jayce", 
            "downvotes": "1788", 
            "upvotes": "2854"
        }, 
        {
            "champName": "Master Yi", 
            "downvotes": "546", 
            "upvotes": "888"
        }, 
        {
            "champName": "Kha'Zix", 
            "downvotes": "140", 
            "upvotes": "270"
        }
    ], 
    "ChampionImageLocation": "http://www.solomid.net/guide/champ/wukong.png", 
    "GoodWith": [
        {
            "champName": "Yasuo", 
            "downvotes": "137", 
            "upvotes": "673"
        }, 
        {
            "champName": "Lulu", 
            "downvotes": "30", 
            "upvotes": "110"
        }, 
        {
            "champName": "Jarvan IV", 
            "downvotes": "174", 
            "upvotes": "395"
        }, 
        {
            "champName": "Soraka", 
            "downvotes": "4", 
            "upvotes": "48"
        }, 
        {
            "champName": "Orianna", 
            "downvotes": "428", 
            "upvotes": "866"
        }, 
        {
            "champName": "Aatrox", 
            "downvotes": "21", 
            "upvotes": "79"
        }, 
        {
            "champName": "Katarina", 
            "downvotes": "202", 
            "upvotes": "427"
        }, 
        {
            "champName": "Galio", 
            "downvotes": "169", 
            "upvotes": "333"
        }, 
        {
            "champName": "Amumu", 
            "downvotes": "228", 
            "upvotes": "400"
        }, 
        {
            "champName": "Sejuani", 
            "downvotes": "19", 
            "upvotes": "62"
        }
    ]
}