{
    "ChampionName": {
        "lower": "xerath", 
        "pretty": "Xerath"
    }, 
    "WeakAgainst": [
        {
            "champName": "Ahri", 
            "downvotes": "1516", 
            "upvotes": "3191"
        }, 
        {
            "champName": "Fizz", 
            "downvotes": "513", 
            "upvotes": "866"
        }, 
        {
            "champName": "LeBlanc", 
            "downvotes": "430", 
            "upvotes": "693"
        }, 
        {
            "champName": "Gragas", 
            "downvotes": "150", 
            "upvotes": "253"
        }, 
        {
            "champName": "Kassadin", 
            "downvotes": "503", 
            "upvotes": "698"
        }, 
        {
            "champName": "Yasuo", 
            "downvotes": "134", 
            "upvotes": "220"
        }, 
        {
            "champName": "Syndra", 
            "downvotes": "171", 
            "upvotes": "265"
        }, 
        {
            "champName": "Zed", 
            "downvotes": "121", 
            "upvotes": "202"
        }, 
        {
            "champName": "Aatrox", 
            "downvotes": "25", 
            "upvotes": "71"
        }, 
        {
            "champName": "Malzahar", 
            "downvotes": "146", 
            "upvotes": "197"
        }
    ], 
    "StrongAgainst": [
        {
            "champName": "Ryze", 
            "downvotes": "626", 
            "upvotes": "1852"
        }, 
        {
            "champName": "Vel'Koz", 
            "downvotes": "37", 
            "upvotes": "178"
        }, 
        {
            "champName": "Yasuo", 
            "downvotes": "14", 
            "upvotes": "90"
        }, 
        {
            "champName": "Heimerdinger", 
            "downvotes": "195", 
            "upvotes": "378"
        }, 
        {
            "champName": "Vel'Koz", 
            "downvotes": "13", 
            "upvotes": "84"
        }, 
        {
            "champName": "Karthus", 
            "downvotes": "212", 
            "upvotes": "393"
        }, 
        {
            "champName": "Orianna", 
            "downvotes": "63", 
            "upvotes": "145"
        }, 
        {
            "champName": "Lissandra", 
            "downvotes": "148", 
            "upvotes": "263"
        }, 
        {
            "champName": "Fizz", 
            "downvotes": "23", 
            "upvotes": "88"
        }, 
        {
            "champName": "Annie", 
            "downvotes": "395", 
            "upvotes": "604"
        }
    ], 
    "ChampionImageLocation": "http://www.solomid.net/guide/champ/xerath.png", 
    "GoodWith": [
        {
            "champName": "Amumu", 
            "downvotes": "134", 
            "upvotes": "218"
        }, 
        {
            "champName": "Jarvan IV", 
            "downvotes": "222", 
            "upvotes": "317"
        }, 
        {
            "champName": "Varus", 
            "downvotes": "177", 
            "upvotes": "212"
        }, 
        {
            "champName": "Leona", 
            "downvotes": "99", 
            "upvotes": "115"
        }, 
        {
            "champName": "Aatrox", 
            "downvotes": "88", 
            "upvotes": "104"
        }, 
        {
            "champName": "Rammus", 
            "downvotes": "129", 
            "upvotes": "121"
        }, 
        {
            "champName": "Quinn", 
            "downvotes": "53", 
            "upvotes": "58"
        }, 
        {
            "champName": "Akali", 
            "downvotes": "84", 
            "upvotes": "81"
        }, 
        {
            "champName": "Evelynn", 
            "downvotes": "59", 
            "upvotes": "60"
        }, 
        {
            "champName": "Skarner", 
            "downvotes": "42", 
            "upvotes": "47"
        }
    ]
}