{
    "ChampionName": {
        "lower": "xerath", 
        "pretty": "Xerath"
    }, 
    "WeakAgainst": [
        {
            "champName": "Ahri", 
            "downvotes": "1521", 
            "upvotes": "3196"
        }, 
        {
            "champName": "Fizz", 
            "downvotes": "518", 
            "upvotes": "869"
        }, 
        {
            "champName": "LeBlanc", 
            "downvotes": "434", 
            "upvotes": "694"
        }, 
        {
            "champName": "Gragas", 
            "downvotes": "150", 
            "upvotes": "254"
        }, 
        {
            "champName": "Kassadin", 
            "downvotes": "505", 
            "upvotes": "697"
        }, 
        {
            "champName": "Zed", 
            "downvotes": "121", 
            "upvotes": "204"
        }, 
        {
            "champName": "Syndra", 
            "downvotes": "172", 
            "upvotes": "265"
        }, 
        {
            "champName": "Yasuo", 
            "downvotes": "137", 
            "upvotes": "221"
        }, 
        {
            "champName": "Aatrox", 
            "downvotes": "25", 
            "upvotes": "71"
        }, 
        {
            "champName": "Ziggs", 
            "downvotes": "34", 
            "upvotes": "79"
        }
    ], 
    "StrongAgainst": [
        {
            "champName": "Ryze", 
            "downvotes": "627", 
            "upvotes": "1859"
        }, 
        {
            "champName": "Vel'Koz", 
            "downvotes": "37", 
            "upvotes": "180"
        }, 
        {
            "champName": "Yasuo", 
            "downvotes": "14", 
            "upvotes": "90"
        }, 
        {
            "champName": "Heimerdinger", 
            "downvotes": "194", 
            "upvotes": "383"
        }, 
        {
            "champName": "Vel'Koz", 
            "downvotes": "13", 
            "upvotes": "84"
        }, 
        {
            "champName": "Karthus", 
            "downvotes": "212", 
            "upvotes": "395"
        }, 
        {
            "champName": "Orianna", 
            "downvotes": "62", 
            "upvotes": "146"
        }, 
        {
            "champName": "Lissandra", 
            "downvotes": "148", 
            "upvotes": "264"
        }, 
        {
            "champName": "Annie", 
            "downvotes": "397", 
            "upvotes": "606"
        }, 
        {
            "champName": "Fizz", 
            "downvotes": "25", 
            "upvotes": "90"
        }
    ], 
    "ChampionImageLocation": "http://www.solomid.net/guide/champ/xerath.png", 
    "GoodWith": [
        {
            "champName": "Amumu", 
            "downvotes": "134", 
            "upvotes": "219"
        }, 
        {
            "champName": "Jarvan IV", 
            "downvotes": "221", 
            "upvotes": "319"
        }, 
        {
            "champName": "Varus", 
            "downvotes": "179", 
            "upvotes": "210"
        }, 
        {
            "champName": "Leona", 
            "downvotes": "99", 
            "upvotes": "115"
        }, 
        {
            "champName": "Aatrox", 
            "downvotes": "88", 
            "upvotes": "104"
        }, 
        {
            "champName": "Rammus", 
            "downvotes": "128", 
            "upvotes": "122"
        }, 
        {
            "champName": "Quinn", 
            "downvotes": "53", 
            "upvotes": "58"
        }, 
        {
            "champName": "Evelynn", 
            "downvotes": "58", 
            "upvotes": "61"
        }, 
        {
            "champName": "Akali", 
            "downvotes": "84", 
            "upvotes": "81"
        }, 
        {
            "champName": "Jayce", 
            "downvotes": "42", 
            "upvotes": "46"
        }
    ]
}