{
    "ChampionName": {
        "lower": "xinzhao", 
        "pretty": "Xin Zhao"
    }, 
    "WeakAgainst": [
        {
            "champName": "Jax", 
            "downvotes": "1165", 
            "upvotes": "3203"
        }, 
        {
            "champName": "Malphite", 
            "downvotes": "536", 
            "upvotes": "1414"
        }, 
        {
            "champName": "Pantheon", 
            "downvotes": "297", 
            "upvotes": "536"
        }, 
        {
            "champName": "Volibear", 
            "downvotes": "510", 
            "upvotes": "857"
        }, 
        {
            "champName": "Malphite", 
            "downvotes": "491", 
            "upvotes": "806"
        }, 
        {
            "champName": "Teemo", 
            "downvotes": "339", 
            "upvotes": "547"
        }, 
        {
            "champName": "Fiora", 
            "downvotes": "171", 
            "upvotes": "304"
        }, 
        {
            "champName": "Riven", 
            "downvotes": "94", 
            "upvotes": "181"
        }, 
        {
            "champName": "Renekton", 
            "downvotes": "248", 
            "upvotes": "378"
        }, 
        {
            "champName": "Aatrox", 
            "downvotes": "79", 
            "upvotes": "151"
        }
    ], 
    "StrongAgainst": [
        {
            "champName": "Yasuo", 
            "downvotes": "115", 
            "upvotes": "375"
        }, 
        {
            "champName": "Vladimir", 
            "downvotes": "720", 
            "upvotes": "1379"
        }, 
        {
            "champName": "Nasus", 
            "downvotes": "71", 
            "upvotes": "197"
        }, 
        {
            "champName": "Yasuo", 
            "downvotes": "11", 
            "upvotes": "90"
        }, 
        {
            "champName": "Aatrox", 
            "downvotes": "231", 
            "upvotes": "465"
        }, 
        {
            "champName": "Darius", 
            "downvotes": "572", 
            "upvotes": "1034"
        }, 
        {
            "champName": "Riven", 
            "downvotes": "177", 
            "upvotes": "362"
        }, 
        {
            "champName": "Aatrox", 
            "downvotes": "53", 
            "upvotes": "155"
        }, 
        {
            "champName": "Rumble", 
            "downvotes": "690", 
            "upvotes": "1214"
        }, 
        {
            "champName": "Zed", 
            "downvotes": "185", 
            "upvotes": "373"
        }
    ], 
    "ChampionImageLocation": "http://www.solomid.net/guide/champ/xinzhao.png", 
    "GoodWith": [
        {
            "champName": "Yasuo", 
            "downvotes": "27", 
            "upvotes": "176"
        }, 
        {
            "champName": "Aatrox", 
            "downvotes": "15", 
            "upvotes": "63"
        }, 
        {
            "champName": "Jax", 
            "downvotes": "39", 
            "upvotes": "94"
        }, 
        {
            "champName": "Darius", 
            "downvotes": "27", 
            "upvotes": "74"
        }, 
        {
            "champName": "Blitzcrank", 
            "downvotes": "227", 
            "upvotes": "375"
        }, 
        {
            "champName": "Jarvan IV", 
            "downvotes": "369", 
            "upvotes": "584"
        }, 
        {
            "champName": "Pantheon", 
            "downvotes": "381", 
            "upvotes": "558"
        }, 
        {
            "champName": "Teemo", 
            "downvotes": "14", 
            "upvotes": "47"
        }, 
        {
            "champName": "Akali", 
            "downvotes": "20", 
            "upvotes": "54"
        }, 
        {
            "champName": "Kha'Zix", 
            "downvotes": "378", 
            "upvotes": "536"
        }
    ]
}