{
    "ChampionName": {
        "lower": "xinzhao", 
        "pretty": "Xin Zhao"
    }, 
    "WeakAgainst": [
        {
            "champName": "Jax", 
            "downvotes": "1160", 
            "upvotes": "3196"
        }, 
        {
            "champName": "Malphite", 
            "downvotes": "533", 
            "upvotes": "1414"
        }, 
        {
            "champName": "Pantheon", 
            "downvotes": "296", 
            "upvotes": "535"
        }, 
        {
            "champName": "Volibear", 
            "downvotes": "510", 
            "upvotes": "854"
        }, 
        {
            "champName": "Malphite", 
            "downvotes": "492", 
            "upvotes": "805"
        }, 
        {
            "champName": "Teemo", 
            "downvotes": "339", 
            "upvotes": "547"
        }, 
        {
            "champName": "Fiora", 
            "downvotes": "171", 
            "upvotes": "304"
        }, 
        {
            "champName": "Riven", 
            "downvotes": "94", 
            "upvotes": "181"
        }, 
        {
            "champName": "Renekton", 
            "downvotes": "248", 
            "upvotes": "378"
        }, 
        {
            "champName": "Nasus", 
            "downvotes": "62", 
            "upvotes": "130"
        }
    ], 
    "StrongAgainst": [
        {
            "champName": "Yasuo", 
            "downvotes": "115", 
            "upvotes": "375"
        }, 
        {
            "champName": "Vladimir", 
            "downvotes": "720", 
            "upvotes": "1375"
        }, 
        {
            "champName": "Nasus", 
            "downvotes": "71", 
            "upvotes": "195"
        }, 
        {
            "champName": "Yasuo", 
            "downvotes": "11", 
            "upvotes": "89"
        }, 
        {
            "champName": "Aatrox", 
            "downvotes": "231", 
            "upvotes": "464"
        }, 
        {
            "champName": "Darius", 
            "downvotes": "572", 
            "upvotes": "1033"
        }, 
        {
            "champName": "Riven", 
            "downvotes": "177", 
            "upvotes": "362"
        }, 
        {
            "champName": "Aatrox", 
            "downvotes": "53", 
            "upvotes": "155"
        }, 
        {
            "champName": "Zed", 
            "downvotes": "184", 
            "upvotes": "373"
        }, 
        {
            "champName": "Rumble", 
            "downvotes": "689", 
            "upvotes": "1212"
        }
    ], 
    "ChampionImageLocation": "http://www.solomid.net/guide/champ/xinzhao.png", 
    "GoodWith": [
        {
            "champName": "Yasuo", 
            "downvotes": "27", 
            "upvotes": "176"
        }, 
        {
            "champName": "Aatrox", 
            "downvotes": "15", 
            "upvotes": "63"
        }, 
        {
            "champName": "Jax", 
            "downvotes": "39", 
            "upvotes": "94"
        }, 
        {
            "champName": "Darius", 
            "downvotes": "27", 
            "upvotes": "74"
        }, 
        {
            "champName": "Blitzcrank", 
            "downvotes": "227", 
            "upvotes": "375"
        }, 
        {
            "champName": "Jarvan IV", 
            "downvotes": "369", 
            "upvotes": "582"
        }, 
        {
            "champName": "Pantheon", 
            "downvotes": "377", 
            "upvotes": "560"
        }, 
        {
            "champName": "Teemo", 
            "downvotes": "14", 
            "upvotes": "47"
        }, 
        {
            "champName": "Akali", 
            "downvotes": "20", 
            "upvotes": "54"
        }, 
        {
            "champName": "Kha'Zix", 
            "downvotes": "378", 
            "upvotes": "535"
        }
    ]
}