{
    "ChampionName": {
        "lower": "xinzhao", 
        "pretty": "Xin Zhao"
    }, 
    "WeakAgainst": [
        {
            "champName": "Jax", 
            "downvotes": "1168", 
            "upvotes": "3211"
        }, 
        {
            "champName": "Malphite", 
            "downvotes": "537", 
            "upvotes": "1417"
        }, 
        {
            "champName": "Pantheon", 
            "downvotes": "298", 
            "upvotes": "537"
        }, 
        {
            "champName": "Volibear", 
            "downvotes": "511", 
            "upvotes": "857"
        }, 
        {
            "champName": "Malphite", 
            "downvotes": "492", 
            "upvotes": "807"
        }, 
        {
            "champName": "Teemo", 
            "downvotes": "339", 
            "upvotes": "549"
        }, 
        {
            "champName": "Fiora", 
            "downvotes": "171", 
            "upvotes": "305"
        }, 
        {
            "champName": "Riven", 
            "downvotes": "95", 
            "upvotes": "182"
        }, 
        {
            "champName": "Renekton", 
            "downvotes": "248", 
            "upvotes": "378"
        }, 
        {
            "champName": "Aatrox", 
            "downvotes": "79", 
            "upvotes": "151"
        }
    ], 
    "StrongAgainst": [
        {
            "champName": "Yasuo", 
            "downvotes": "115", 
            "upvotes": "376"
        }, 
        {
            "champName": "Vladimir", 
            "downvotes": "722", 
            "upvotes": "1380"
        }, 
        {
            "champName": "Nasus", 
            "downvotes": "71", 
            "upvotes": "199"
        }, 
        {
            "champName": "Yasuo", 
            "downvotes": "12", 
            "upvotes": "91"
        }, 
        {
            "champName": "Aatrox", 
            "downvotes": "231", 
            "upvotes": "465"
        }, 
        {
            "champName": "Darius", 
            "downvotes": "574", 
            "upvotes": "1034"
        }, 
        {
            "champName": "Aatrox", 
            "downvotes": "53", 
            "upvotes": "156"
        }, 
        {
            "champName": "Riven", 
            "downvotes": "177", 
            "upvotes": "362"
        }, 
        {
            "champName": "Rumble", 
            "downvotes": "690", 
            "upvotes": "1215"
        }, 
        {
            "champName": "Zed", 
            "downvotes": "185", 
            "upvotes": "373"
        }
    ], 
    "ChampionImageLocation": "http://www.solomid.net/guide/champ/xinzhao.png", 
    "GoodWith": [
        {
            "champName": "Yasuo", 
            "downvotes": "27", 
            "upvotes": "177"
        }, 
        {
            "champName": "Aatrox", 
            "downvotes": "15", 
            "upvotes": "63"
        }, 
        {
            "champName": "Jax", 
            "downvotes": "39", 
            "upvotes": "94"
        }, 
        {
            "champName": "Darius", 
            "downvotes": "27", 
            "upvotes": "74"
        }, 
        {
            "champName": "Blitzcrank", 
            "downvotes": "228", 
            "upvotes": "375"
        }, 
        {
            "champName": "Jarvan IV", 
            "downvotes": "370", 
            "upvotes": "584"
        }, 
        {
            "champName": "Pantheon", 
            "downvotes": "381", 
            "upvotes": "560"
        }, 
        {
            "champName": "Teemo", 
            "downvotes": "14", 
            "upvotes": "47"
        }, 
        {
            "champName": "Akali", 
            "downvotes": "20", 
            "upvotes": "54"
        }, 
        {
            "champName": "Kha'Zix", 
            "downvotes": "378", 
            "upvotes": "536"
        }
    ]
}