{
    "ChampionName": {
        "lower": "yasuo", 
        "pretty": "Yasuo"
    }, 
    "WeakAgainst": [
        {
            "champName": "Jax", 
            "downvotes": "2102", 
            "upvotes": "9519"
        }, 
        {
            "champName": "Fiora", 
            "downvotes": "594", 
            "upvotes": "2177"
        }, 
        {
            "champName": "Kayle", 
            "downvotes": "446", 
            "upvotes": "1438"
        }, 
        {
            "champName": "Ryze", 
            "downvotes": "102", 
            "upvotes": "373"
        }, 
        {
            "champName": "Swain", 
            "downvotes": "45", 
            "upvotes": "216"
        }, 
        {
            "champName": "Darius", 
            "downvotes": "563", 
            "upvotes": "1512"
        }, 
        {
            "champName": "Kayle", 
            "downvotes": "97", 
            "upvotes": "343"
        }, 
        {
            "champName": "Soraka", 
            "downvotes": "888", 
            "upvotes": "2314"
        }, 
        {
            "champName": "Aatrox", 
            "downvotes": "227", 
            "upvotes": "663"
        }, 
        {
            "champName": "Akali", 
            "downvotes": "640", 
            "upvotes": "1687"
        }
    ], 
    "StrongAgainst": [
        {
            "champName": "Vel'Koz", 
            "downvotes": "1004", 
            "upvotes": "5401"
        }, 
        {
            "champName": "Nidalee", 
            "downvotes": "732", 
            "upvotes": "2912"
        }, 
        {
            "champName": "Lux", 
            "downvotes": "581", 
            "upvotes": "1587"
        }, 
        {
            "champName": "Gragas", 
            "downvotes": "936", 
            "upvotes": "2272"
        }, 
        {
            "champName": "Caitlyn", 
            "downvotes": "283", 
            "upvotes": "722"
        }, 
        {
            "champName": "Ziggs", 
            "downvotes": "675", 
            "upvotes": "1537"
        }, 
        {
            "champName": "Aatrox", 
            "downvotes": "68", 
            "upvotes": "220"
        }, 
        {
            "champName": "Kassadin", 
            "downvotes": "190", 
            "upvotes": "452"
        }, 
        {
            "champName": "Twisted Fate", 
            "downvotes": "5", 
            "upvotes": "88"
        }, 
        {
            "champName": "Gragas", 
            "downvotes": "348", 
            "upvotes": "758"
        }
    ], 
    "ChampionImageLocation": "http://www.solomid.net/guide/champ/yasuo.png", 
    "GoodWith": [
        {
            "champName": "Nami", 
            "downvotes": "18", 
            "upvotes": "337"
        }, 
        {
            "champName": "Blitzcrank", 
            "downvotes": "19", 
            "upvotes": "271"
        }, 
        {
            "champName": "Orianna", 
            "downvotes": "13", 
            "upvotes": "215"
        }, 
        {
            "champName": "Alistar", 
            "downvotes": "45", 
            "upvotes": "422"
        }, 
        {
            "champName": "Zyra", 
            "downvotes": "15", 
            "upvotes": "202"
        }, 
        {
            "champName": "Janna", 
            "downvotes": "125", 
            "upvotes": "728"
        }, 
        {
            "champName": "Malphite", 
            "downvotes": "148", 
            "upvotes": "838"
        }, 
        {
            "champName": "Aatrox", 
            "downvotes": "76", 
            "upvotes": "448"
        }, 
        {
            "champName": "Jarvan IV", 
            "downvotes": "18", 
            "upvotes": "164"
        }, 
        {
            "champName": "Wukong", 
            "downvotes": "139", 
            "upvotes": "681"
        }
    ]
}