{
    "ChampionName": {
        "lower": "yasuo", 
        "pretty": "Yasuo"
    }, 
    "WeakAgainst": [
        {
            "champName": "Jax", 
            "downvotes": "2085", 
            "upvotes": "9492"
        }, 
        {
            "champName": "Fiora", 
            "downvotes": "593", 
            "upvotes": "2167"
        }, 
        {
            "champName": "Kayle", 
            "downvotes": "446", 
            "upvotes": "1430"
        }, 
        {
            "champName": "Ryze", 
            "downvotes": "101", 
            "upvotes": "371"
        }, 
        {
            "champName": "Darius", 
            "downvotes": "560", 
            "upvotes": "1509"
        }, 
        {
            "champName": "Kayle", 
            "downvotes": "96", 
            "upvotes": "340"
        }, 
        {
            "champName": "Soraka", 
            "downvotes": "887", 
            "upvotes": "2306"
        }, 
        {
            "champName": "Aatrox", 
            "downvotes": "226", 
            "upvotes": "661"
        }, 
        {
            "champName": "Akali", 
            "downvotes": "637", 
            "upvotes": "1681"
        }, 
        {
            "champName": "Swain", 
            "downvotes": "45", 
            "upvotes": "211"
        }
    ], 
    "StrongAgainst": [
        {
            "champName": "Vel'Koz", 
            "downvotes": "1001", 
            "upvotes": "5390"
        }, 
        {
            "champName": "Nidalee", 
            "downvotes": "730", 
            "upvotes": "2904"
        }, 
        {
            "champName": "Lux", 
            "downvotes": "580", 
            "upvotes": "1581"
        }, 
        {
            "champName": "Gragas", 
            "downvotes": "934", 
            "upvotes": "2267"
        }, 
        {
            "champName": "Caitlyn", 
            "downvotes": "283", 
            "upvotes": "720"
        }, 
        {
            "champName": "Ziggs", 
            "downvotes": "674", 
            "upvotes": "1535"
        }, 
        {
            "champName": "Aatrox", 
            "downvotes": "69", 
            "upvotes": "218"
        }, 
        {
            "champName": "Kassadin", 
            "downvotes": "190", 
            "upvotes": "451"
        }, 
        {
            "champName": "Gragas", 
            "downvotes": "348", 
            "upvotes": "754"
        }, 
        {
            "champName": "Heimerdinger", 
            "downvotes": "68", 
            "upvotes": "209"
        }
    ], 
    "ChampionImageLocation": "http://www.solomid.net/guide/champ/yasuo.png", 
    "GoodWith": [
        {
            "champName": "Nami", 
            "downvotes": "19", 
            "upvotes": "336"
        }, 
        {
            "champName": "Blitzcrank", 
            "downvotes": "19", 
            "upvotes": "271"
        }, 
        {
            "champName": "Alistar", 
            "downvotes": "45", 
            "upvotes": "420"
        }, 
        {
            "champName": "Orianna", 
            "downvotes": "13", 
            "upvotes": "213"
        }, 
        {
            "champName": "Zyra", 
            "downvotes": "15", 
            "upvotes": "201"
        }, 
        {
            "champName": "Janna", 
            "downvotes": "125", 
            "upvotes": "728"
        }, 
        {
            "champName": "Malphite", 
            "downvotes": "147", 
            "upvotes": "835"
        }, 
        {
            "champName": "Aatrox", 
            "downvotes": "75", 
            "upvotes": "447"
        }, 
        {
            "champName": "Jarvan IV", 
            "downvotes": "18", 
            "upvotes": "164"
        }, 
        {
            "champName": "Lulu", 
            "downvotes": "2", 
            "upvotes": "94"
        }
    ]
}