{
    "ChampionName": {
        "lower": "yasuo", 
        "pretty": "Yasuo"
    }, 
    "WeakAgainst": [
        {
            "champName": "Jax", 
            "downvotes": "2084", 
            "upvotes": "9474"
        }, 
        {
            "champName": "Fiora", 
            "downvotes": "593", 
            "upvotes": "2159"
        }, 
        {
            "champName": "Kayle", 
            "downvotes": "444", 
            "upvotes": "1421"
        }, 
        {
            "champName": "Ryze", 
            "downvotes": "98", 
            "upvotes": "362"
        }, 
        {
            "champName": "Darius", 
            "downvotes": "558", 
            "upvotes": "1507"
        }, 
        {
            "champName": "Akali", 
            "downvotes": "633", 
            "upvotes": "1675"
        }, 
        {
            "champName": "Soraka", 
            "downvotes": "884", 
            "upvotes": "2298"
        }, 
        {
            "champName": "Kayle", 
            "downvotes": "96", 
            "upvotes": "337"
        }, 
        {
            "champName": "Aatrox", 
            "downvotes": "227", 
            "upvotes": "656"
        }, 
        {
            "champName": "Swain", 
            "downvotes": "44", 
            "upvotes": "206"
        }
    ], 
    "StrongAgainst": [
        {
            "champName": "Vel'Koz", 
            "downvotes": "996", 
            "upvotes": "5379"
        }, 
        {
            "champName": "Nidalee", 
            "downvotes": "727", 
            "upvotes": "2885"
        }, 
        {
            "champName": "Lux", 
            "downvotes": "577", 
            "upvotes": "1579"
        }, 
        {
            "champName": "Gragas", 
            "downvotes": "926", 
            "upvotes": "2262"
        }, 
        {
            "champName": "Caitlyn", 
            "downvotes": "284", 
            "upvotes": "717"
        }, 
        {
            "champName": "Ziggs", 
            "downvotes": "672", 
            "upvotes": "1528"
        }, 
        {
            "champName": "Aatrox", 
            "downvotes": "67", 
            "upvotes": "217"
        }, 
        {
            "champName": "Kassadin", 
            "downvotes": "188", 
            "upvotes": "449"
        }, 
        {
            "champName": "Gragas", 
            "downvotes": "346", 
            "upvotes": "752"
        }, 
        {
            "champName": "Twisted Fate", 
            "downvotes": "3", 
            "upvotes": "83"
        }
    ], 
    "ChampionImageLocation": "http://www.solomid.net/guide/champ/yasuo.png", 
    "GoodWith": [
        {
            "champName": "Nami", 
            "downvotes": "18", 
            "upvotes": "337"
        }, 
        {
            "champName": "Blitzcrank", 
            "downvotes": "20", 
            "upvotes": "270"
        }, 
        {
            "champName": "Orianna", 
            "downvotes": "12", 
            "upvotes": "213"
        }, 
        {
            "champName": "Alistar", 
            "downvotes": "44", 
            "upvotes": "420"
        }, 
        {
            "champName": "Zyra", 
            "downvotes": "15", 
            "upvotes": "200"
        }, 
        {
            "champName": "Janna", 
            "downvotes": "123", 
            "upvotes": "729"
        }, 
        {
            "champName": "Malphite", 
            "downvotes": "146", 
            "upvotes": "832"
        }, 
        {
            "champName": "Aatrox", 
            "downvotes": "75", 
            "upvotes": "443"
        }, 
        {
            "champName": "Jarvan IV", 
            "downvotes": "18", 
            "upvotes": "164"
        }, 
        {
            "champName": "Wukong", 
            "downvotes": "137", 
            "upvotes": "673"
        }
    ]
}