{
    "ChampionName": {
        "lower": "yorick", 
        "pretty": "Yorick"
    }, 
    "WeakAgainst": [
        {
            "champName": "Cho'Gath", 
            "downvotes": "3090", 
            "upvotes": "8131"
        }, 
        {
            "champName": "Nunu", 
            "downvotes": "657", 
            "upvotes": "1355"
        }, 
        {
            "champName": "Trundle", 
            "downvotes": "1092", 
            "upvotes": "1936"
        }, 
        {
            "champName": "Xin Zhao", 
            "downvotes": "1423", 
            "upvotes": "2064"
        }, 
        {
            "champName": "Aatrox", 
            "downvotes": "276", 
            "upvotes": "442"
        }, 
        {
            "champName": "Renekton", 
            "downvotes": "657", 
            "upvotes": "941"
        }, 
        {
            "champName": "Aatrox", 
            "downvotes": "197", 
            "upvotes": "318"
        }, 
        {
            "champName": "Wukong", 
            "downvotes": "146", 
            "upvotes": "233"
        }, 
        {
            "champName": "Rengar", 
            "downvotes": "760", 
            "upvotes": "987"
        }, 
        {
            "champName": "Jax", 
            "downvotes": "157", 
            "upvotes": "243"
        }
    ], 
    "StrongAgainst": [
        {
            "champName": "Teemo", 
            "downvotes": "1971", 
            "upvotes": "8022"
        }, 
        {
            "champName": "Darius", 
            "downvotes": "1620", 
            "upvotes": "5614"
        }, 
        {
            "champName": "Shen", 
            "downvotes": "1229", 
            "upvotes": "4055"
        }, 
        {
            "champName": "Jayce", 
            "downvotes": "1979", 
            "upvotes": "5310"
        }, 
        {
            "champName": "Rumble", 
            "downvotes": "810", 
            "upvotes": "2120"
        }, 
        {
            "champName": "Kha'Zix", 
            "downvotes": "482", 
            "upvotes": "1193"
        }, 
        {
            "champName": "Malphite", 
            "downvotes": "528", 
            "upvotes": "1268"
        }, 
        {
            "champName": "Jarvan IV", 
            "downvotes": "515", 
            "upvotes": "1198"
        }, 
        {
            "champName": "Olaf", 
            "downvotes": "680", 
            "upvotes": "1521"
        }, 
        {
            "champName": "Kennen", 
            "downvotes": "437", 
            "upvotes": "936"
        }
    ], 
    "ChampionImageLocation": "http://www.solomid.net/guide/champ/yorick.png", 
    "GoodWith": [
        {
            "champName": "Mordekaiser", 
            "downvotes": "671", 
            "upvotes": "1406"
        }, 
        {
            "champName": "Aatrox", 
            "downvotes": "34", 
            "upvotes": "101"
        }, 
        {
            "champName": "Vayne", 
            "downvotes": "333", 
            "upvotes": "555"
        }, 
        {
            "champName": "Cassiopeia", 
            "downvotes": "329", 
            "upvotes": "515"
        }, 
        {
            "champName": "Karthus", 
            "downvotes": "340", 
            "upvotes": "473"
        }, 
        {
            "champName": "Ahri", 
            "downvotes": "27", 
            "upvotes": "61"
        }, 
        {
            "champName": "Zilean", 
            "downvotes": "352", 
            "upvotes": "470"
        }, 
        {
            "champName": "Tryndamere", 
            "downvotes": "164", 
            "upvotes": "204"
        }, 
        {
            "champName": "Kog'Maw", 
            "downvotes": "50", 
            "upvotes": "76"
        }, 
        {
            "champName": "Akali", 
            "downvotes": "5", 
            "upvotes": "27"
        }
    ]
}