{
    "ChampionName": {
        "lower": "yorick", 
        "pretty": "Yorick"
    }, 
    "WeakAgainst": [
        {
            "champName": "Cho'Gath", 
            "downvotes": "3097", 
            "upvotes": "8149"
        }, 
        {
            "champName": "Nunu", 
            "downvotes": "659", 
            "upvotes": "1360"
        }, 
        {
            "champName": "Trundle", 
            "downvotes": "1094", 
            "upvotes": "1943"
        }, 
        {
            "champName": "Xin Zhao", 
            "downvotes": "1425", 
            "upvotes": "2069"
        }, 
        {
            "champName": "Aatrox", 
            "downvotes": "278", 
            "upvotes": "443"
        }, 
        {
            "champName": "Renekton", 
            "downvotes": "661", 
            "upvotes": "941"
        }, 
        {
            "champName": "Aatrox", 
            "downvotes": "198", 
            "upvotes": "318"
        }, 
        {
            "champName": "Wukong", 
            "downvotes": "147", 
            "upvotes": "233"
        }, 
        {
            "champName": "Riven", 
            "downvotes": "927", 
            "upvotes": "1192"
        }, 
        {
            "champName": "Renekton", 
            "downvotes": "115", 
            "upvotes": "191"
        }
    ], 
    "StrongAgainst": [
        {
            "champName": "Teemo", 
            "downvotes": "1976", 
            "upvotes": "8042"
        }, 
        {
            "champName": "Darius", 
            "downvotes": "1624", 
            "upvotes": "5629"
        }, 
        {
            "champName": "Shen", 
            "downvotes": "1232", 
            "upvotes": "4068"
        }, 
        {
            "champName": "Jayce", 
            "downvotes": "1987", 
            "upvotes": "5317"
        }, 
        {
            "champName": "Rumble", 
            "downvotes": "813", 
            "upvotes": "2124"
        }, 
        {
            "champName": "Kha'Zix", 
            "downvotes": "482", 
            "upvotes": "1197"
        }, 
        {
            "champName": "Malphite", 
            "downvotes": "528", 
            "upvotes": "1275"
        }, 
        {
            "champName": "Jarvan IV", 
            "downvotes": "515", 
            "upvotes": "1198"
        }, 
        {
            "champName": "Olaf", 
            "downvotes": "679", 
            "upvotes": "1526"
        }, 
        {
            "champName": "Kennen", 
            "downvotes": "438", 
            "upvotes": "938"
        }
    ], 
    "ChampionImageLocation": "http://www.solomid.net/guide/champ/yorick.png", 
    "GoodWith": [
        {
            "champName": "Mordekaiser", 
            "downvotes": "673", 
            "upvotes": "1408"
        }, 
        {
            "champName": "Aatrox", 
            "downvotes": "34", 
            "upvotes": "101"
        }, 
        {
            "champName": "Vayne", 
            "downvotes": "333", 
            "upvotes": "556"
        }, 
        {
            "champName": "Cassiopeia", 
            "downvotes": "328", 
            "upvotes": "516"
        }, 
        {
            "champName": "Karthus", 
            "downvotes": "340", 
            "upvotes": "473"
        }, 
        {
            "champName": "Ahri", 
            "downvotes": "27", 
            "upvotes": "61"
        }, 
        {
            "champName": "Zilean", 
            "downvotes": "353", 
            "upvotes": "469"
        }, 
        {
            "champName": "Tryndamere", 
            "downvotes": "163", 
            "upvotes": "206"
        }, 
        {
            "champName": "Kog'Maw", 
            "downvotes": "50", 
            "upvotes": "76"
        }, 
        {
            "champName": "Akali", 
            "downvotes": "5", 
            "upvotes": "27"
        }
    ]
}