{
    "ChampionName": {
        "lower": "yorick", 
        "pretty": "Yorick"
    }, 
    "WeakAgainst": [
        {
            "champName": "Cho'Gath", 
            "downvotes": "3094", 
            "upvotes": "8142"
        }, 
        {
            "champName": "Nunu", 
            "downvotes": "658", 
            "upvotes": "1359"
        }, 
        {
            "champName": "Trundle", 
            "downvotes": "1095", 
            "upvotes": "1939"
        }, 
        {
            "champName": "Xin Zhao", 
            "downvotes": "1425", 
            "upvotes": "2067"
        }, 
        {
            "champName": "Aatrox", 
            "downvotes": "277", 
            "upvotes": "443"
        }, 
        {
            "champName": "Renekton", 
            "downvotes": "660", 
            "upvotes": "942"
        }, 
        {
            "champName": "Aatrox", 
            "downvotes": "197", 
            "upvotes": "318"
        }, 
        {
            "champName": "Wukong", 
            "downvotes": "147", 
            "upvotes": "233"
        }, 
        {
            "champName": "Jax", 
            "downvotes": "157", 
            "upvotes": "245"
        }, 
        {
            "champName": "Riven", 
            "downvotes": "926", 
            "upvotes": "1191"
        }
    ], 
    "StrongAgainst": [
        {
            "champName": "Teemo", 
            "downvotes": "1974", 
            "upvotes": "8037"
        }, 
        {
            "champName": "Darius", 
            "downvotes": "1625", 
            "upvotes": "5620"
        }, 
        {
            "champName": "Shen", 
            "downvotes": "1230", 
            "upvotes": "4062"
        }, 
        {
            "champName": "Jayce", 
            "downvotes": "1983", 
            "upvotes": "5314"
        }, 
        {
            "champName": "Rumble", 
            "downvotes": "810", 
            "upvotes": "2122"
        }, 
        {
            "champName": "Kha'Zix", 
            "downvotes": "482", 
            "upvotes": "1195"
        }, 
        {
            "champName": "Malphite", 
            "downvotes": "529", 
            "upvotes": "1272"
        }, 
        {
            "champName": "Jarvan IV", 
            "downvotes": "516", 
            "upvotes": "1197"
        }, 
        {
            "champName": "Olaf", 
            "downvotes": "679", 
            "upvotes": "1524"
        }, 
        {
            "champName": "Kennen", 
            "downvotes": "438", 
            "upvotes": "935"
        }
    ], 
    "ChampionImageLocation": "http://www.solomid.net/guide/champ/yorick.png", 
    "GoodWith": [
        {
            "champName": "Mordekaiser", 
            "downvotes": "671", 
            "upvotes": "1407"
        }, 
        {
            "champName": "Aatrox", 
            "downvotes": "34", 
            "upvotes": "101"
        }, 
        {
            "champName": "Vayne", 
            "downvotes": "333", 
            "upvotes": "555"
        }, 
        {
            "champName": "Cassiopeia", 
            "downvotes": "329", 
            "upvotes": "515"
        }, 
        {
            "champName": "Karthus", 
            "downvotes": "341", 
            "upvotes": "472"
        }, 
        {
            "champName": "Ahri", 
            "downvotes": "27", 
            "upvotes": "61"
        }, 
        {
            "champName": "Zilean", 
            "downvotes": "353", 
            "upvotes": "469"
        }, 
        {
            "champName": "Tryndamere", 
            "downvotes": "164", 
            "upvotes": "205"
        }, 
        {
            "champName": "Kog'Maw", 
            "downvotes": "50", 
            "upvotes": "76"
        }, 
        {
            "champName": "Akali", 
            "downvotes": "5", 
            "upvotes": "27"
        }
    ]
}