{
    "ChampionName": {
        "lower": "zac", 
        "pretty": "Zac"
    }, 
    "WeakAgainst": [
        {
            "champName": "Vi", 
            "downvotes": "508", 
            "upvotes": "1863"
        }, 
        {
            "champName": "Zilean", 
            "downvotes": "355", 
            "upvotes": "1165"
        }, 
        {
            "champName": "Vladimir", 
            "downvotes": "154", 
            "upvotes": "315"
        }, 
        {
            "champName": "Renekton", 
            "downvotes": "313", 
            "upvotes": "488"
        }, 
        {
            "champName": "Fizz", 
            "downvotes": "205", 
            "upvotes": "333"
        }, 
        {
            "champName": "Yorick", 
            "downvotes": "36", 
            "upvotes": "98"
        }, 
        {
            "champName": "Riven", 
            "downvotes": "176", 
            "upvotes": "263"
        }, 
        {
            "champName": "Cho'Gath", 
            "downvotes": "174", 
            "upvotes": "244"
        }, 
        {
            "champName": "Jayce", 
            "downvotes": "64", 
            "upvotes": "115"
        }, 
        {
            "champName": "Renekton", 
            "downvotes": "82", 
            "upvotes": "133"
        }
    ], 
    "StrongAgainst": [
        {
            "champName": "Katarina", 
            "downvotes": "222", 
            "upvotes": "573"
        }, 
        {
            "champName": "Jax", 
            "downvotes": "157", 
            "upvotes": "340"
        }, 
        {
            "champName": "Singed", 
            "downvotes": "191", 
            "upvotes": "376"
        }, 
        {
            "champName": "Malphite", 
            "downvotes": "209", 
            "upvotes": "369"
        }, 
        {
            "champName": "Nasus", 
            "downvotes": "58", 
            "upvotes": "133"
        }, 
        {
            "champName": "Renekton", 
            "downvotes": "72", 
            "upvotes": "152"
        }, 
        {
            "champName": "Soraka", 
            "downvotes": "273", 
            "upvotes": "395"
        }, 
        {
            "champName": "Riven", 
            "downvotes": "28", 
            "upvotes": "81"
        }, 
        {
            "champName": "Shen", 
            "downvotes": "129", 
            "upvotes": "196"
        }, 
        {
            "champName": "Wukong", 
            "downvotes": "92", 
            "upvotes": "149"
        }
    ], 
    "ChampionImageLocation": "http://www.solomid.net/guide/champ/zac.png", 
    "GoodWith": [
        {
            "champName": "Yasuo", 
            "downvotes": "48", 
            "upvotes": "226"
        }, 
        {
            "champName": "Orianna", 
            "downvotes": "192", 
            "upvotes": "576"
        }, 
        {
            "champName": "Lulu", 
            "downvotes": "119", 
            "upvotes": "222"
        }, 
        {
            "champName": "Aatrox", 
            "downvotes": "83", 
            "upvotes": "160"
        }, 
        {
            "champName": "Syndra", 
            "downvotes": "146", 
            "upvotes": "248"
        }, 
        {
            "champName": "Malphite", 
            "downvotes": "79", 
            "upvotes": "121"
        }, 
        {
            "champName": "Wukong", 
            "downvotes": "40", 
            "upvotes": "71"
        }, 
        {
            "champName": "Jarvan IV", 
            "downvotes": "45", 
            "upvotes": "75"
        }, 
        {
            "champName": "Ahri", 
            "downvotes": "50", 
            "upvotes": "72"
        }, 
        {
            "champName": "Shen", 
            "downvotes": "12", 
            "upvotes": "32"
        }
    ]
}