{
    "ChampionName": {
        "lower": "zac", 
        "pretty": "Zac"
    }, 
    "WeakAgainst": [
        {
            "champName": "Vi", 
            "downvotes": "509", 
            "upvotes": "1867"
        }, 
        {
            "champName": "Zilean", 
            "downvotes": "358", 
            "upvotes": "1166"
        }, 
        {
            "champName": "Vladimir", 
            "downvotes": "155", 
            "upvotes": "318"
        }, 
        {
            "champName": "Renekton", 
            "downvotes": "313", 
            "upvotes": "493"
        }, 
        {
            "champName": "Fizz", 
            "downvotes": "205", 
            "upvotes": "335"
        }, 
        {
            "champName": "Yorick", 
            "downvotes": "36", 
            "upvotes": "100"
        }, 
        {
            "champName": "Riven", 
            "downvotes": "176", 
            "upvotes": "266"
        }, 
        {
            "champName": "Cho'Gath", 
            "downvotes": "175", 
            "upvotes": "244"
        }, 
        {
            "champName": "Jayce", 
            "downvotes": "65", 
            "upvotes": "118"
        }, 
        {
            "champName": "Renekton", 
            "downvotes": "82", 
            "upvotes": "134"
        }
    ], 
    "StrongAgainst": [
        {
            "champName": "Katarina", 
            "downvotes": "223", 
            "upvotes": "572"
        }, 
        {
            "champName": "Jax", 
            "downvotes": "158", 
            "upvotes": "344"
        }, 
        {
            "champName": "Singed", 
            "downvotes": "192", 
            "upvotes": "376"
        }, 
        {
            "champName": "Malphite", 
            "downvotes": "210", 
            "upvotes": "370"
        }, 
        {
            "champName": "Renekton", 
            "downvotes": "72", 
            "upvotes": "152"
        }, 
        {
            "champName": "Nasus", 
            "downvotes": "59", 
            "upvotes": "133"
        }, 
        {
            "champName": "Soraka", 
            "downvotes": "273", 
            "upvotes": "396"
        }, 
        {
            "champName": "Riven", 
            "downvotes": "28", 
            "upvotes": "82"
        }, 
        {
            "champName": "Shen", 
            "downvotes": "129", 
            "upvotes": "197"
        }, 
        {
            "champName": "Darius", 
            "downvotes": "79", 
            "upvotes": "136"
        }
    ], 
    "ChampionImageLocation": "http://www.solomid.net/guide/champ/zac.png", 
    "GoodWith": [
        {
            "champName": "Yasuo", 
            "downvotes": "49", 
            "upvotes": "228"
        }, 
        {
            "champName": "Orianna", 
            "downvotes": "196", 
            "upvotes": "575"
        }, 
        {
            "champName": "Lulu", 
            "downvotes": "119", 
            "upvotes": "223"
        }, 
        {
            "champName": "Aatrox", 
            "downvotes": "83", 
            "upvotes": "161"
        }, 
        {
            "champName": "Syndra", 
            "downvotes": "147", 
            "upvotes": "249"
        }, 
        {
            "champName": "Malphite", 
            "downvotes": "80", 
            "upvotes": "120"
        }, 
        {
            "champName": "Jarvan IV", 
            "downvotes": "44", 
            "upvotes": "76"
        }, 
        {
            "champName": "Wukong", 
            "downvotes": "40", 
            "upvotes": "71"
        }, 
        {
            "champName": "Ahri", 
            "downvotes": "50", 
            "upvotes": "73"
        }, 
        {
            "champName": "Shen", 
            "downvotes": "13", 
            "upvotes": "32"
        }
    ]
}