{
    "ChampionName": {
        "lower": "zed", 
        "pretty": "Zed"
    }, 
    "WeakAgainst": [
        {
            "champName": "Kayle", 
            "downvotes": "1208", 
            "upvotes": "5329"
        }, 
        {
            "champName": "Kayle", 
            "downvotes": "864", 
            "upvotes": "2508"
        }, 
        {
            "champName": "Wukong", 
            "downvotes": "1111", 
            "upvotes": "2558"
        }, 
        {
            "champName": "Singed", 
            "downvotes": "1436", 
            "upvotes": "2918"
        }, 
        {
            "champName": "Talon", 
            "downvotes": "235", 
            "upvotes": "542"
        }, 
        {
            "champName": "Kayle", 
            "downvotes": "56", 
            "upvotes": "189"
        }, 
        {
            "champName": "Irelia", 
            "downvotes": "919", 
            "upvotes": "1887"
        }, 
        {
            "champName": "Lissandra", 
            "downvotes": "637", 
            "upvotes": "1331"
        }, 
        {
            "champName": "Jax", 
            "downvotes": "657", 
            "upvotes": "1355"
        }, 
        {
            "champName": "Talon", 
            "downvotes": "30", 
            "upvotes": "136"
        }
    ], 
    "StrongAgainst": [
        {
            "champName": "Vel'Koz", 
            "downvotes": "217", 
            "upvotes": "767"
        }, 
        {
            "champName": "Heimerdinger", 
            "downvotes": "1775", 
            "upvotes": "4055"
        }, 
        {
            "champName": "Nidalee", 
            "downvotes": "140", 
            "upvotes": "353"
        }, 
        {
            "champName": "Veigar", 
            "downvotes": "503", 
            "upvotes": "1059"
        }, 
        {
            "champName": "Yasuo", 
            "downvotes": "140", 
            "upvotes": "346"
        }, 
        {
            "champName": "Yasuo", 
            "downvotes": "240", 
            "upvotes": "537"
        }, 
        {
            "champName": "Kassadin", 
            "downvotes": "992", 
            "upvotes": "1958"
        }, 
        {
            "champName": "Aatrox", 
            "downvotes": "88", 
            "upvotes": "242"
        }, 
        {
            "champName": "Karthus", 
            "downvotes": "157", 
            "upvotes": "361"
        }, 
        {
            "champName": "Akali", 
            "downvotes": "237", 
            "upvotes": "506"
        }
    ], 
    "ChampionImageLocation": "http://www.solomid.net/guide/champ/zed.png", 
    "GoodWith": [
        {
            "champName": "Talon", 
            "downvotes": "728", 
            "upvotes": "1355"
        }, 
        {
            "champName": "Kha'Zix", 
            "downvotes": "19", 
            "upvotes": "63"
        }, 
        {
            "champName": "Shen", 
            "downvotes": "480", 
            "upvotes": "798"
        }, 
        {
            "champName": "Ahri", 
            "downvotes": "37", 
            "upvotes": "86"
        }, 
        {
            "champName": "Aatrox", 
            "downvotes": "90", 
            "upvotes": "151"
        }, 
        {
            "champName": "Amumu", 
            "downvotes": "85", 
            "upvotes": "133"
        }, 
        {
            "champName": "Nasus", 
            "downvotes": "423", 
            "upvotes": "554"
        }, 
        {
            "champName": "Vi", 
            "downvotes": "35", 
            "upvotes": "68"
        }, 
        {
            "champName": "Kayle", 
            "downvotes": "290", 
            "upvotes": "380"
        }, 
        {
            "champName": "Vladimir", 
            "downvotes": "62", 
            "upvotes": "97"
        }
    ]
}