{
    "ChampionName": {
        "lower": "zed", 
        "pretty": "Zed"
    }, 
    "WeakAgainst": [
        {
            "champName": "Kayle", 
            "downvotes": "1214", 
            "upvotes": "5386"
        }, 
        {
            "champName": "Kayle", 
            "downvotes": "869", 
            "upvotes": "2539"
        }, 
        {
            "champName": "Wukong", 
            "downvotes": "1117", 
            "upvotes": "2575"
        }, 
        {
            "champName": "Singed", 
            "downvotes": "1440", 
            "upvotes": "2928"
        }, 
        {
            "champName": "Lissandra", 
            "downvotes": "640", 
            "upvotes": "1343"
        }, 
        {
            "champName": "Irelia", 
            "downvotes": "922", 
            "upvotes": "1889"
        }, 
        {
            "champName": "Jax", 
            "downvotes": "658", 
            "upvotes": "1363"
        }, 
        {
            "champName": "Talon", 
            "downvotes": "240", 
            "upvotes": "545"
        }, 
        {
            "champName": "Kayle", 
            "downvotes": "58", 
            "upvotes": "190"
        }, 
        {
            "champName": "Talon", 
            "downvotes": "32", 
            "upvotes": "138"
        }
    ], 
    "StrongAgainst": [
        {
            "champName": "Vel'Koz", 
            "downvotes": "220", 
            "upvotes": "774"
        }, 
        {
            "champName": "Heimerdinger", 
            "downvotes": "1790", 
            "upvotes": "4072"
        }, 
        {
            "champName": "Nidalee", 
            "downvotes": "143", 
            "upvotes": "362"
        }, 
        {
            "champName": "Yasuo", 
            "downvotes": "140", 
            "upvotes": "352"
        }, 
        {
            "champName": "Veigar", 
            "downvotes": "508", 
            "upvotes": "1071"
        }, 
        {
            "champName": "Yasuo", 
            "downvotes": "240", 
            "upvotes": "542"
        }, 
        {
            "champName": "Kassadin", 
            "downvotes": "992", 
            "upvotes": "1965"
        }, 
        {
            "champName": "Aatrox", 
            "downvotes": "89", 
            "upvotes": "242"
        }, 
        {
            "champName": "Karthus", 
            "downvotes": "157", 
            "upvotes": "362"
        }, 
        {
            "champName": "Akali", 
            "downvotes": "239", 
            "upvotes": "510"
        }
    ], 
    "ChampionImageLocation": "http://www.solomid.net/guide/champ/zed.png", 
    "GoodWith": [
        {
            "champName": "Talon", 
            "downvotes": "730", 
            "upvotes": "1365"
        }, 
        {
            "champName": "Kha'Zix", 
            "downvotes": "19", 
            "upvotes": "63"
        }, 
        {
            "champName": "Shen", 
            "downvotes": "487", 
            "upvotes": "797"
        }, 
        {
            "champName": "Ahri", 
            "downvotes": "39", 
            "upvotes": "84"
        }, 
        {
            "champName": "Aatrox", 
            "downvotes": "91", 
            "upvotes": "155"
        }, 
        {
            "champName": "Amumu", 
            "downvotes": "85", 
            "upvotes": "133"
        }, 
        {
            "champName": "Nasus", 
            "downvotes": "427", 
            "upvotes": "555"
        }, 
        {
            "champName": "Vi", 
            "downvotes": "35", 
            "upvotes": "68"
        }, 
        {
            "champName": "Kayle", 
            "downvotes": "293", 
            "upvotes": "383"
        }, 
        {
            "champName": "Vladimir", 
            "downvotes": "62", 
            "upvotes": "97"
        }
    ]
}