{
    "ChampionName": {
        "lower": "ziggs", 
        "pretty": "Ziggs"
    }, 
    "WeakAgainst": [
        {
            "champName": "LeBlanc", 
            "downvotes": "1752", 
            "upvotes": "4626"
        }, 
        {
            "champName": "Yasuo", 
            "downvotes": "675", 
            "upvotes": "1537"
        }, 
        {
            "champName": "Talon", 
            "downvotes": "496", 
            "upvotes": "1111"
        }, 
        {
            "champName": "Syndra", 
            "downvotes": "118", 
            "upvotes": "253"
        }, 
        {
            "champName": "Aatrox", 
            "downvotes": "94", 
            "upvotes": "213"
        }, 
        {
            "champName": "Yasuo", 
            "downvotes": "82", 
            "upvotes": "192"
        }, 
        {
            "champName": "Kassadin", 
            "downvotes": "498", 
            "upvotes": "844"
        }, 
        {
            "champName": "Zed", 
            "downvotes": "387", 
            "upvotes": "667"
        }, 
        {
            "champName": "Akali", 
            "downvotes": "526", 
            "upvotes": "882"
        }, 
        {
            "champName": "Fizz", 
            "downvotes": "1070", 
            "upvotes": "1677"
        }
    ], 
    "StrongAgainst": [
        {
            "champName": "Ryze", 
            "downvotes": "724", 
            "upvotes": "1592"
        }, 
        {
            "champName": "Heimerdinger", 
            "downvotes": "680", 
            "upvotes": "1479"
        }, 
        {
            "champName": "Karthus", 
            "downvotes": "292", 
            "upvotes": "673"
        }, 
        {
            "champName": "Vel'Koz", 
            "downvotes": "102", 
            "upvotes": "242"
        }, 
        {
            "champName": "Zed", 
            "downvotes": "30", 
            "upvotes": "117"
        }, 
        {
            "champName": "Twisted Fate", 
            "downvotes": "59", 
            "upvotes": "164"
        }, 
        {
            "champName": "Brand", 
            "downvotes": "101", 
            "upvotes": "231"
        }, 
        {
            "champName": "Lux", 
            "downvotes": "646", 
            "upvotes": "1115"
        }, 
        {
            "champName": "Nidalee", 
            "downvotes": "48", 
            "upvotes": "142"
        }, 
        {
            "champName": "Kassadin", 
            "downvotes": "45", 
            "upvotes": "136"
        }
    ], 
    "ChampionImageLocation": "http://www.solomid.net/guide/champ/ziggs.png", 
    "GoodWith": [
        {
            "champName": "Amumu", 
            "downvotes": "231", 
            "upvotes": "532"
        }, 
        {
            "champName": "Jarvan IV", 
            "downvotes": "179", 
            "upvotes": "276"
        }, 
        {
            "champName": "Aatrox", 
            "downvotes": "70", 
            "upvotes": "114"
        }, 
        {
            "champName": "Yasuo", 
            "downvotes": "5", 
            "upvotes": "29"
        }, 
        {
            "champName": "Leona", 
            "downvotes": "66", 
            "upvotes": "97"
        }, 
        {
            "champName": "Sejuani", 
            "downvotes": "114", 
            "upvotes": "144"
        }, 
        {
            "champName": "Malphite", 
            "downvotes": "227", 
            "upvotes": "258"
        }, 
        {
            "champName": "Lux", 
            "downvotes": "34", 
            "upvotes": "53"
        }, 
        {
            "champName": "Rengar", 
            "downvotes": "189", 
            "upvotes": "198"
        }, 
        {
            "champName": "Galio", 
            "downvotes": "133", 
            "upvotes": "142"
        }
    ]
}