{
    "ChampionName": {
        "lower": "ziggs", 
        "pretty": "Ziggs"
    }, 
    "WeakAgainst": [
        {
            "champName": "LeBlanc", 
            "downvotes": "1736", 
            "upvotes": "4593"
        }, 
        {
            "champName": "Yasuo", 
            "downvotes": "672", 
            "upvotes": "1528"
        }, 
        {
            "champName": "Talon", 
            "downvotes": "496", 
            "upvotes": "1106"
        }, 
        {
            "champName": "Aatrox", 
            "downvotes": "92", 
            "upvotes": "212"
        }, 
        {
            "champName": "Syndra", 
            "downvotes": "116", 
            "upvotes": "249"
        }, 
        {
            "champName": "Yasuo", 
            "downvotes": "82", 
            "upvotes": "192"
        }, 
        {
            "champName": "Akali", 
            "downvotes": "521", 
            "upvotes": "877"
        }, 
        {
            "champName": "Kassadin", 
            "downvotes": "498", 
            "upvotes": "841"
        }, 
        {
            "champName": "Zed", 
            "downvotes": "383", 
            "upvotes": "660"
        }, 
        {
            "champName": "Kha'Zix", 
            "downvotes": "153", 
            "upvotes": "298"
        }
    ], 
    "StrongAgainst": [
        {
            "champName": "Ryze", 
            "downvotes": "719", 
            "upvotes": "1584"
        }, 
        {
            "champName": "Heimerdinger", 
            "downvotes": "674", 
            "upvotes": "1471"
        }, 
        {
            "champName": "Karthus", 
            "downvotes": "289", 
            "upvotes": "672"
        }, 
        {
            "champName": "Zed", 
            "downvotes": "27", 
            "upvotes": "116"
        }, 
        {
            "champName": "Vel'Koz", 
            "downvotes": "99", 
            "upvotes": "238"
        }, 
        {
            "champName": "Twisted Fate", 
            "downvotes": "58", 
            "upvotes": "162"
        }, 
        {
            "champName": "Brand", 
            "downvotes": "99", 
            "upvotes": "228"
        }, 
        {
            "champName": "Lux", 
            "downvotes": "645", 
            "upvotes": "1106"
        }, 
        {
            "champName": "Ahri", 
            "downvotes": "119", 
            "upvotes": "254"
        }, 
        {
            "champName": "Nidalee", 
            "downvotes": "48", 
            "upvotes": "140"
        }
    ], 
    "ChampionImageLocation": "http://www.solomid.net/guide/champ/ziggs.png", 
    "GoodWith": [
        {
            "champName": "Amumu", 
            "downvotes": "230", 
            "upvotes": "530"
        }, 
        {
            "champName": "Jarvan IV", 
            "downvotes": "179", 
            "upvotes": "275"
        }, 
        {
            "champName": "Aatrox", 
            "downvotes": "69", 
            "upvotes": "113"
        }, 
        {
            "champName": "Yasuo", 
            "downvotes": "5", 
            "upvotes": "29"
        }, 
        {
            "champName": "Leona", 
            "downvotes": "64", 
            "upvotes": "95"
        }, 
        {
            "champName": "Sejuani", 
            "downvotes": "112", 
            "upvotes": "144"
        }, 
        {
            "champName": "Malphite", 
            "downvotes": "226", 
            "upvotes": "258"
        }, 
        {
            "champName": "Wukong", 
            "downvotes": "12", 
            "upvotes": "32"
        }, 
        {
            "champName": "Lux", 
            "downvotes": "34", 
            "upvotes": "53"
        }, 
        {
            "champName": "Galio", 
            "downvotes": "132", 
            "upvotes": "143"
        }
    ]
}