{
    "ChampionName": {
        "lower": "ziggs", 
        "pretty": "Ziggs"
    }, 
    "WeakAgainst": [
        {
            "champName": "LeBlanc", 
            "downvotes": "1745", 
            "upvotes": "4612"
        }, 
        {
            "champName": "Yasuo", 
            "downvotes": "674", 
            "upvotes": "1535"
        }, 
        {
            "champName": "Talon", 
            "downvotes": "495", 
            "upvotes": "1109"
        }, 
        {
            "champName": "Syndra", 
            "downvotes": "116", 
            "upvotes": "250"
        }, 
        {
            "champName": "Aatrox", 
            "downvotes": "93", 
            "upvotes": "212"
        }, 
        {
            "champName": "Yasuo", 
            "downvotes": "82", 
            "upvotes": "192"
        }, 
        {
            "champName": "Zed", 
            "downvotes": "386", 
            "upvotes": "666"
        }, 
        {
            "champName": "Kassadin", 
            "downvotes": "498", 
            "upvotes": "841"
        }, 
        {
            "champName": "Akali", 
            "downvotes": "524", 
            "upvotes": "879"
        }, 
        {
            "champName": "Kha'Zix", 
            "downvotes": "154", 
            "upvotes": "298"
        }
    ], 
    "StrongAgainst": [
        {
            "champName": "Ryze", 
            "downvotes": "723", 
            "upvotes": "1585"
        }, 
        {
            "champName": "Heimerdinger", 
            "downvotes": "675", 
            "upvotes": "1475"
        }, 
        {
            "champName": "Karthus", 
            "downvotes": "291", 
            "upvotes": "674"
        }, 
        {
            "champName": "Vel'Koz", 
            "downvotes": "100", 
            "upvotes": "239"
        }, 
        {
            "champName": "Zed", 
            "downvotes": "29", 
            "upvotes": "117"
        }, 
        {
            "champName": "Twisted Fate", 
            "downvotes": "58", 
            "upvotes": "162"
        }, 
        {
            "champName": "Brand", 
            "downvotes": "100", 
            "upvotes": "230"
        }, 
        {
            "champName": "Lux", 
            "downvotes": "646", 
            "upvotes": "1111"
        }, 
        {
            "champName": "Nidalee", 
            "downvotes": "48", 
            "upvotes": "142"
        }, 
        {
            "champName": "Kassadin", 
            "downvotes": "45", 
            "upvotes": "136"
        }
    ], 
    "ChampionImageLocation": "http://www.solomid.net/guide/champ/ziggs.png", 
    "GoodWith": [
        {
            "champName": "Amumu", 
            "downvotes": "231", 
            "upvotes": "530"
        }, 
        {
            "champName": "Jarvan IV", 
            "downvotes": "179", 
            "upvotes": "275"
        }, 
        {
            "champName": "Aatrox", 
            "downvotes": "70", 
            "upvotes": "113"
        }, 
        {
            "champName": "Yasuo", 
            "downvotes": "5", 
            "upvotes": "29"
        }, 
        {
            "champName": "Leona", 
            "downvotes": "65", 
            "upvotes": "97"
        }, 
        {
            "champName": "Sejuani", 
            "downvotes": "114", 
            "upvotes": "144"
        }, 
        {
            "champName": "Malphite", 
            "downvotes": "227", 
            "upvotes": "257"
        }, 
        {
            "champName": "Lux", 
            "downvotes": "34", 
            "upvotes": "53"
        }, 
        {
            "champName": "Rengar", 
            "downvotes": "190", 
            "upvotes": "197"
        }, 
        {
            "champName": "Galio", 
            "downvotes": "133", 
            "upvotes": "142"
        }
    ]
}