{
    "ChampionName": {
        "lower": "zilean", 
        "pretty": "Zilean"
    }, 
    "WeakAgainst": [
        {
            "champName": "Morgana", 
            "downvotes": "374", 
            "upvotes": "516"
        }, 
        {
            "champName": "Karma", 
            "downvotes": "256", 
            "upvotes": "341"
        }, 
        {
            "champName": "Soraka", 
            "downvotes": "157", 
            "upvotes": "195"
        }, 
        {
            "champName": "Ashe", 
            "downvotes": "158", 
            "upvotes": "168"
        }, 
        {
            "champName": "Galio", 
            "downvotes": "172", 
            "upvotes": "178"
        }, 
        {
            "champName": "Kha'Zix", 
            "downvotes": "205", 
            "upvotes": "204"
        }, 
        {
            "champName": "Pantheon", 
            "downvotes": "81", 
            "upvotes": "100"
        }, 
        {
            "champName": "Fizz", 
            "downvotes": "132", 
            "upvotes": "139"
        }, 
        {
            "champName": "Lux", 
            "downvotes": "126", 
            "upvotes": "134"
        }, 
        {
            "champName": "Cho'Gath", 
            "downvotes": "135", 
            "upvotes": "140"
        }
    ], 
    "StrongAgainst": [
        {
            "champName": "Zac", 
            "downvotes": "355", 
            "upvotes": "1165"
        }, 
        {
            "champName": "Darius", 
            "downvotes": "236", 
            "upvotes": "440"
        }, 
        {
            "champName": "Yasuo", 
            "downvotes": "90", 
            "upvotes": "195"
        }, 
        {
            "champName": "Katarina", 
            "downvotes": "170", 
            "upvotes": "278"
        }, 
        {
            "champName": "Aatrox", 
            "downvotes": "219", 
            "upvotes": "311"
        }, 
        {
            "champName": "Zed", 
            "downvotes": "91", 
            "upvotes": "138"
        }, 
        {
            "champName": "Fizz", 
            "downvotes": "248", 
            "upvotes": "283"
        }, 
        {
            "champName": "Ryze", 
            "downvotes": "224", 
            "upvotes": "252"
        }, 
        {
            "champName": "Akali", 
            "downvotes": "140", 
            "upvotes": "170"
        }, 
        {
            "champName": "Diana", 
            "downvotes": "116", 
            "upvotes": "143"
        }
    ], 
    "ChampionImageLocation": "http://www.solomid.net/guide/champ/zilean.png", 
    "GoodWith": [
        {
            "champName": "Aatrox", 
            "downvotes": "298", 
            "upvotes": "595"
        }, 
        {
            "champName": "Vayne", 
            "downvotes": "36", 
            "upvotes": "101"
        }, 
        {
            "champName": "Draven", 
            "downvotes": "31", 
            "upvotes": "84"
        }, 
        {
            "champName": "Ezreal", 
            "downvotes": "30", 
            "upvotes": "77"
        }, 
        {
            "champName": "Twitch", 
            "downvotes": "50", 
            "upvotes": "102"
        }, 
        {
            "champName": "Tryndamere", 
            "downvotes": "321", 
            "upvotes": "492"
        }, 
        {
            "champName": "Hecarim", 
            "downvotes": "235", 
            "upvotes": "350"
        }, 
        {
            "champName": "Syndra", 
            "downvotes": "373", 
            "upvotes": "533"
        }, 
        {
            "champName": "Jax", 
            "downvotes": "469", 
            "upvotes": "618"
        }, 
        {
            "champName": "Yorick", 
            "downvotes": "352", 
            "upvotes": "470"
        }
    ]
}