{
    "ChampionName": {
        "lower": "zilean", 
        "pretty": "Zilean"
    }, 
    "WeakAgainst": [
        {
            "champName": "Morgana", 
            "downvotes": "376", 
            "upvotes": "517"
        }, 
        {
            "champName": "Karma", 
            "downvotes": "258", 
            "upvotes": "340"
        }, 
        {
            "champName": "Soraka", 
            "downvotes": "158", 
            "upvotes": "195"
        }, 
        {
            "champName": "Ashe", 
            "downvotes": "157", 
            "upvotes": "170"
        }, 
        {
            "champName": "Galio", 
            "downvotes": "172", 
            "upvotes": "180"
        }, 
        {
            "champName": "Kha'Zix", 
            "downvotes": "205", 
            "upvotes": "205"
        }, 
        {
            "champName": "Fizz", 
            "downvotes": "132", 
            "upvotes": "142"
        }, 
        {
            "champName": "Kassadin", 
            "downvotes": "122", 
            "upvotes": "132"
        }, 
        {
            "champName": "Lux", 
            "downvotes": "127", 
            "upvotes": "134"
        }, 
        {
            "champName": "Cho'Gath", 
            "downvotes": "136", 
            "upvotes": "141"
        }
    ], 
    "StrongAgainst": [
        {
            "champName": "Zac", 
            "downvotes": "358", 
            "upvotes": "1166"
        }, 
        {
            "champName": "Darius", 
            "downvotes": "236", 
            "upvotes": "440"
        }, 
        {
            "champName": "Yasuo", 
            "downvotes": "90", 
            "upvotes": "195"
        }, 
        {
            "champName": "Katarina", 
            "downvotes": "171", 
            "upvotes": "278"
        }, 
        {
            "champName": "Aatrox", 
            "downvotes": "218", 
            "upvotes": "313"
        }, 
        {
            "champName": "Zed", 
            "downvotes": "92", 
            "upvotes": "138"
        }, 
        {
            "champName": "Ryze", 
            "downvotes": "221", 
            "upvotes": "256"
        }, 
        {
            "champName": "Fizz", 
            "downvotes": "250", 
            "upvotes": "283"
        }, 
        {
            "champName": "Akali", 
            "downvotes": "140", 
            "upvotes": "171"
        }, 
        {
            "champName": "Diana", 
            "downvotes": "118", 
            "upvotes": "142"
        }
    ], 
    "ChampionImageLocation": "http://www.solomid.net/guide/champ/zilean.png", 
    "GoodWith": [
        {
            "champName": "Aatrox", 
            "downvotes": "300", 
            "upvotes": "597"
        }, 
        {
            "champName": "Vayne", 
            "downvotes": "37", 
            "upvotes": "100"
        }, 
        {
            "champName": "Draven", 
            "downvotes": "31", 
            "upvotes": "84"
        }, 
        {
            "champName": "Ezreal", 
            "downvotes": "30", 
            "upvotes": "77"
        }, 
        {
            "champName": "Twitch", 
            "downvotes": "50", 
            "upvotes": "102"
        }, 
        {
            "champName": "Tryndamere", 
            "downvotes": "321", 
            "upvotes": "495"
        }, 
        {
            "champName": "Hecarim", 
            "downvotes": "233", 
            "upvotes": "352"
        }, 
        {
            "champName": "Syndra", 
            "downvotes": "373", 
            "upvotes": "534"
        }, 
        {
            "champName": "Jinx", 
            "downvotes": "1", 
            "upvotes": "28"
        }, 
        {
            "champName": "Jax", 
            "downvotes": "470", 
            "upvotes": "621"
        }
    ]
}