{
    "ChampionName": {
        "lower": "zyra", 
        "pretty": "Zyra"
    }, 
    "WeakAgainst": [
        {
            "champName": "Fizz", 
            "downvotes": "827", 
            "upvotes": "1836"
        }, 
        {
            "champName": "Diana", 
            "downvotes": "353", 
            "upvotes": "628"
        }, 
        {
            "champName": "Katarina", 
            "downvotes": "1078", 
            "upvotes": "1626"
        }, 
        {
            "champName": "Akali", 
            "downvotes": "511", 
            "upvotes": "792"
        }, 
        {
            "champName": "LeBlanc", 
            "downvotes": "215", 
            "upvotes": "364"
        }, 
        {
            "champName": "Talon", 
            "downvotes": "165", 
            "upvotes": "290"
        }, 
        {
            "champName": "Ahri", 
            "downvotes": "138", 
            "upvotes": "234"
        }, 
        {
            "champName": "Kassadin", 
            "downvotes": "243", 
            "upvotes": "371"
        }, 
        {
            "champName": "Ahri", 
            "downvotes": "370", 
            "upvotes": "477"
        }, 
        {
            "champName": "Syndra", 
            "downvotes": "95", 
            "upvotes": "157"
        }
    ], 
    "StrongAgainst": [
        {
            "champName": "Mordekaiser", 
            "downvotes": "572", 
            "upvotes": "1302"
        }, 
        {
            "champName": "Ryze", 
            "downvotes": "383", 
            "upvotes": "723"
        }, 
        {
            "champName": "Thresh", 
            "downvotes": "289", 
            "upvotes": "533"
        }, 
        {
            "champName": "Karthus", 
            "downvotes": "236", 
            "upvotes": "398"
        }, 
        {
            "champName": "Leona", 
            "downvotes": "278", 
            "upvotes": "429"
        }, 
        {
            "champName": "Teemo", 
            "downvotes": "113", 
            "upvotes": "189"
        }, 
        {
            "champName": "Annie", 
            "downvotes": "295", 
            "upvotes": "408"
        }, 
        {
            "champName": "Twisted Fate", 
            "downvotes": "107", 
            "upvotes": "171"
        }, 
        {
            "champName": "Ahri", 
            "downvotes": "111", 
            "upvotes": "165"
        }, 
        {
            "champName": "Draven", 
            "downvotes": "37", 
            "upvotes": "78"
        }
    ], 
    "ChampionImageLocation": "http://www.solomid.net/guide/champ/zyra.png", 
    "GoodWith": [
        {
            "champName": "Yasuo", 
            "downvotes": "15", 
            "upvotes": "200"
        }, 
        {
            "champName": "Jinx", 
            "downvotes": "17", 
            "upvotes": "112"
        }, 
        {
            "champName": "Vayne", 
            "downvotes": "19", 
            "upvotes": "109"
        }, 
        {
            "champName": "Caitlyn", 
            "downvotes": "50", 
            "upvotes": "190"
        }, 
        {
            "champName": "Ashe", 
            "downvotes": "338", 
            "upvotes": "959"
        }, 
        {
            "champName": "Corki", 
            "downvotes": "22", 
            "upvotes": "108"
        }, 
        {
            "champName": "Varus", 
            "downvotes": "98", 
            "upvotes": "292"
        }, 
        {
            "champName": "Draven", 
            "downvotes": "26", 
            "upvotes": "103"
        }, 
        {
            "champName": "Amumu", 
            "downvotes": "295", 
            "upvotes": "679"
        }, 
        {
            "champName": "Miss Fortune", 
            "downvotes": "146", 
            "upvotes": "357"
        }
    ]
}