{
    "ChampionName": {
        "lower": "zyra", 
        "pretty": "Zyra"
    }, 
    "WeakAgainst": [
        {
            "champName": "Fizz", 
            "downvotes": "826", 
            "upvotes": "1840"
        }, 
        {
            "champName": "Diana", 
            "downvotes": "353", 
            "upvotes": "630"
        }, 
        {
            "champName": "Katarina", 
            "downvotes": "1078", 
            "upvotes": "1631"
        }, 
        {
            "champName": "Akali", 
            "downvotes": "511", 
            "upvotes": "792"
        }, 
        {
            "champName": "Talon", 
            "downvotes": "165", 
            "upvotes": "291"
        }, 
        {
            "champName": "LeBlanc", 
            "downvotes": "216", 
            "upvotes": "363"
        }, 
        {
            "champName": "Kassadin", 
            "downvotes": "244", 
            "upvotes": "372"
        }, 
        {
            "champName": "Ahri", 
            "downvotes": "139", 
            "upvotes": "234"
        }, 
        {
            "champName": "Ahri", 
            "downvotes": "370", 
            "upvotes": "478"
        }, 
        {
            "champName": "Syndra", 
            "downvotes": "96", 
            "upvotes": "157"
        }
    ], 
    "StrongAgainst": [
        {
            "champName": "Mordekaiser", 
            "downvotes": "574", 
            "upvotes": "1307"
        }, 
        {
            "champName": "Ryze", 
            "downvotes": "385", 
            "upvotes": "724"
        }, 
        {
            "champName": "Thresh", 
            "downvotes": "290", 
            "upvotes": "534"
        }, 
        {
            "champName": "Karthus", 
            "downvotes": "237", 
            "upvotes": "398"
        }, 
        {
            "champName": "Leona", 
            "downvotes": "279", 
            "upvotes": "433"
        }, 
        {
            "champName": "Annie", 
            "downvotes": "295", 
            "upvotes": "411"
        }, 
        {
            "champName": "Teemo", 
            "downvotes": "114", 
            "upvotes": "188"
        }, 
        {
            "champName": "Twisted Fate", 
            "downvotes": "107", 
            "upvotes": "172"
        }, 
        {
            "champName": "Ahri", 
            "downvotes": "111", 
            "upvotes": "166"
        }, 
        {
            "champName": "Draven", 
            "downvotes": "37", 
            "upvotes": "78"
        }
    ], 
    "ChampionImageLocation": "http://www.solomid.net/guide/champ/zyra.png", 
    "GoodWith": [
        {
            "champName": "Yasuo", 
            "downvotes": "15", 
            "upvotes": "202"
        }, 
        {
            "champName": "Jinx", 
            "downvotes": "18", 
            "upvotes": "111"
        }, 
        {
            "champName": "Vayne", 
            "downvotes": "19", 
            "upvotes": "110"
        }, 
        {
            "champName": "Caitlyn", 
            "downvotes": "50", 
            "upvotes": "190"
        }, 
        {
            "champName": "Ashe", 
            "downvotes": "339", 
            "upvotes": "958"
        }, 
        {
            "champName": "Corki", 
            "downvotes": "22", 
            "upvotes": "108"
        }, 
        {
            "champName": "Varus", 
            "downvotes": "98", 
            "upvotes": "292"
        }, 
        {
            "champName": "Draven", 
            "downvotes": "25", 
            "upvotes": "105"
        }, 
        {
            "champName": "Amumu", 
            "downvotes": "294", 
            "upvotes": "680"
        }, 
        {
            "champName": "Miss Fortune", 
            "downvotes": "146", 
            "upvotes": "358"
        }
    ]
}