{
  "name": "angular-dragdrop",
  "version": "1.0.6",
  "description": "This directive allows you to use jQuery UI's draggable and droppable plugins with AngularJS.",
  "author": "https://github.com/codef0rmer/angular-dragdrop/contributors",
  "license": "MIT",
  "homepage": "http://codef0rmer.github.io/angular-dragdrop",
  "main": "./src/angular-dragdrop.js",
  "ignore": [
    "**/.*",
    "node_modules",
    "components",
    "test*",
    "demo*",
    "gruntFile.js",
    "package.json"
  ],
  "dependencies": {
    "angular": "~1.x",
    "jquery": "2.x",
    "jquery-ui": "latest"
  },
  "devDependencies": {
    "angular-mocks": "~1.x"
  },
  "_release": "1.0.6",
  "_resolution": {
    "type": "version",
    "tag": "v1.0.6",
    "commit": "4c78cf12cc566ec5464a09f19f8b518c7c7d48e5"
  },
  "_source": "git://github.com/codef0rmer/angular-dragdrop.git",
  "_target": "~1.0.5",
  "_originalSource": "angular-dragdrop"
}